transaction_frequency,transaction_velocity,transaction_value,ownership_change_frequency,historical_owner_count,time_since_previous_transaction,geographical_distance,timestamp_deviation,label,classification,domain,transaction_id,entity_desc,district,mandal
1.4095897787533498,0.32269272085638673,1.0131563275496627,0.0,1.0,159.87349959695865,0.5,1.39843056152106,0,LEGITIMATE,LAND_RECORD,AP-VIZ-LAND-1000,Survey No. 115/3,Vizianagaram,Gantyada
8.742991880709537,0.9722682113161837,4.198555428162482,4.0,6.0,9.208493176826037,217.47902714965178,76.81100498881305,1,SUSPICIOUS,SUPPLY_CHAIN,AP-AGRI-440-BATCH-1,Mesta Jute,Anakapalli,Mandal 2
1.2084682704215943,0.19424614296201959,1.4850528582503228,0.0,1.0,17.58966680314004,19.854663919642284,2.1890855344618427,0,LEGITIMATE,SUPPLY_CHAIN,AP-AGRI-830-BATCH-2,Teja Red Chilli,Anakapalli,Mandal 2
2.1044189900245533,0.1850124538827445,1.3179531518435585,0.0,1.0,21.460699877283208,17.512141128144712,1.5682205697285714,0,LEGITIMATE,CERTIFICATE,CUTM-CERT-2026-1003,Skill Competency Credential,Vizianagaram,Bhogapuram
2.054588705240074,0.1011920907154309,1.3912722677827793,1.0,4.0,171.6148064175163,53.035575244259455,1.4447231850253346,0,LEGITIMATE,LAND_RECORD,AP-EAS-LAND-1004,Survey No. 118/2,East Godavari,Mandal 1
6.573202967465118,0.7285870154528743,5.026328092929704,7.0,9.0,0.25143226220697135,239.39391193437004,133.32193283810807,1,SUSPICIOUS,CERTIFICATE,CUTM-CERT-2026-1005,Skill Competency Credential,Visakhapatnam,Anandapuram
12.945274348438872,0.6285304496254018,10.352481335394092,3.0,7.0,5.746540295007387,431.02618522730336,91.8272452246172,1,SUSPICIOUS,SUPPLY_CHAIN,AP-AGRI-625-BATCH-6,Cashew Raw Nut,Anakapalli,Mandal 1
2.104336252126633,0.22264502748143883,1.9809462645701084,1.0,3.0,51.88636991250604,3.4780760853640142,1.5238132101194042,0,LEGITIMATE,CERTIFICATE,CUTM-CERT-2026-1007,B.Tech Degree Certificate,Kakinada,Mandal 2
1.1254530889418373,0.1353361954858192,3.349649800242246,1.0,1.0,219.8382837815163,5.538125521297619,0.9835856548908983,0,LEGITIMATE,LAND_RECORD,AP-VIZ-LAND-1008,Survey No. 237/4,Vizianagaram,Bhogapuram
0.33178432967290106,0.34951416045823913,4.552782374583394,1.0,2.0,34.745801707469624,31.189466223556064,0.7758007900509449,0,LEGITIMATE,SUPPLY_CHAIN,AP-AGRI-649-BATCH-9,Cashew Raw Nut,Visakhapatnam,Anandapuram
1.395474124345641,0.28654141123351784,2.5865046373938982,0.0,2.0,141.6192138033351,16.86923550551937,0.1,0,LEGITIMATE,SUPPLY_CHAIN,AP-AGRI-247-BATCH-10,Mesta Jute,Anakapalli,Mandal 2
0.19609734398133005,0.22381117782302823,1.0062731826406557,2.0,2.0,156.04222051229715,23.01290746222277,1.2655418041042472,0,LEGITIMATE,SUPPLY_CHAIN,AP-AGRI-970-BATCH-11,Cashew Raw Nut,Anakapalli,Mandal 1
1.3416486131994267,0.2197547493215561,3.19905032287945,1.0,1.0,169.99379097976365,7.133646289860799,2.127372562048977,0,LEGITIMATE,LAND_RECORD,AP-KAK-LAND-1012,Survey No. 419/1,Kakinada,Mandal 2
1.6203421185201732,0.14247878607318756,2.5093801145331645,0.0,1.0,10.0,26.857111050177195,1.2165585522099405,0,LEGITIMATE,LAND_RECORD,AP-EAS-LAND-1013,Survey No. 399/1,East Godavari,Mandal 1
0.6798559056695659,0.01,2.667912949369013,0.0,2.0,296.9640847364796,29.240036135731156,1.0153928412993882,0,LEGITIMATE,LAND_RECORD,AP-VIS-LAND-1014,Survey No. 299/1,Visakhapatnam,Padmanabham
8.388199362326851,0.7906595376432763,1.925404273001854,8.0,5.0,0.1,316.24457485622247,48.94372366227699,1,SUSPICIOUS,LAND_RECORD,AP-SRI-LAND-1015,Survey No. 90/4,Srikakulam,Ponduru
5.775578669726927,0.7549326639977618,14.048557157111489,3.0,4.0,5.353697483776078,126.46721750888418,87.90987062342077,1,SUSPICIOUS,SUPPLY_CHAIN,AP-AGRI-912-BATCH-16,Banganapalle Mango,Kakinada,Mandal 2
1.2283974247810976,0.1764415622870076,2.52761725557766,0.0,1.0,306.1632376924572,7.748499018637077,2.5119575142596378,0,LEGITIMATE,SUPPLY_CHAIN,AP-AGRI-332-BATCH-17,Teja Red Chilli,East Godavari,Mandal 1
1.9134416913440124,0.14688566396121275,1.2781087333420509,0.0,5.0,155.11546776684094,23.247909009989232,0.7882441940835624,0,LEGITIMATE,SUPPLY_CHAIN,AP-AGRI-648-BATCH-18,Mesta Jute,Srikakulam,Laveru
1.3644547882936975,0.2443163662873319,2.2369723944728546,0.0,2.0,458.06985450890056,34.28837005016426,2.834669536343023,0,LEGITIMATE,LAND_RECORD,AP-EAS-LAND-1019,Survey No. 242/3,East Godavari,Mandal 2
0.6551757260794995,0.10011179922965122,1.4831971204804828,0.0,1.0,193.45027318650884,25.540567529890982,1.2131551867957553,0,LEGITIMATE,LAND_RECORD,AP-VIZ-LAND-1020,Survey No. 410/4,Vizianagaram,Denkada
1.692881886655651,0.21148830123970952,2.4544659303645284,0.0,5.0,263.9173900127188,17.016363352764373,1.726620750883599,0,LEGITIMATE,SUPPLY_CHAIN,AP-AGRI-817-BATCH-21,Cashew Raw Nut,Anakapalli,Mandal 2
2.4005831168800076,0.07657971700659885,4.529166690470491,0.0,2.0,10.0,0.5,0.8643076154647951,0,LEGITIMATE,SUPPLY_CHAIN,AP-AGRI-707-BATCH-22,Cashew Raw Nut,Kakinada,Mandal 1
1.1843432599387405,0.15160298326930494,4.256846373600043,0.0,1.0,209.80166171694856,0.8977450871962018,1.0493923440010442,0,LEGITIMATE,SUPPLY_CHAIN,AP-AGRI-866-BATCH-23,Cashew Raw Nut,Srikakulam,Laveru
11.470855512020298,0.7449794791171964,4.91293925290253,5.0,8.0,1.9511136762015422,184.96222994444832,95.26355570075577,1,SUSPICIOUS,SUPPLY_CHAIN,AP-AGRI-610-BATCH-24,Cashew Raw Nut,Srikakulam,Ranastalam
1.9315815112402732,0.11356150009161461,1.3266268328103534,0.0,4.0,10.660081144237813,35.62452816360428,1.6623784946468185,0,LEGITIMATE,CERTIFICATE,CUTM-CERT-2026-1025,Skill Competency Credential,Visakhapatnam,Padmanabham
1.8465820711014433,0.14775335399167744,3.2692929915051367,0.0,5.0,148.97986418289605,9.118688514533586,2.974971571613919,0,LEGITIMATE,CERTIFICATE,CUTM-CERT-2026-1026,Organic Farming Certification,East Godavari,Mandal 2
2.934049216395236,0.13999644673120926,3.3183128093307954,0.0,2.0,181.5389792368476,21.77926515063666,0.5785183127197185,0,LEGITIMATE,SUPPLY_CHAIN,AP-AGRI-359-BATCH-27,Cashew Raw Nut,Srikakulam,Ranastalam
1.9139271455735039,0.09959339917954643,1.1531362995092116,0.0,1.0,206.45991977896375,26.96323622871092,2.3113176772475033,0,LEGITIMATE,LAND_RECORD,AP-ANA-LAND-1028,Survey No. 378/3,Anakapalli,Mandal 2
2.136522661234136,0.1741241845450323,2.327406365890069,0.0,2.0,51.253716339457796,3.308002753857619,1.8412076333866472,0,LEGITIMATE,LAND_RECORD,AP-KAK-LAND-1029,Survey No. 168/3,Kakinada,Mandal 1
0.8478191435974711,0.10042856135887906,1.8845737530263653,1.0,3.0,60.895801962484576,1.4805639530768844,2.0756386201867656,0,LEGITIMATE,SUPPLY_CHAIN,AP-AGRI-632-BATCH-30,Mesta Jute,Srikakulam,Laveru
9.803590124410425,0.8673621234390492,5.11188059585075,3.0,4.0,2.158181295459061,284.5540947364323,142.94466558899907,1,SUSPICIOUS,LAND_RECORD,AP-ANA-LAND-1031,Survey No. 308/4,Anakapalli,Mandal 2
1.6108914094640328,0.14069866837517073,1.2291691403314688,0.0,3.0,563.7890117654774,6.925382914376013,0.3130327972300436,0,LEGITIMATE,LAND_RECORD,AP-VIZ-LAND-1032,Survey No. 402/4,Vizianagaram,Cheepurupalli
1.5558924494260937,0.05266252652908743,4.398348466761733,0.0,2.0,258.2984299764502,11.494307715833148,0.15772886952995502,0,LEGITIMATE,LAND_RECORD,AP-ANA-LAND-1033,Survey No. 266/4,Anakapalli,Mandal 1
1.5943547558935092,0.23839523911661803,1.8612251351813425,2.0,3.0,34.82836427908724,7.742457945350574,2.754096103055709,0,LEGITIMATE,CERTIFICATE,CUTM-CERT-2026-1034,Organic Farming Certification,East Godavari,Mandal 2
1.8475392184185349,0.15329648534252957,1.5102820749668373,0.0,2.0,139.52635299669234,36.08989157283456,1.2471958325225674,0,LEGITIMATE,LAND_RECORD,AP-ANA-LAND-1035,Survey No. 76/4,Anakapalli,Mandal 1
3.1390683654122267,0.11390597142084682,5.0,0.0,2.0,40.794322648900284,2.969998364802495,2.684330802181325,0,LEGITIMATE,SUPPLY_CHAIN,AP-AGRI-524-BATCH-36,Cashew Raw Nut,Vizianagaram,Vizianagaram Rural
4.0,0.5556340681789171,11.01003968089429,7.0,9.0,0.4411016067052671,387.8214184254558,55.767375366108595,1,SUSPICIOUS,CERTIFICATE,CUTM-CERT-2026-1037,Land Title Deed (Pattadar),Kakinada,Mandal 1
5.596650707718218,0.5,12.381040111708444,4.0,7.0,0.15320450642762165,193.47912070437127,63.59898927459824,1,SUSPICIOUS,SUPPLY_CHAIN,AP-AGRI-924-BATCH-38,Teja Red Chilli,East Godavari,Mandal 2
2.0030282775384745,0.1797860448048244,3.435245488260994,0.0,1.0,130.35687406125336,23.06206326743712,2.0344871383060465,0,LEGITIMATE,LAND_RECORD,AP-VIZ-LAND-1039,Survey No. 84/1,Vizianagaram,Gantyada
0.1,0.21311263067065916,0.735179892657105,1.0,1.0,222.19152671782487,1.3946525253791886,1.9409646904725364,0,LEGITIMATE,CERTIFICATE,CUTM-CERT-2026-1040,Organic Farming Certification,East Godavari,Mandal 2
1.3280512767928438,0.1532944016279342,2.4468959191925155,0.0,1.0,236.9873244314567,23.255791424863663,0.8588481644526198,0,LEGITIMATE,SUPPLY_CHAIN,AP-AGRI-937-BATCH-41,Banganapalle Mango,Visakhapatnam,Pendurthi
2.055174142323284,0.08142588769780561,3.1819776483778552,0.0,1.0,327.68338521939654,55.52939182266747,0.1,0,LEGITIMATE,LAND_RECORD,AP-EAS-LAND-1042,Survey No. 208/1,East Godavari,Mandal 1
8.66805646996125,1.0,14.327552588646418,3.0,5.0,7.103050657347102,353.1581167552467,41.289081921653825,1,SUSPICIOUS,SUPPLY_CHAIN,AP-AGRI-861-BATCH-43,Mesta Jute,Anakapalli,Mandal 1
1.5732106571524989,0.10822092163659945,2.9192833943864374,1.0,5.0,38.91011515635397,19.040220735065283,0.6593916682951747,0,LEGITIMATE,LAND_RECORD,AP-EAS-LAND-1044,Survey No. 255/3,East Godavari,Mandal 1
1.802095303839969,0.16686916816704697,2.1357911944315453,0.0,1.0,50.37683573918503,2.7796928307576856,2.320631404249043,0,LEGITIMATE,SUPPLY_CHAIN,AP-AGRI-568-BATCH-45,Mesta Jute,East Godavari,Mandal 1
1.5118531744486536,0.01,1.6129874087625464,0.0,4.0,128.7051456709574,3.1595616187936058,1.0363845911460552,0,LEGITIMATE,CERTIFICATE,CUTM-CERT-2026-1046,Land Title Deed (Pattadar),Vizianagaram,Cheepurupalli
3.101646365336318,0.18894548377194267,2.2214396732807904,0.0,1.0,762.5512909356767,4.356003890513619,0.36400723146798986,0,LEGITIMATE,SUPPLY_CHAIN,AP-AGRI-836-BATCH-47,Teja Red Chilli,Srikakulam,Ponduru
1.9846020430495637,0.16587049285011515,1.2136600157351438,0.0,2.0,107.72505346458765,60.0,0.8636428500740339,0,LEGITIMATE,CERTIFICATE,CUTM-CERT-2026-1048,Skill Competency Credential,Srikakulam,Etcherla
0.32443266075579014,0.10316971984215652,1.3472371394322884,0.0,3.0,319.0369215672659,23.4998442627617,0.6853266387001026,0,LEGITIMATE,LAND_RECORD,AP-SRI-LAND-1049,Survey No. 268/2,Srikakulam,Etcherla
0.6995718210427317,0.19521227030478155,2.494854325351275,1.0,1.0,471.6281313818348,2.7229303271149288,1.0339461081286505,0,LEGITIMATE,CERTIFICATE,CUTM-CERT-2026-1050,Land Title Deed (Pattadar),East Godavari,Mandal 1
0.6660896039257611,0.22964314625301457,1.3436970793601701,0.0,1.0,52.56152656892923,15.073115247295085,1.2013782403854831,0,LEGITIMATE,SUPPLY_CHAIN,AP-AGRI-416-BATCH-51,Teja Red Chilli,Anakapalli,Mandal 1
2.7538498478623388,0.26759497847529845,3.056759356734751,0.0,3.0,118.0694839035446,2.9867891135137916,1.2731278185291866,0,LEGITIMATE,LAND_RECORD,AP-SRI-LAND-1052,Survey No. 235/4,Srikakulam,Laveru
6.828766295267156,0.8546928238722228,15.0,4.0,4.0,1.6365646147817163,214.56284650331645,46.14615822603172,1,SUSPICIOUS,CERTIFICATE,CUTM-CERT-2026-1053,Organic Farming Certification,Anakapalli,Mandal 2
3.2899288127046153,0.2630010455968805,1.1876452955222228,1.0,1.0,499.46720606866324,9.644698561475202,2.0501353116797585,0,LEGITIMATE,CERTIFICATE,CUTM-CERT-2026-1054,Organic Farming Certification,Vizianagaram,Cheepurupalli
2.1838995445808598,0.01,1.6339049042444074,0.0,2.0,139.66271762024834,41.0420817026111,2.6908979017258456,0,LEGITIMATE,LAND_RECORD,AP-VIZ-LAND-1055,Survey No. 122/4,Vizianagaram,Bhogapuram
9.517251929249772,0.7374271951758148,5.520564128394744,8.0,7.0,0.112575588922665,250.3617758890548,111.86651590391779,1,SUSPICIOUS,SUPPLY_CHAIN,AP-AGRI-185-BATCH-56,Teja Red Chilli,Srikakulam,Etcherla
1.5342194324002072,0.12679473808501984,4.066719165740034,0.0,3.0,101.26827422183858,0.6500635025462321,0.6252178958713174,0,LEGITIMATE,LAND_RECORD,AP-VIZ-LAND-1057,Survey No. 253/1,Vizianagaram,Gantyada
9.036788492638282,0.7186699851191084,10.150589789511919,3.0,7.0,1.142015271946403,350.8228508422935,61.74210609603368,1,SUSPICIOUS,LAND_RECORD,AP-VIS-LAND-1058,Survey No. 211/2,Visakhapatnam,Pendurthi
1.5375387171056052,0.14754049341915762,2.942057856747979,0.0,2.0,152.90110453267405,42.88541348821101,1.1175018194820765,0,LEGITIMATE,LAND_RECORD,AP-EAS-LAND-1059,Survey No. 126/4,East Godavari,Mandal 1
10.896427570504766,0.7384996791568578,15.0,3.0,9.0,8.913244790229184,314.6869088424986,48.02779939224248,1,SUSPICIOUS,LAND_RECORD,AP-KAK-LAND-1060,Survey No. 441/3,Kakinada,Mandal 1
2.1878815509268654,0.15451973535945862,3.8390924425078206,2.0,2.0,690.9119081559899,22.36351405474166,1.4123514246166862,0,LEGITIMATE,LAND_RECORD,AP-KAK-LAND-1061,Survey No. 231/2,Kakinada,Mandal 2
1.7913764949494821,0.08473386816124538,3.2644522465270143,1.0,2.0,56.25191601745033,5.590762396742223,0.4954966681984617,0,LEGITIMATE,LAND_RECORD,AP-ANA-LAND-1062,Survey No. 198/3,Anakapalli,Mandal 1
0.21770966986350349,0.1531450452819437,1.2220072623591367,2.0,2.0,260.7161109688746,1.70610442509798,0.1,0,LEGITIMATE,CERTIFICATE,CUTM-CERT-2026-1063,Skill Competency Credential,Srikakulam,Laveru
1.4804701990426943,0.10731843794536965,3.831142104838185,0.0,4.0,321.3497957320621,12.679838204084296,1.7922194459932403,0,LEGITIMATE,LAND_RECORD,AP-VIS-LAND-1064,Survey No. 249/1,Visakhapatnam,Bheemunipatnam
12.234972535891695,0.6702707626359998,1.5,5.0,8.0,6.427949148453585,317.588241878432,105.33905666109519,1,SUSPICIOUS,CERTIFICATE,CUTM-CERT-2026-1065,B.Tech Degree Certificate,Srikakulam,Laveru
0.7482475807713722,0.19838332660404542,1.9827210323708444,1.0,2.0,258.2010588589595,0.9020051477053566,1.1681122135117818,0,LEGITIMATE,LAND_RECORD,AP-SRI-LAND-1066,Survey No. 148/4,Srikakulam,Ranastalam
1.6408064111492813,0.14933760928563303,4.134742041362149,0.0,4.0,46.897552349712164,49.60831073938072,0.1,0,LEGITIMATE,LAND_RECORD,AP-EAS-LAND-1067,Survey No. 397/1,East Godavari,Mandal 1
1.1593907189078516,0.09846333996908413,2.7680406590658895,0.0,2.0,52.16934811877279,6.965307433297298,0.6350502430995539,0,LEGITIMATE,SUPPLY_CHAIN,AP-AGRI-191-BATCH-68,Mesta Jute,Srikakulam,Ponduru
2.116238020658689,0.01,1.253636543405519,1.0,2.0,194.14730297477493,42.302453094933085,1.954584217648302,0,LEGITIMATE,LAND_RECORD,AP-KAK-LAND-1069,Survey No. 427/4,Kakinada,Mandal 2
2.0868799201300847,0.011231080245024366,1.0932296823238141,0.0,2.0,46.82681915159716,13.851461916214,1.6886358207094632,0,LEGITIMATE,LAND_RECORD,AP-EAS-LAND-1070,Survey No. 152/2,East Godavari,Mandal 1
2.3717431070405537,0.12810368033457853,3.8722613700894555,0.0,1.0,179.2596940328652,16.621876397648677,1.5696813260148055,0,LEGITIMATE,CERTIFICATE,CUTM-CERT-2026-1071,Organic Farming Certification,Vizianagaram,Vizianagaram Rural
8.669021996945514,0.8512460623423133,15.0,3.0,7.0,0.18188776760172917,268.94533192593696,68.83647940697084,1,SUSPICIOUS,LAND_RECORD,AP-VIS-LAND-1072,Survey No. 112/3,Visakhapatnam,Padmanabham
2.4995354327321424,0.048472830811215006,0.9886808836167087,0.0,2.0,98.31141750485904,19.250309730272306,0.4332490295464082,0,LEGITIMATE,LAND_RECORD,AP-SRI-LAND-1073,Survey No. 173/3,Srikakulam,Etcherla
1.882843539371743,0.21001186105858669,1.6688265883953803,0.0,3.0,40.243594187300566,10.093112022060094,2.521380860524893,0,LEGITIMATE,SUPPLY_CHAIN,AP-AGRI-366-BATCH-74,Cashew Raw Nut,Kakinada,Mandal 1
11.92156912950764,0.8628273847730127,15.0,3.0,7.0,2.515144997854147,404.2275228564358,80.01367449460133,1,SUSPICIOUS,LAND_RECORD,AP-SRI-LAND-1075,Survey No. 63/2,Srikakulam,Etcherla
1.820596502909481,0.2268874788896173,2.3966919657040253,0.0,1.0,10.0,5.706380852702486,2.6048594577189927,0,LEGITIMATE,SUPPLY_CHAIN,AP-AGRI-803-BATCH-76,Mesta Jute,Visakhapatnam,Bheemunipatnam
3.4280458543171797,0.21684919423089954,3.4944769525646713,0.0,3.0,12.908274429859992,22.474240170021652,0.5283176008978495,0,LEGITIMATE,LAND_RECORD,AP-KAK-LAND-1077,Survey No. 186/2,Kakinada,Mandal 1
1.1679509753390818,0.16257862747489546,5.0,0.0,1.0,104.65909310188451,12.31164239745656,1.2451605438791546,0,LEGITIMATE,LAND_RECORD,AP-ANA-LAND-1078,Survey No. 211/2,Anakapalli,Mandal 2
8.829045108092448,0.7694627417695475,13.058560880135012,5.0,4.0,0.19917108426256533,252.9825636250994,92.83297215889615,1,SUSPICIOUS,LAND_RECORD,AP-EAS-LAND-1079,Survey No. 183/1,East Godavari,Mandal 1
1.9088005293679262,0.169071069986994,2.2361958549774674,0.0,5.0,81.57762563695441,12.749804587086542,2.4737780007511514,0,LEGITIMATE,LAND_RECORD,AP-KAK-LAND-1080,Survey No. 106/2,Kakinada,Mandal 1
1.0222265693577093,0.14304320195151832,3.3165649713893055,2.0,3.0,14.989065398338314,51.75680356672961,1.0287111820982038,0,LEGITIMATE,SUPPLY_CHAIN,AP-AGRI-575-BATCH-81,Teja Red Chilli,Srikakulam,Etcherla
1.2725306937498355,0.17655963947655476,1.5220620652110453,0.0,2.0,526.9258758483237,0.5,2.0398590492259823,0,LEGITIMATE,CERTIFICATE,CUTM-CERT-2026-1082,Land Title Deed (Pattadar),Vizianagaram,Bhogapuram
2.0878203426111743,0.17652333561069541,1.9466359192907732,0.0,1.0,403.5035178648791,11.75072296432991,1.537943023414397,0,LEGITIMATE,SUPPLY_CHAIN,AP-AGRI-406-BATCH-83,Banganapalle Mango,Visakhapatnam,Padmanabham
3.462224585018502,0.1291817095549503,5.0,1.0,4.0,114.82700525482515,1.6540153423678987,0.6840344560581063,0,LEGITIMATE,LAND_RECORD,AP-EAS-LAND-1084,Survey No. 179/1,East Godavari,Mandal 2
2.3918381759372975,0.08868305326418648,2.665790274187503,0.0,4.0,63.5881909714607,31.865800139265307,2.2736242765955814,0,LEGITIMATE,CERTIFICATE,CUTM-CERT-2026-1085,Organic Farming Certification,Vizianagaram,Cheepurupalli
10.502133576544656,0.9975939941855001,13.87442345205328,4.0,6.0,3.0085047772693496,366.2983151020544,66.52234457040801,1,SUSPICIOUS,SUPPLY_CHAIN,AP-AGRI-300-BATCH-86,Mesta Jute,Srikakulam,Ponduru
1.9625129261467038,0.04505574673782309,1.846475186003739,1.0,2.0,388.30006569999074,7.568078975390979,1.715382339634282,0,LEGITIMATE,LAND_RECORD,AP-VIZ-LAND-1087,Survey No. 317/4,Vizianagaram,Bhogapuram
2.1887521599560027,0.11408979037756921,3.132446613106372,0.0,1.0,42.15851672583822,59.61552255086076,1.2355839511734767,0,LEGITIMATE,LAND_RECORD,AP-KAK-LAND-1088,Survey No. 306/3,Kakinada,Mandal 2
6.73667626823126,0.6909542556546187,15.0,3.0,7.0,3.854297252103092,333.5755939571468,100.3202842797176,1,SUSPICIOUS,LAND_RECORD,AP-SRI-LAND-1089,Survey No. 85/1,Srikakulam,Laveru
3.0934775090692317,0.2021232496515167,3.4719164350492075,0.0,2.0,105.9184388143015,16.7418361592029,1.2555069649102266,0,LEGITIMATE,LAND_RECORD,AP-KAK-LAND-1090,Survey No. 393/1,Kakinada,Mandal 1
1.5600496943949345,0.09244147632171618,2.3233254256454727,0.0,3.0,12.360653108540516,0.5,1.491304717498868,0,LEGITIMATE,LAND_RECORD,AP-SRI-LAND-1091,Survey No. 380/2,Srikakulam,Ranastalam
2.807093837651462,0.1704154681404813,1.2591312036639104,0.0,2.0,305.95938879910614,25.77533570979352,2.4768268786731715,0,LEGITIMATE,LAND_RECORD,AP-ANA-LAND-1092,Survey No. 241/2,Anakapalli,Mandal 1
1.0006432417003173,0.1906182761310602,2.6111141388209766,0.0,5.0,275.19541285588895,0.7095226803260107,0.7953609953752485,0,LEGITIMATE,CERTIFICATE,CUTM-CERT-2026-1093,B.Tech Degree Certificate,Anakapalli,Mandal 2
1.7310601608434035,0.1493676387701411,1.3803598769772336,0.0,3.0,49.904596679568066,2.57857151391239,2.0567811174561657,0,LEGITIMATE,LAND_RECORD,AP-VIZ-LAND-1094,Survey No. 105/3,Vizianagaram,Vizianagaram Rural
6.910552370027094,0.86297490923724,3.471632523781365,5.0,8.0,0.9760659836762623,280.9034518791647,87.55147666590082,1,SUSPICIOUS,LAND_RECORD,AP-VIS-LAND-1095,Survey No. 48/3,Visakhapatnam,Pendurthi
2.5344215350089447,0.08072480929341712,1.8666778687942092,0.0,1.0,73.93253402772899,8.752086417932084,1.5351156563801578,0,LEGITIMATE,CERTIFICATE,CUTM-CERT-2026-1096,Land Title Deed (Pattadar),Kakinada,Mandal 1
1.863342847139512,0.14559183207661686,2.1555905161580626,0.0,1.0,26.807533789378983,0.5,0.3030863620747959,0,LEGITIMATE,SUPPLY_CHAIN,AP-AGRI-520-BATCH-97,Teja Red Chilli,Vizianagaram,Denkada
3.1977116241842505,0.26826231485728474,3.4265236249824533,1.0,1.0,60.81844544797004,16.302262447937206,0.1,0,LEGITIMATE,LAND_RECORD,AP-ANA-LAND-1098,Survey No. 78/1,Anakapalli,Mandal 1
0.5695901260503582,0.05176675594465252,2.1272721854716425,1.0,2.0,302.85325771764786,3.9117764039103013,1.1040121477693547,0,LEGITIMATE,LAND_RECORD,AP-VIZ-LAND-1099,Survey No. 330/2,Vizianagaram,Gantyada
2.9556495525618747,0.19342865795820768,1.692992443186937,0.0,4.0,138.69582499711763,6.825789340617784,2.039801439421307,0,LEGITIMATE,SUPPLY_CHAIN,AP-AGRI-493-BATCH-100,Banganapalle Mango,Vizianagaram,Vizianagaram Rural
2.5211367822069115,0.22807872402352414,1.47766430373943,0.0,3.0,96.8227274796622,0.5556265347642497,0.6567260572070442,0,LEGITIMATE,LAND_RECORD,AP-KAK-LAND-1101,Survey No. 65/2,Kakinada,Mandal 1
1.292772263937593,0.19373336260931878,2.997093633240607,1.0,2.0,488.44447229311396,43.750411711839,2.7424020424476154,0,LEGITIMATE,SUPPLY_CHAIN,AP-AGRI-200-BATCH-102,Teja Red Chilli,Srikakulam,Etcherla
1.0322500950817524,0.08982713055459837,4.533741672147408,0.0,2.0,673.5484846862215,9.97484793099058,1.6863910225372876,0,LEGITIMATE,CERTIFICATE,CUTM-CERT-2026-1103,Organic Farming Certification,Srikakulam,Laveru
2.682656126494089,0.21236235366171602,2.181731623687225,1.0,2.0,59.78570922302047,44.34103415945463,2.2036179821013033,0,LEGITIMATE,SUPPLY_CHAIN,AP-AGRI-848-BATCH-104,Banganapalle Mango,Vizianagaram,Denkada
2.0974761282053045,0.21716544726194015,3.8914704677103025,0.0,4.0,19.569943218082653,23.223134449049528,1.7223433974222147,0,LEGITIMATE,CERTIFICATE,CUTM-CERT-2026-1105,B.Tech Degree Certificate,Visakhapatnam,Bheemunipatnam
1.1265362185608612,0.10070599326603809,2.9488903884681377,0.0,2.0,22.043314458505087,8.938690604577967,0.4662808977348567,0,LEGITIMATE,SUPPLY_CHAIN,AP-AGRI-905-BATCH-106,Banganapalle Mango,Visakhapatnam,Bheemunipatnam
1.1661646612479575,0.1145590277406826,2.9962008586629465,0.0,5.0,47.32129630783973,19.51517449866272,0.7514984813706913,0,LEGITIMATE,SUPPLY_CHAIN,AP-AGRI-655-BATCH-107,Cashew Raw Nut,Kakinada,Mandal 1
1.5271331377909625,0.20978176409147642,4.857836948864468,0.0,1.0,77.9579578264447,12.270200475639738,0.5631516145399078,0,LEGITIMATE,LAND_RECORD,AP-VIZ-LAND-1108,Survey No. 418/3,Vizianagaram,Bhogapuram
1.202729654608826,0.21929801606868227,4.110194858526443,0.0,3.0,10.133159870371157,14.631731743650114,1.6594283562864462,0,LEGITIMATE,LAND_RECORD,AP-KAK-LAND-1109,Survey No. 115/2,Kakinada,Mandal 1
1.8203769626036685,0.20459140078502341,2.7439511688598217,0.0,1.0,172.62752371224195,0.5,1.1824194947358084,0,LEGITIMATE,LAND_RECORD,AP-SRI-LAND-1110,Survey No. 198/3,Srikakulam,Ponduru
3.037550939505918,0.09464530430603119,1.9613614387399763,1.0,3.0,147.84112686632733,4.521208629883325,1.197017601611442,0,LEGITIMATE,SUPPLY_CHAIN,AP-AGRI-436-BATCH-111,Teja Red Chilli,Anakapalli,Mandal 1
9.717326102733349,0.7331539760445375,15.0,6.0,12.0,3.2468101625509895,299.9017379348881,84.35251558304707,1,SUSPICIOUS,LAND_RECORD,AP-VIS-LAND-1112,Survey No. 303/1,Visakhapatnam,Anandapuram
2.6241883222843856,0.04883664064416686,2.815740206386369,0.0,2.0,157.8255935590467,6.534965613188561,1.9792272551117893,0,LEGITIMATE,SUPPLY_CHAIN,AP-AGRI-497-BATCH-113,Cashew Raw Nut,Kakinada,Mandal 2
1.7877060214657878,0.07015811253648976,3.7876829156324416,0.0,1.0,37.18814304894501,3.244821229788892,1.6633561887502322,0,LEGITIMATE,LAND_RECORD,AP-SRI-LAND-1114,Survey No. 32/3,Srikakulam,Laveru
0.9705393635080829,0.038243035379909474,1.472303839316298,0.0,3.0,318.6097952417231,60.0,0.8586384866377486,0,LEGITIMATE,SUPPLY_CHAIN,AP-AGRI-819-BATCH-115,Banganapalle Mango,Srikakulam,Etcherla
1.0759843638279207,0.21611258479146062,2.6665893555475524,0.0,2.0,140.13792813300486,6.362862406559392,1.4915395065342762,0,LEGITIMATE,LAND_RECORD,AP-ANA-LAND-1116,Survey No. 415/3,Anakapalli,Mandal 2
7.776669282345946,0.7043645896901886,2.230359835339552,3.0,8.0,4.350471993085943,147.03031334069345,75.64048899225087,1,SUSPICIOUS,CERTIFICATE,CUTM-CERT-2026-1117,Organic Farming Certification,Kakinada,Mandal 2
0.7863109184094668,0.1833094518511164,1.018313106148037,0.0,3.0,31.474865044239277,7.960933269184184,0.9688901263181484,0,LEGITIMATE,LAND_RECORD,AP-EAS-LAND-1118,Survey No. 191/1,East Godavari,Mandal 1
1.9733661307762602,0.038506201250706265,1.4638769633958628,0.0,2.0,77.93759930586246,18.81811577647722,1.341886322928359,0,LEGITIMATE,SUPPLY_CHAIN,AP-AGRI-734-BATCH-119,Cashew Raw Nut,East Godavari,Mandal 2
2.179816124304372,0.11241078006243418,2.247152168915017,0.0,1.0,26.542291804726094,26.803418919468456,0.1788231587442768,0,LEGITIMATE,SUPPLY_CHAIN,AP-AGRI-152-BATCH-120,Cashew Raw Nut,Visakhapatnam,Pendurthi
1.07088865716511,0.17923898760308038,0.7398215129688983,0.0,1.0,21.589597606827095,6.881250379333207,0.7379881007932423,0,LEGITIMATE,LAND_RECORD,AP-VIS-LAND-1121,Survey No. 51/1,Visakhapatnam,Anandapuram
0.744872046558867,0.39476249831974586,1.9862852509421358,0.0,1.0,51.531368251973035,4.349387587981421,1.1927487940578136,0,LEGITIMATE,CERTIFICATE,CUTM-CERT-2026-1122,Organic Farming Certification,Srikakulam,Ranastalam
0.7555259151689058,0.03253889921049222,0.7683201491626718,0.0,1.0,179.20729892139914,10.586398199265394,2.252045017165301,0,LEGITIMATE,CERTIFICATE,CUTM-CERT-2026-1123,Organic Farming Certification,Anakapalli,Mandal 1
1.3603537413922382,0.1598992011529112,2.0958461823146517,2.0,1.0,144.02608876237662,14.163348964674423,1.570087014644149,0,LEGITIMATE,SUPPLY_CHAIN,AP-AGRI-930-BATCH-124,Cashew Raw Nut,Anakapalli,Mandal 2
1.5141667860213317,0.15755759934557106,1.6152537127372846,1.0,4.0,110.65380374952511,19.566946722910423,0.49061949373388514,0,LEGITIMATE,CERTIFICATE,CUTM-CERT-2026-1125,Land Title Deed (Pattadar),Visakhapatnam,Anandapuram
1.674941381690277,0.1931443642354299,2.2222055157227074,1.0,3.0,10.923088933127053,15.510013667241552,3.188777691673642,0,LEGITIMATE,LAND_RECORD,AP-VIZ-LAND-1126,Survey No. 164/3,Vizianagaram,Cheepurupalli
0.8110638812753436,0.18742558263277256,1.7394440072275712,0.0,3.0,163.85741301207753,0.5579415495985295,1.2175861844575868,0,LEGITIMATE,CERTIFICATE,CUTM-CERT-2026-1127,Land Title Deed (Pattadar),East Godavari,Mandal 2
1.4624372649079553,0.30607547861493534,1.387540953432082,0.0,1.0,10.0,8.077038713929314,0.9984171048921545,0,LEGITIMATE,CERTIFICATE,CUTM-CERT-2026-1128,Land Title Deed (Pattadar),Visakhapatnam,Padmanabham
0.8995246654414121,0.07991524287115372,1.419464773109553,0.0,1.0,62.866932401262694,27.41007720114197,1.6789367438975815,0,LEGITIMATE,SUPPLY_CHAIN,AP-AGRI-120-BATCH-129,Banganapalle Mango,East Godavari,Mandal 1
2.099457478772993,0.14047771947198998,2.1043814645467616,2.0,2.0,195.11907700526058,53.548652687297974,3.0316297958772402,0,LEGITIMATE,CERTIFICATE,CUTM-CERT-2026-1130,Land Title Deed (Pattadar),East Godavari,Mandal 2
2.388154113885938,0.03991653347414814,3.0124768152728048,0.0,2.0,118.01000749774012,1.3603461306421494,1.3377417727140553,0,LEGITIMATE,SUPPLY_CHAIN,AP-AGRI-684-BATCH-131,Cashew Raw Nut,Vizianagaram,Vizianagaram Rural
1.6173701238994052,0.2390927765393039,2.6786262087325743,1.0,2.0,170.13746412996218,10.16924496778422,1.9724963420417667,0,LEGITIMATE,SUPPLY_CHAIN,AP-AGRI-540-BATCH-132,Cashew Raw Nut,Srikakulam,Etcherla
11.545801382159741,0.6460792748512776,12.95004790183555,4.0,8.0,0.282457416420111,255.81453609442656,77.96826336372787,1,SUSPICIOUS,SUPPLY_CHAIN,AP-AGRI-771-BATCH-133,Banganapalle Mango,Visakhapatnam,Anandapuram
2.1235487423074373,0.08726861652236728,2.1210118414771215,2.0,1.0,81.13035947389035,19.846029551199184,1.7529348282063095,0,LEGITIMATE,LAND_RECORD,AP-VIZ-LAND-1134,Survey No. 20/2,Vizianagaram,Denkada
1.3801753856167949,0.0872593192867856,2.6940046047047863,0.0,1.0,75.82140113123374,3.6398514613636057,0.6172617619384079,0,LEGITIMATE,SUPPLY_CHAIN,AP-AGRI-687-BATCH-135,Teja Red Chilli,Anakapalli,Mandal 1
1.85853475418739,0.11475937113216052,1.2601150197571387,1.0,1.0,541.2220012796698,15.659342865672087,0.9744307175642049,0,LEGITIMATE,LAND_RECORD,AP-EAS-LAND-1136,Survey No. 153/3,East Godavari,Mandal 1
1.8249035338892374,0.1826182695694431,1.4560648845173128,0.0,4.0,744.3653661562242,3.1459829681914853,0.9717996539216729,0,LEGITIMATE,SUPPLY_CHAIN,AP-AGRI-382-BATCH-137,Banganapalle Mango,Anakapalli,Mandal 2
10.138603791174226,0.7706268459191978,4.878560687603559,3.0,12.0,1.7186851549923003,275.57536037223485,69.25053883251132,1,SUSPICIOUS,SUPPLY_CHAIN,AP-AGRI-465-BATCH-138,Mesta Jute,Vizianagaram,Cheepurupalli
2.580214711204164,0.12084981656854064,3.4321370626317105,1.0,3.0,233.8857077267236,8.258552422122962,1.7220437619308275,0,LEGITIMATE,LAND_RECORD,AP-ANA-LAND-1139,Survey No. 178/2,Anakapalli,Mandal 1
1.552469680870449,0.1407357192022587,1.4514782814421021,0.0,1.0,10.980839763624596,15.856729991844604,2.5800263536276544,0,LEGITIMATE,LAND_RECORD,AP-VIZ-LAND-1140,Survey No. 95/1,Vizianagaram,Denkada
0.9846203324772721,0.2195808949731965,2.909993117627479,0.0,3.0,300.93838124879835,0.5,1.5136774442078256,0,LEGITIMATE,LAND_RECORD,AP-ANA-LAND-1141,Survey No. 325/3,Anakapalli,Mandal 1
1.5766253820923715,0.22242075211951637,3.900341096364603,1.0,2.0,98.98280902603192,19.810387756509034,2.1829664511793876,0,LEGITIMATE,SUPPLY_CHAIN,AP-AGRI-136-BATCH-142,Mesta Jute,Vizianagaram,Denkada
2.3564525770409395,0.08713629844937815,1.5409026315730914,0.0,4.0,27.06173873404521,60.0,1.0767465134181489,0,LEGITIMATE,LAND_RECORD,AP-KAK-LAND-1143,Survey No. 179/1,Kakinada,Mandal 1
0.9123902582092022,0.26415878137811755,1.8799812406918823,0.0,1.0,87.33371450311608,7.050514842093162,2.1957661326661873,0,LEGITIMATE,LAND_RECORD,AP-SRI-LAND-1144,Survey No. 426/3,Srikakulam,Ranastalam
0.787021269303839,0.1239441511941017,2.179512844628901,0.0,1.0,142.30002674011251,10.299917389314546,0.9770833406802351,0,LEGITIMATE,LAND_RECORD,AP-EAS-LAND-1145,Survey No. 428/2,East Godavari,Mandal 1
1.5721184919363278,0.17163883088881593,1.895208265210635,0.0,3.0,373.73875282387627,16.95243270846037,1.1951034821745152,0,LEGITIMATE,LAND_RECORD,AP-VIS-LAND-1146,Survey No. 269/3,Visakhapatnam,Anandapuram
2.04690411411844,0.22634786632733578,2.522243633914784,1.0,1.0,29.393817727706082,28.468972412479474,1.4800242610094039,0,LEGITIMATE,LAND_RECORD,AP-VIZ-LAND-1147,Survey No. 429/2,Vizianagaram,Bhogapuram
1.1554047215336107,0.22967509478578063,2.6660525747594956,0.0,2.0,281.06863195224594,16.491262926799717,2.981125519178498,0,LEGITIMATE,LAND_RECORD,AP-KAK-LAND-1148,Survey No. 441/3,Kakinada,Mandal 2
1.301364054911104,0.2414071378232092,1.311356198512162,0.0,1.0,77.7672365775205,1.1934179369376214,3.0325793838534754,0,LEGITIMATE,SUPPLY_CHAIN,AP-AGRI-822-BATCH-149,Mesta Jute,Srikakulam,Etcherla
1.8357994409865133,0.1610564103482624,2.8820309485325093,0.0,1.0,121.55080462718557,8.242424977840898,2.3266642842380976,0,LEGITIMATE,SUPPLY_CHAIN,AP-AGRI-493-BATCH-150,Teja Red Chilli,East Godavari,Mandal 1
1.93774326765987,0.012841128360310261,1.5305470002434585,0.0,5.0,77.01130089391616,0.5172547942686052,2.085141444774814,0,LEGITIMATE,CERTIFICATE,CUTM-CERT-2026-1151,Organic Farming Certification,Vizianagaram,Gantyada
1.354369301828435,0.17954864477599236,4.548937668424805,0.0,2.0,38.69306079646805,2.972582741252065,1.2251000849252853,0,LEGITIMATE,LAND_RECORD,AP-VIS-LAND-1152,Survey No. 246/4,Visakhapatnam,Pendurthi
1.696729923831753,0.06256838071210004,0.91086252662622,0.0,2.0,107.77463805232767,12.664247367686132,0.8694593734882359,0,LEGITIMATE,LAND_RECORD,AP-ANA-LAND-1153,Survey No. 366/2,Anakapalli,Mandal 1
2.6102554306147936,0.09568165485184142,2.1677590833189515,1.0,2.0,173.42453924029365,7.892421564674712,1.5536381474682488,0,LEGITIMATE,LAND_RECORD,AP-SRI-LAND-1154,Survey No. 133/2,Srikakulam,Laveru
2.362509513565021,0.32652202457123214,3.411390332323681,0.0,1.0,17.186685437178845,25.644304702765968,1.1804933181648376,0,LEGITIMATE,SUPPLY_CHAIN,AP-AGRI-754-BATCH-155,Banganapalle Mango,Anakapalli,Mandal 2
1.8717872286083868,0.262905358870137,3.8499924342876457,0.0,2.0,250.97582544006715,60.0,0.1,0,LEGITIMATE,LAND_RECORD,AP-EAS-LAND-1156,Survey No. 282/4,East Godavari,Mandal 2
0.1,0.15682971052820704,3.366821531994911,0.0,1.0,370.60289952733996,3.8475916501276624,0.4572939435749299,0,LEGITIMATE,LAND_RECORD,AP-SRI-LAND-1157,Survey No. 68/4,Srikakulam,Etcherla
3.6183716086170827,0.1201272850540894,2.5810376553145074,1.0,1.0,196.0411275355367,0.7731756308534328,0.6602365469889278,0,LEGITIMATE,SUPPLY_CHAIN,AP-AGRI-715-BATCH-158,Cashew Raw Nut,East Godavari,Mandal 1
0.878218852259231,0.2774329671298246,4.517492744017148,0.0,1.0,10.210523495662665,5.175539884941061,1.4941287946218196,0,LEGITIMATE,LAND_RECORD,AP-VIZ-LAND-1159,Survey No. 212/1,Vizianagaram,Denkada
1.239851812378705,0.21019069861701425,2.397350305216277,1.0,1.0,1000.0,11.278610319586626,0.5288684287873483,0,LEGITIMATE,SUPPLY_CHAIN,AP-AGRI-294-BATCH-160,Cashew Raw Nut,Anakapalli,Mandal 2
0.9855683401454104,0.01,1.8135154946156269,0.0,3.0,290.87466764423556,33.919996471375015,1.2248459922903694,0,LEGITIMATE,SUPPLY_CHAIN,AP-AGRI-684-BATCH-161,Cashew Raw Nut,Kakinada,Mandal 2
1.801399549490561,0.1273469336890795,3.474515022702013,0.0,2.0,181.2724841493509,30.917322049721417,0.8975033014941445,0,LEGITIMATE,CERTIFICATE,CUTM-CERT-2026-1162,Organic Farming Certification,Visakhapatnam,Bheemunipatnam
2.590280604904624,0.22316992431894772,2.8953355442611692,0.0,3.0,117.75458866147733,0.5,1.195207315029155,0,LEGITIMATE,LAND_RECORD,AP-VIS-LAND-1163,Survey No. 128/2,Visakhapatnam,Pendurthi
2.8953026151689327,0.17218316249686774,1.5253587688148424,0.0,2.0,141.76830264053706,7.01231129693402,2.2809204958179303,0,LEGITIMATE,LAND_RECORD,AP-VIZ-LAND-1164,Survey No. 425/4,Vizianagaram,Bhogapuram
2.4093889265938087,0.04764025632688816,2.4380404133613194,0.0,3.0,350.45272435692215,14.475895906246063,1.6513975197481428,0,LEGITIMATE,SUPPLY_CHAIN,AP-AGRI-701-BATCH-165,Teja Red Chilli,Visakhapatnam,Anandapuram
0.7661995282079879,0.09445889902015449,0.6927483194832954,2.0,1.0,55.30070335744251,10.701158107101616,1.7283881792214268,0,LEGITIMATE,LAND_RECORD,AP-ANA-LAND-1166,Survey No. 166/3,Anakapalli,Mandal 1
2.1001295069231296,0.01,2.597374632224566,0.0,1.0,230.39564650888275,14.294540754664684,0.1,0,LEGITIMATE,LAND_RECORD,AP-VIZ-LAND-1167,Survey No. 348/2,Vizianagaram,Bhogapuram
1.1168288287195667,0.018200296076204908,3.280107349035441,0.0,3.0,176.93866732599994,8.578427135958723,1.7453809815173358,0,LEGITIMATE,LAND_RECORD,AP-ANA-LAND-1168,Survey No. 271/1,Anakapalli,Mandal 2
2.593576335129691,0.03300340921166778,3.33528703854387,1.0,1.0,169.0454868422352,4.999376823482706,1.489150242691858,0,LEGITIMATE,LAND_RECORD,AP-ANA-LAND-1169,Survey No. 335/2,Anakapalli,Mandal 1
7.39122407205628,0.8643525991427956,15.0,3.0,8.0,9.533673141733043,372.817754958789,123.48801425585816,1,SUSPICIOUS,LAND_RECORD,AP-EAS-LAND-1170,Survey No. 401/1,East Godavari,Mandal 1
3.4097123651261234,0.3637410703805348,1.069353491683273,1.0,3.0,221.43723969601467,9.908297732183879,1.248750055896695,0,LEGITIMATE,SUPPLY_CHAIN,AP-AGRI-275-BATCH-171,Banganapalle Mango,Kakinada,Mandal 1
2.1569287739335747,0.0772801844389026,2.012555118988157,1.0,4.0,59.23606480563179,6.170352102780233,0.9093146155388514,0,LEGITIMATE,CERTIFICATE,CUTM-CERT-2026-1172,Skill Competency Credential,Vizianagaram,Vizianagaram Rural
1.7133334939692384,0.08272406890636334,2.6180396938090515,0.0,3.0,222.36466142440057,14.115744415082599,0.9676396744680827,0,LEGITIMATE,LAND_RECORD,AP-VIZ-LAND-1173,Survey No. 373/2,Vizianagaram,Cheepurupalli
1.3118033236898063,0.09717599071824087,2.7800558884857245,0.0,2.0,24.3783628716609,3.2884293064673953,2.416778734385269,0,LEGITIMATE,SUPPLY_CHAIN,AP-AGRI-751-BATCH-174,Banganapalle Mango,Vizianagaram,Cheepurupalli
1.6742720103179791,0.17053269845698094,1.8973290418813804,1.0,5.0,242.77160943669278,7.239342091243187,0.5980323166776156,0,LEGITIMATE,CERTIFICATE,CUTM-CERT-2026-1175,B.Tech Degree Certificate,Vizianagaram,Denkada
2.218842932952418,0.21994221431352515,1.15738893606111,2.0,4.0,499.1969512927696,4.506937835351075,1.1980930321942957,0,LEGITIMATE,LAND_RECORD,AP-ANA-LAND-1176,Survey No. 397/2,Anakapalli,Mandal 1
0.8294904227108648,0.13262851095389488,1.0200139085417443,0.0,2.0,125.1830860266411,14.585897610346223,1.1851509437910017,0,LEGITIMATE,SUPPLY_CHAIN,AP-AGRI-983-BATCH-177,Cashew Raw Nut,Srikakulam,Laveru
3.839971253890794,0.13706231975670025,1.3951888377530375,1.0,1.0,94.01141664501893,12.22920573076564,1.2949758044264383,0,LEGITIMATE,LAND_RECORD,AP-KAK-LAND-1178,Survey No. 222/1,Kakinada,Mandal 1
1.0394024982865868,0.07757078298545342,2.238834701868749,0.0,1.0,10.0,1.6249465607581874,1.579510859804379,0,LEGITIMATE,CERTIFICATE,CUTM-CERT-2026-1179,B.Tech Degree Certificate,Srikakulam,Ponduru
2.63273540370135,0.2894897493833252,2.9840790362411607,0.0,4.0,86.25146448501243,4.283030763794387,0.7972238352833896,0,LEGITIMATE,LAND_RECORD,AP-VIZ-LAND-1180,Survey No. 361/4,Vizianagaram,Bhogapuram
1.5114954350801226,0.2780037825055687,2.1610812479633164,1.0,1.0,165.82248056729728,60.0,1.7610540625645823,0,LEGITIMATE,LAND_RECORD,AP-ANA-LAND-1181,Survey No. 137/2,Anakapalli,Mandal 2
1.071589763241297,0.16355790969546083,2.0452814775109207,1.0,5.0,221.95128317429214,31.70235591434311,0.9983973796283749,0,LEGITIMATE,CERTIFICATE,CUTM-CERT-2026-1182,Skill Competency Credential,Visakhapatnam,Bheemunipatnam
1.4472295810125728,0.21439044526899032,2.0822765262870653,1.0,2.0,28.524166418065093,25.76662209133619,1.1212711332861693,0,LEGITIMATE,SUPPLY_CHAIN,AP-AGRI-777-BATCH-183,Teja Red Chilli,Visakhapatnam,Padmanabham
12.62121722120818,0.7324926219996506,8.115493473583376,4.0,6.0,6.352233099513389,205.51343526800713,79.41915155313166,1,SUSPICIOUS,LAND_RECORD,AP-EAS-LAND-1184,Survey No. 422/4,East Godavari,Mandal 1
0.39012818359429735,0.13435021353538493,1.6296828222004047,1.0,2.0,69.8149276952494,6.040008274568007,2.200772093668106,0,LEGITIMATE,SUPPLY_CHAIN,AP-AGRI-799-BATCH-185,Banganapalle Mango,Anakapalli,Mandal 1
0.7636244412044888,0.15541370064501675,2.0029888909480156,1.0,3.0,14.34269884843468,15.640650410073405,1.7569724414641954,0,LEGITIMATE,CERTIFICATE,CUTM-CERT-2026-1186,Organic Farming Certification,Srikakulam,Laveru
7.364358109213102,0.6254913180752872,12.241581422457534,3.0,5.0,6.99750930613449,173.27993072393934,118.62841132470885,1,SUSPICIOUS,LAND_RECORD,AP-EAS-LAND-1187,Survey No. 223/1,East Godavari,Mandal 2
1.1736910867309216,0.10347248525747157,5.0,0.0,3.0,76.03366284853931,7.923490027681769,0.5551827630066178,0,LEGITIMATE,LAND_RECORD,AP-KAK-LAND-1188,Survey No. 217/3,Kakinada,Mandal 2
7.373341391441622,1.0,15.0,4.0,12.0,2.820876975271675,226.666146205084,54.171905268324124,1,SUSPICIOUS,LAND_RECORD,AP-EAS-LAND-1189,Survey No. 367/3,East Godavari,Mandal 1
2.118094236750054,0.12983497476773148,1.7786508245670607,0.0,2.0,57.12146333909734,12.987053253926376,1.5429566589047992,0,LEGITIMATE,CERTIFICATE,CUTM-CERT-2026-1190,Land Title Deed (Pattadar),Kakinada,Mandal 1
1.7578237075190992,0.09447653409138865,2.913190658719497,0.0,4.0,28.106621865986934,15.95883375590201,1.0389926910131901,0,LEGITIMATE,LAND_RECORD,AP-VIS-LAND-1191,Survey No. 240/4,Visakhapatnam,Padmanabham
0.8363196967105839,0.15459280571505263,2.0271298641742144,0.0,1.0,113.66720233390404,3.102973132356046,1.2779882503917706,0,LEGITIMATE,LAND_RECORD,AP-KAK-LAND-1192,Survey No. 186/2,Kakinada,Mandal 2
9.351088304258965,0.6987942720362237,4.4419246277889615,3.0,4.0,1.322409375567773,198.63413251684227,107.26368047810533,1,SUSPICIOUS,LAND_RECORD,AP-ANA-LAND-1193,Survey No. 261/3,Anakapalli,Mandal 2
2.0165740991098615,0.27078965464962523,1.4110643187437713,1.0,1.0,43.458087653233854,52.11075836870032,0.1,0,LEGITIMATE,LAND_RECORD,AP-VIS-LAND-1194,Survey No. 261/3,Visakhapatnam,Padmanabham
1.5786301853594926,0.17078462854444076,5.0,2.0,3.0,114.93856948810652,19.94185891429532,0.1,0,LEGITIMATE,SUPPLY_CHAIN,AP-AGRI-423-BATCH-195,Mesta Jute,Visakhapatnam,Anandapuram
1.265859953213663,0.01,1.3183693340936913,0.0,1.0,166.6018265032761,15.97823435233105,0.8550054707257174,0,LEGITIMATE,LAND_RECORD,AP-VIS-LAND-1196,Survey No. 230/4,Visakhapatnam,Bheemunipatnam
2.0683757050474467,0.28778879535965196,3.2533739763694585,0.0,1.0,134.8673304426994,9.258702958453433,1.1701628376347886,0,LEGITIMATE,LAND_RECORD,AP-VIZ-LAND-1197,Survey No. 369/4,Vizianagaram,Denkada
3.584529566824902,0.025799402135995644,1.7668157207017308,0.0,1.0,27.675687168980307,6.122638255900338,2.817914254997663,0,LEGITIMATE,LAND_RECORD,AP-EAS-LAND-1198,Survey No. 54/4,East Godavari,Mandal 1
0.6763101270072027,0.21165590256758104,3.086302925889099,2.0,1.0,68.74444153156814,8.035701159471962,1.432737518657535,0,LEGITIMATE,LAND_RECORD,AP-KAK-LAND-1199,Survey No. 384/2,Kakinada,Mandal 1
1.8911921650310202,0.13650785972796378,2.002160201577932,2.0,1.0,14.444192826483397,17.733832894075256,0.1,0,LEGITIMATE,LAND_RECORD,AP-KAK-LAND-1200,Survey No. 347/3,Kakinada,Mandal 2
1.3252148918913764,0.22289904356551576,1.7101368593275066,0.0,1.0,124.2141290245498,19.91077251897366,0.9835414998809062,0,LEGITIMATE,LAND_RECORD,AP-VIS-LAND-1201,Survey No. 197/3,Visakhapatnam,Pendurthi
9.875596926558012,0.8986275640269337,15.0,5.0,5.0,2.2932707645808144,342.5994982057238,67.88186973275378,1,SUSPICIOUS,SUPPLY_CHAIN,AP-AGRI-642-BATCH-202,Mesta Jute,Anakapalli,Mandal 1
1.6479416892469265,0.17668392093089638,1.7585680490124693,0.0,1.0,103.30198081158905,1.2269947825697836,0.5733621995880823,0,LEGITIMATE,LAND_RECORD,AP-SRI-LAND-1203,Survey No. 327/2,Srikakulam,Ponduru
1.891740478232301,0.14635534985963672,2.4869725348514073,0.0,3.0,46.81996228861949,4.511960515000802,0.7977886639511649,0,LEGITIMATE,LAND_RECORD,AP-VIZ-LAND-1204,Survey No. 334/1,Vizianagaram,Denkada
0.6928839203822406,0.15818053277179325,1.5473402984391258,0.0,3.0,165.95603460517538,10.586396387596587,1.3864562349813963,0,LEGITIMATE,SUPPLY_CHAIN,AP-AGRI-758-BATCH-205,Teja Red Chilli,Kakinada,Mandal 1
1.4312992256376544,0.11062023289876909,2.14001638583592,0.0,1.0,193.68584393035843,0.6945903944127322,0.1,0,LEGITIMATE,SUPPLY_CHAIN,AP-AGRI-168-BATCH-206,Mesta Jute,Kakinada,Mandal 2
1.7063239248387712,0.12709070913078593,1.4141540495193468,1.0,1.0,23.39456949580066,1.525263564378395,0.1,0,LEGITIMATE,SUPPLY_CHAIN,AP-AGRI-435-BATCH-207,Banganapalle Mango,Vizianagaram,Vizianagaram Rural
10.32630357822191,0.8693304447250827,15.0,6.0,9.0,4.695774966037142,235.0673609019613,93.8889857873786,1,SUSPICIOUS,CERTIFICATE,CUTM-CERT-2026-1208,B.Tech Degree Certificate,Srikakulam,Etcherla
2.076856374453756,0.16486676620151325,3.3943103226317364,0.0,2.0,94.3955711732907,28.603249790527663,0.24479787525599928,0,LEGITIMATE,LAND_RECORD,AP-EAS-LAND-1209,Survey No. 210/3,East Godavari,Mandal 2
1.6592267418368187,0.19709626225721205,1.9940528267269557,0.0,2.0,67.93987448375614,25.94770802039126,0.1,0,LEGITIMATE,LAND_RECORD,AP-VIS-LAND-1210,Survey No. 351/3,Visakhapatnam,Anandapuram
2.0259582248652737,0.04585762100691919,3.0262433264324313,0.0,1.0,10.0,39.99464139972585,1.3715800578376227,0,LEGITIMATE,LAND_RECORD,AP-KAK-LAND-1211,Survey No. 169/4,Kakinada,Mandal 1
2.052414174359789,0.3925409932088507,1.3479847803171214,0.0,2.0,180.55622416511224,16.487149634902543,0.10846406089171601,0,LEGITIMATE,LAND_RECORD,AP-EAS-LAND-1212,Survey No. 213/4,East Godavari,Mandal 1
1.6571513394660957,0.21249449641789933,2.2096474938100377,0.0,5.0,18.59008671982827,31.52273566513935,0.1,0,LEGITIMATE,CERTIFICATE,CUTM-CERT-2026-1213,Organic Farming Certification,Visakhapatnam,Padmanabham
3.4942905085731817,0.11350750431077136,1.0025656536628302,0.0,4.0,10.0,10.903849436220442,0.8313005739362154,0,LEGITIMATE,SUPPLY_CHAIN,AP-AGRI-949-BATCH-214,Teja Red Chilli,Visakhapatnam,Bheemunipatnam
1.8087458831093812,0.022638959820683563,2.5415250762233654,1.0,2.0,224.84304666794088,0.5750513737462436,3.082079746515657,0,LEGITIMATE,SUPPLY_CHAIN,AP-AGRI-176-BATCH-215,Teja Red Chilli,East Godavari,Mandal 2
1.0511733120972173,0.2177043249846184,2.077107835374586,0.0,4.0,148.9079181597098,17.567794192904397,1.7856587899408096,0,LEGITIMATE,CERTIFICATE,CUTM-CERT-2026-1216,Land Title Deed (Pattadar),Visakhapatnam,Bheemunipatnam
1.6233381125108617,0.20180911817756492,1.1788313675967008,0.0,2.0,12.242117451435083,43.5891965913561,1.8854467151106344,0,LEGITIMATE,CERTIFICATE,CUTM-CERT-2026-1217,Organic Farming Certification,Srikakulam,Ponduru
0.9238469501257025,0.16267584403997878,4.374711988445072,0.0,1.0,201.39382809459948,2.094930873513576,1.287785574244885,0,LEGITIMATE,LAND_RECORD,AP-KAK-LAND-1218,Survey No. 250/4,Kakinada,Mandal 2
5.864763006530659,0.5854600822707214,10.452055521447218,4.0,5.0,1.611567826589049,271.987957305655,111.70988486496475,1,SUSPICIOUS,CERTIFICATE,CUTM-CERT-2026-1219,Skill Competency Credential,East Godavari,Mandal 1
12.904440951425565,0.9742524370856058,14.289920627114288,4.0,9.0,2.1601262878670333,315.991341106145,71.3061851922274,1,SUSPICIOUS,LAND_RECORD,AP-ANA-LAND-1220,Survey No. 181/2,Anakapalli,Mandal 2
1.1284005728006925,0.1936635007879962,1.5933918726979537,0.0,2.0,99.75887762133033,24.569375604086254,0.9923429475030843,0,LEGITIMATE,LAND_RECORD,AP-VIS-LAND-1221,Survey No. 238/2,Visakhapatnam,Pendurthi
0.7396716569445225,0.21872368465421885,2.4596096392206808,0.0,1.0,88.59217271396562,11.00558452567607,1.5214898125738416,0,LEGITIMATE,SUPPLY_CHAIN,AP-AGRI-566-BATCH-222,Cashew Raw Nut,Kakinada,Mandal 2
2.2830730973348086,0.06637897748812206,2.2492556106286234,0.0,2.0,284.288794538259,21.90691897983371,0.9035680899332312,0,LEGITIMATE,CERTIFICATE,CUTM-CERT-2026-1223,Organic Farming Certification,Visakhapatnam,Bheemunipatnam
2.811588169848574,0.21605709131402479,5.0,0.0,1.0,134.52755543189622,14.253568997045317,1.4298888304299557,0,LEGITIMATE,SUPPLY_CHAIN,AP-AGRI-944-BATCH-224,Mesta Jute,Kakinada,Mandal 2
1.5265256781805632,0.20016876801193323,2.8906970422247147,0.0,2.0,19.749033077526054,9.524949613087724,0.1,0,LEGITIMATE,LAND_RECORD,AP-SRI-LAND-1225,Survey No. 11/4,Srikakulam,Ponduru
0.8422885605280346,0.025103766224889565,1.4920802524661096,1.0,1.0,562.7956037986356,4.039983810650922,2.196003963038689,0,LEGITIMATE,CERTIFICATE,CUTM-CERT-2026-1226,Skill Competency Credential,Visakhapatnam,Anandapuram
2.391069633339724,0.13431965617239872,3.238828781309405,1.0,1.0,71.33381610315911,5.319569783295541,1.5277696046748046,0,LEGITIMATE,LAND_RECORD,AP-KAK-LAND-1227,Survey No. 422/4,Kakinada,Mandal 1
0.9288697486792473,0.2367669113171076,1.6250316987810258,0.0,4.0,30.011182855185933,28.0780732478373,1.286251781002299,0,LEGITIMATE,SUPPLY_CHAIN,AP-AGRI-126-BATCH-228,Teja Red Chilli,Kakinada,Mandal 2
1.3420017063187113,0.17552758672188593,1.8977395259611403,0.0,2.0,10.0,3.7873066855193533,1.4863946056719843,0,LEGITIMATE,LAND_RECORD,AP-ANA-LAND-1229,Survey No. 352/1,Anakapalli,Mandal 1
2.1578552701832745,0.21127643621809863,2.968760708473615,0.0,2.0,225.250531855802,17.864692674976,0.4578891094668789,0,LEGITIMATE,LAND_RECORD,AP-ANA-LAND-1230,Survey No. 22/2,Anakapalli,Mandal 2
1.4304576538729807,0.14794887517218605,5.0,0.0,2.0,50.16028564117593,9.767388393683824,1.7350270084874384,0,LEGITIMATE,LAND_RECORD,AP-VIZ-LAND-1231,Survey No. 362/4,Vizianagaram,Cheepurupalli
2.388215696220177,0.15317548212780493,2.923961628547262,1.0,3.0,310.4121545433349,43.28338218797039,0.5196893599530876,0,LEGITIMATE,CERTIFICATE,CUTM-CERT-2026-1232,Organic Farming Certification,Srikakulam,Ranastalam
8.111241326850475,0.8847584961213555,15.0,3.0,9.0,5.334594639359519,283.9178637262806,93.67790913551832,1,SUSPICIOUS,CERTIFICATE,CUTM-CERT-2026-1233,B.Tech Degree Certificate,Visakhapatnam,Anandapuram
1.24523191867946,0.01,1.2217681185889313,1.0,5.0,228.37162166538215,9.696001041601509,0.1,0,LEGITIMATE,LAND_RECORD,AP-KAK-LAND-1234,Survey No. 25/4,Kakinada,Mandal 1
2.077893913149188,0.16693710273364776,2.6334949789009086,1.0,1.0,68.36646105677401,19.24614056153607,1.5912063639751424,0,LEGITIMATE,LAND_RECORD,AP-EAS-LAND-1235,Survey No. 387/1,East Godavari,Mandal 2
2.3553430646399476,0.1384572497183796,5.0,0.0,3.0,106.45084036219536,26.061756456373818,1.4268280837621046,0,LEGITIMATE,LAND_RECORD,AP-SRI-LAND-1236,Survey No. 146/4,Srikakulam,Ponduru
0.3975343955534405,0.15430020503924016,2.800926157862793,0.0,1.0,72.03607465869419,19.507093125320687,0.9001858165699335,0,LEGITIMATE,SUPPLY_CHAIN,AP-AGRI-799-BATCH-237,Teja Red Chilli,East Godavari,Mandal 2
2.024594752427225,0.18537776496292796,1.8745565393112256,2.0,1.0,57.8357805906324,60.0,0.14815866955425183,0,LEGITIMATE,SUPPLY_CHAIN,AP-AGRI-492-BATCH-238,Teja Red Chilli,Anakapalli,Mandal 1
5.499845721785515,0.6988017431716256,8.073058541114257,5.0,4.0,0.339785762713456,274.05626175789195,84.33048018223215,1,SUSPICIOUS,SUPPLY_CHAIN,AP-AGRI-771-BATCH-239,Mesta Jute,East Godavari,Mandal 1
2.038553985601474,0.09377960321430368,1.9881737214777433,0.0,3.0,176.2287344841319,5.928953019533969,2.110898866277064,0,LEGITIMATE,LAND_RECORD,AP-SRI-LAND-1240,Survey No. 228/3,Srikakulam,Laveru
2.003861991793166,0.04929548322525308,2.14744185421803,0.0,4.0,70.74810116497251,15.375415264129321,0.6161059336566072,0,LEGITIMATE,LAND_RECORD,AP-VIZ-LAND-1241,Survey No. 366/3,Vizianagaram,Gantyada
1.461081396666495,0.01,1.7652241741806771,0.0,1.0,123.76573873709562,1.021787535498234,1.913869229704731,0,LEGITIMATE,CERTIFICATE,CUTM-CERT-2026-1242,Skill Competency Credential,East Godavari,Mandal 2
1.7200530757555141,0.08788204734813088,4.07909215895946,0.0,4.0,293.6096275677378,16.218668291912284,1.1310179303118248,0,LEGITIMATE,SUPPLY_CHAIN,AP-AGRI-614-BATCH-243,Mesta Jute,Visakhapatnam,Anandapuram
2.3276985489535775,0.02617337338080708,2.5451243110331427,1.0,2.0,690.4331202230734,15.69764947894161,3.326016016408298,0,LEGITIMATE,LAND_RECORD,AP-SRI-LAND-1244,Survey No. 179/4,Srikakulam,Etcherla
1.547110702497588,0.2123895690018221,2.0548311235283356,0.0,1.0,115.17709925700498,33.74998402617012,0.5372811879275678,0,LEGITIMATE,LAND_RECORD,AP-SRI-LAND-1245,Survey No. 199/2,Srikakulam,Ponduru
1.6063099369400007,0.11404132561842364,1.8962526114579052,0.0,1.0,164.50786198378998,25.8802486839734,2.0869017579689326,0,LEGITIMATE,LAND_RECORD,AP-ANA-LAND-1246,Survey No. 166/1,Anakapalli,Mandal 1
1.1852933431498744,0.11241307932010183,3.297809221259202,0.0,1.0,150.28704808407494,26.040403025248057,1.5061598033068835,0,LEGITIMATE,LAND_RECORD,AP-VIS-LAND-1247,Survey No. 86/1,Visakhapatnam,Padmanabham
2.8464589178640773,0.33141153631194037,1.3887721866300275,0.0,1.0,54.85152855739319,10.955546581880954,2.3632195224202146,0,LEGITIMATE,LAND_RECORD,AP-ANA-LAND-1248,Survey No. 63/4,Anakapalli,Mandal 1
1.9236013509175978,0.01,1.430876826798819,1.0,3.0,220.9031259808981,34.43144043083214,1.3837029550779578,0,LEGITIMATE,SUPPLY_CHAIN,AP-AGRI-571-BATCH-249,Teja Red Chilli,East Godavari,Mandal 2
1.2080372770628571,0.08524370167221379,2.2370718068015445,1.0,5.0,18.425292079453804,21.348991345959387,2.0737785924544463,0,LEGITIMATE,LAND_RECORD,AP-EAS-LAND-1250,Survey No. 52/2,East Godavari,Mandal 1
1.723190783813997,0.03569476526189773,1.651715039848617,0.0,3.0,12.905659699755798,34.554397180729936,2.8580342917606414,0,LEGITIMATE,LAND_RECORD,AP-VIS-LAND-1251,Survey No. 233/4,Visakhapatnam,Pendurthi
7.22914721364614,0.652811522223258,12.251030214086066,4.0,5.0,2.2570972208529363,351.6701357731798,114.34494193785127,1,SUSPICIOUS,SUPPLY_CHAIN,AP-AGRI-959-BATCH-252,Cashew Raw Nut,Kakinada,Mandal 2
1.9741511168607582,0.14085422655962018,2.697072646019477,1.0,1.0,46.07599032390833,7.547204596538118,0.13143772823840405,0,LEGITIMATE,LAND_RECORD,AP-KAK-LAND-1253,Survey No. 124/3,Kakinada,Mandal 1
0.4342753679423146,0.1689460893430422,1.043055137800656,0.0,1.0,38.53454012790045,3.589502733030333,2.2494977739430504,0,LEGITIMATE,LAND_RECORD,AP-EAS-LAND-1254,Survey No. 230/1,East Godavari,Mandal 1
1.500170524485825,0.24018838093139377,5.0,0.0,1.0,28.466916209380056,9.376979326216121,1.2790731640477195,0,LEGITIMATE,CERTIFICATE,CUTM-CERT-2026-1255,B.Tech Degree Certificate,East Godavari,Mandal 2
2.0700925867895505,0.21158855144442837,5.0,0.0,2.0,204.46750121073686,17.240620682514116,2.460028619930016,0,LEGITIMATE,LAND_RECORD,AP-VIZ-LAND-1256,Survey No. 112/1,Vizianagaram,Denkada
5.747468663114742,0.83882026218347,15.0,3.0,7.0,3.3430898248810257,221.50905185528842,70.19875042207572,1,SUSPICIOUS,SUPPLY_CHAIN,AP-AGRI-410-BATCH-257,Cashew Raw Nut,Vizianagaram,Vizianagaram Rural
2.3400732818333436,0.2815441368186953,0.7691224707135029,1.0,4.0,256.47060453185685,0.8399861654745298,1.599616052198177,0,LEGITIMATE,LAND_RECORD,AP-EAS-LAND-1258,Survey No. 426/4,East Godavari,Mandal 2
1.6705963455183177,0.23378522288590067,2.2344542499367566,0.0,3.0,15.726782362086979,11.642173541290736,0.8685030784550308,0,LEGITIMATE,LAND_RECORD,AP-VIZ-LAND-1259,Survey No. 111/4,Vizianagaram,Denkada
2.857859903293705,0.2546597285503928,1.5405261360678115,1.0,2.0,93.1193529306713,17.551480639582675,0.8429180553289148,0,LEGITIMATE,LAND_RECORD,AP-EAS-LAND-1260,Survey No. 85/2,East Godavari,Mandal 1
0.9484078954332107,0.20894692247360408,1.7805055980622446,0.0,2.0,71.73744679178995,1.1011827797233793,2.017148473814621,0,LEGITIMATE,SUPPLY_CHAIN,AP-AGRI-176-BATCH-261,Cashew Raw Nut,Kakinada,Mandal 2
2.714201219194777,0.207988373724496,3.072551563740569,0.0,2.0,730.2283803464579,10.401502328861943,0.1,0,LEGITIMATE,LAND_RECORD,AP-ANA-LAND-1262,Survey No. 126/1,Anakapalli,Mandal 2
8.208226827787696,0.8554391660035415,3.677860175027744,6.0,5.0,8.510743825966392,264.19501181627976,156.13139585705528,1,SUSPICIOUS,SUPPLY_CHAIN,AP-AGRI-566-BATCH-263,Cashew Raw Nut,Kakinada,Mandal 2
5.648967451566563,0.733773896737995,15.0,6.0,4.0,5.974455822286307,290.3808800042745,88.25901943891446,1,SUSPICIOUS,LAND_RECORD,AP-VIS-LAND-1264,Survey No. 186/4,Visakhapatnam,Bheemunipatnam
2.1040965504821,0.01,2.8729919401246993,0.0,4.0,21.479631458534772,19.17846323769482,0.36109012045966815,0,LEGITIMATE,SUPPLY_CHAIN,AP-AGRI-995-BATCH-265,Mesta Jute,Anakapalli,Mandal 2
1.5366515273515748,0.11466465646616045,2.4208117154988416,0.0,1.0,326.4175081335704,8.168705268000725,0.4336286219810628,0,LEGITIMATE,LAND_RECORD,AP-SRI-LAND-1266,Survey No. 76/2,Srikakulam,Laveru
0.9796198849694437,0.17718468595923445,1.764959124337017,0.0,3.0,98.84716175278517,2.9024626236674815,2.072975021745104,0,LEGITIMATE,LAND_RECORD,AP-ANA-LAND-1267,Survey No. 106/2,Anakapalli,Mandal 1
8.766738885971114,0.7754482678266404,5.645723305271067,4.0,6.0,5.7906553546955335,271.27789726009036,96.08606900261073,1,SUSPICIOUS,SUPPLY_CHAIN,AP-AGRI-849-BATCH-268,Cashew Raw Nut,East Godavari,Mandal 1
1.0213119696116075,0.16738185265828992,3.0204943666872297,0.0,2.0,183.56709559265974,9.288764028492857,0.45780383828057747,0,LEGITIMATE,LAND_RECORD,AP-VIZ-LAND-1269,Survey No. 268/3,Vizianagaram,Cheepurupalli
1.6098279314188955,0.12084572655486067,2.0448588119279396,1.0,2.0,58.92078949444598,19.188647671108345,0.828428179455604,0,LEGITIMATE,LAND_RECORD,AP-KAK-LAND-1270,Survey No. 120/4,Kakinada,Mandal 1
2.1297954053799506,0.01,1.4280430192641875,1.0,2.0,16.698017264708813,0.5,1.4172983367031176,0,LEGITIMATE,SUPPLY_CHAIN,AP-AGRI-515-BATCH-271,Cashew Raw Nut,Anakapalli,Mandal 1
1.760251763925116,0.010759760877774749,1.5252779287081892,1.0,1.0,203.2398736104608,9.113521997985835,1.4276653964408936,0,LEGITIMATE,SUPPLY_CHAIN,AP-AGRI-595-BATCH-272,Mesta Jute,Srikakulam,Ranastalam
2.4259493299593866,0.14713402026672356,5.0,0.0,3.0,93.37341299908005,25.737214052456665,0.6119697323509277,0,LEGITIMATE,SUPPLY_CHAIN,AP-AGRI-738-BATCH-273,Cashew Raw Nut,Anakapalli,Mandal 2
0.4442133715658705,0.14731172480350863,2.996593756475018,0.0,2.0,88.53282816434529,10.616970065442018,1.655689126099773,0,LEGITIMATE,LAND_RECORD,AP-SRI-LAND-1274,Survey No. 327/2,Srikakulam,Laveru
2.0198540567088594,0.01,5.0,2.0,2.0,674.3329760096149,1.4454633271906923,0.9367401846427854,0,LEGITIMATE,LAND_RECORD,AP-SRI-LAND-1275,Survey No. 301/2,Srikakulam,Laveru
2.4717133680250516,0.0823743628017945,4.9552001565929675,1.0,5.0,136.884232592788,5.407073888308343,1.1098243166203083,0,LEGITIMATE,LAND_RECORD,AP-VIS-LAND-1276,Survey No. 248/3,Visakhapatnam,Pendurthi
1.0226985209098656,0.08712187136549156,1.316417379323088,1.0,3.0,11.877728019640172,19.711652928970366,0.160656004992918,0,LEGITIMATE,LAND_RECORD,AP-SRI-LAND-1277,Survey No. 142/4,Srikakulam,Ponduru
1.7909428623274883,0.1198245700168743,0.5658616199048049,2.0,4.0,296.24945902921365,8.180420467452288,0.8942570268923726,0,LEGITIMATE,LAND_RECORD,AP-VIZ-LAND-1278,Survey No. 234/4,Vizianagaram,Vizianagaram Rural
0.30956147755998775,0.34121781685214436,1.5348609586044626,0.0,1.0,158.83733197226877,3.5099203589582513,0.1,0,LEGITIMATE,LAND_RECORD,AP-VIZ-LAND-1279,Survey No. 181/1,Vizianagaram,Denkada
6.4061862613181635,0.7832482639364088,5.5497859947803825,3.0,4.0,0.88025336012995,191.0115447310182,75.00856621899244,1,SUSPICIOUS,LAND_RECORD,AP-SRI-LAND-1280,Survey No. 288/4,Srikakulam,Laveru
1.214760019607949,0.2627924973820022,4.272354439783046,0.0,1.0,140.575595442212,16.96324497635132,2.5573117425137877,0,LEGITIMATE,SUPPLY_CHAIN,AP-AGRI-871-BATCH-281,Banganapalle Mango,East Godavari,Mandal 1
0.803385895220658,0.259502770552285,3.137658540084236,1.0,1.0,308.538595013508,25.041308172835105,1.520099065860193,0,LEGITIMATE,LAND_RECORD,AP-EAS-LAND-1282,Survey No. 428/1,East Godavari,Mandal 2
1.8229474650133826,0.15909985227889148,2.3059606504418233,0.0,2.0,528.3825147321278,22.555266111867784,1.2938258348589713,0,LEGITIMATE,LAND_RECORD,AP-VIZ-LAND-1283,Survey No. 134/2,Vizianagaram,Cheepurupalli
1.034570040676612,0.01,2.731819286312814,2.0,1.0,302.426688815855,11.744653040591656,0.1,0,LEGITIMATE,LAND_RECORD,AP-VIS-LAND-1284,Survey No. 41/1,Visakhapatnam,Bheemunipatnam
1.6698303259697658,0.1499104222401688,1.8015700011066234,0.0,2.0,554.6171239627945,1.9345944368791426,2.1320710298619114,0,LEGITIMATE,LAND_RECORD,AP-EAS-LAND-1285,Survey No. 403/1,East Godavari,Mandal 1
2.253239283496632,0.10714281017844798,2.258987928111222,0.0,2.0,214.37688736774007,25.664282541540505,1.5083567324888705,0,LEGITIMATE,SUPPLY_CHAIN,AP-AGRI-901-BATCH-286,Banganapalle Mango,Anakapalli,Mandal 1
1.3702162390249721,0.32875089969581456,1.8955519825899094,0.0,2.0,197.51693077303332,31.872369796586987,1.8712617091715233,0,LEGITIMATE,LAND_RECORD,AP-KAK-LAND-1287,Survey No. 203/2,Kakinada,Mandal 2
1.6476207145957402,0.06928272179293975,1.480465826076912,0.0,1.0,351.4297066334968,19.201340050330113,0.7359960840283939,0,LEGITIMATE,LAND_RECORD,AP-VIZ-LAND-1288,Survey No. 431/2,Vizianagaram,Cheepurupalli
2.1124255032801447,0.15447514801059206,5.0,0.0,1.0,57.91075568811885,28.661868927099665,1.5124211991736123,0,LEGITIMATE,CERTIFICATE,CUTM-CERT-2026-1289,Skill Competency Credential,Kakinada,Mandal 2
1.1748085648905962,0.21552833351297107,0.9355220882988302,0.0,5.0,93.27856209366179,23.323212357658942,2.471783875770719,0,LEGITIMATE,LAND_RECORD,AP-VIZ-LAND-1290,Survey No. 404/4,Vizianagaram,Vizianagaram Rural
0.4901473187573091,0.296096747752544,3.9378425010212754,1.0,1.0,71.05585544223787,4.167663604877142,1.523282199651002,0,LEGITIMATE,LAND_RECORD,AP-VIZ-LAND-1291,Survey No. 398/3,Vizianagaram,Cheepurupalli
1.9648138578169512,0.22768050687673502,4.04836839491594,0.0,4.0,223.27331490548588,28.427876720061573,2.2550480480979167,0,LEGITIMATE,SUPPLY_CHAIN,AP-AGRI-883-BATCH-292,Mesta Jute,Srikakulam,Ponduru
1.5716165964838722,0.08077257343185326,2.4649557194084424,0.0,1.0,142.14246309611056,2.4431445733671993,1.9921234712885383,0,LEGITIMATE,SUPPLY_CHAIN,AP-AGRI-928-BATCH-293,Cashew Raw Nut,Srikakulam,Ponduru
0.6277219387069501,0.12605296737986224,3.731852356470683,1.0,4.0,125.71723276277459,5.236735726161346,0.1,0,LEGITIMATE,CERTIFICATE,CUTM-CERT-2026-1294,Skill Competency Credential,Anakapalli,Mandal 2
0.4854078638238646,0.14201323356036397,2.0584808300223463,0.0,2.0,221.88263956933545,0.5,1.0368286344060218,0,LEGITIMATE,CERTIFICATE,CUTM-CERT-2026-1295,Organic Farming Certification,East Godavari,Mandal 1
1.9834250684520667,0.2005019784097261,2.502518914565779,1.0,1.0,161.15286436293408,7.240585976826298,0.5546951094982526,0,LEGITIMATE,SUPPLY_CHAIN,AP-AGRI-826-BATCH-296,Teja Red Chilli,Kakinada,Mandal 1
1.7428885612204155,0.3525523742193742,2.436873094901719,0.0,2.0,340.5486422798621,6.59076621221633,0.7208079631331863,0,LEGITIMATE,LAND_RECORD,AP-SRI-LAND-1297,Survey No. 234/1,Srikakulam,Laveru
6.403670737161939,0.6056380726366598,1.5096215061954739,3.0,4.0,2.487579140656236,197.62557828222282,49.50910122294329,1,SUSPICIOUS,LAND_RECORD,AP-ANA-LAND-1298,Survey No. 256/2,Anakapalli,Mandal 2
1.701308471788907,0.12340459725281838,1.7696749094215605,0.0,2.0,625.9132153952905,12.892441646970326,1.7749996794687832,0,LEGITIMATE,LAND_RECORD,AP-ANA-LAND-1299,Survey No. 418/2,Anakapalli,Mandal 2
1.4236361961678843,0.23368418008383196,2.7514390582789843,1.0,2.0,368.13056555901693,37.87208936822382,1.3644718319321827,0,LEGITIMATE,SUPPLY_CHAIN,AP-AGRI-882-BATCH-300,Banganapalle Mango,Visakhapatnam,Bheemunipatnam
2.6339727482039903,0.1888551167352412,1.9200663901403447,0.0,1.0,92.19805612760827,5.074635529497609,2.012720162224331,0,LEGITIMATE,CERTIFICATE,CUTM-CERT-2026-1301,B.Tech Degree Certificate,Srikakulam,Ponduru
7.209986090906302,0.8679973004978472,15.0,4.0,9.0,1.3374012995085536,194.61300024547143,93.18075866068081,1,SUSPICIOUS,LAND_RECORD,AP-VIS-LAND-1302,Survey No. 286/1,Visakhapatnam,Padmanabham
6.917007840596045,0.9686522324236724,14.610264804404931,3.0,4.0,1.5516921790140452,316.195067719907,65.67520193913242,1,SUSPICIOUS,CERTIFICATE,CUTM-CERT-2026-1303,B.Tech Degree Certificate,Anakapalli,Mandal 2
9.71970504913201,0.6112900950433517,13.14716629789081,5.0,7.0,4.533614124186703,229.05944879565686,94.52367804615967,1,SUSPICIOUS,SUPPLY_CHAIN,AP-AGRI-945-BATCH-304,Mesta Jute,Srikakulam,Ranastalam
0.1,0.1785891977724539,1.6897685068090351,0.0,1.0,412.3746115276469,36.70043964324331,1.5234479693313283,0,LEGITIMATE,LAND_RECORD,AP-EAS-LAND-1305,Survey No. 83/4,East Godavari,Mandal 2
2.3535642851830563,0.08068670890724489,0.727266168579046,1.0,3.0,54.72215982762302,4.596837448313746,1.0272585683684814,0,LEGITIMATE,CERTIFICATE,CUTM-CERT-2026-1306,B.Tech Degree Certificate,Vizianagaram,Gantyada
1.821759911439807,0.01,0.8884693741104436,0.0,3.0,10.0,27.503984502812628,1.4130509073115567,0,LEGITIMATE,SUPPLY_CHAIN,AP-AGRI-640-BATCH-307,Cashew Raw Nut,Vizianagaram,Bhogapuram
3.467821597878851,0.19035557181299745,0.6028433507573985,0.0,2.0,38.69711641673086,3.9736331794899082,1.0706658753704423,0,LEGITIMATE,LAND_RECORD,AP-SRI-LAND-1308,Survey No. 226/3,Srikakulam,Ponduru
1.4197804182607203,0.20854507154567103,1.372457926678565,1.0,2.0,106.93757409316738,24.53452433898926,1.9238138083599554,0,LEGITIMATE,LAND_RECORD,AP-SRI-LAND-1309,Survey No. 298/4,Srikakulam,Etcherla
1.0140620974103036,0.21957406053555928,1.0175886936578615,0.0,1.0,42.08732403036039,6.591640397984001,0.4699150463137668,0,LEGITIMATE,LAND_RECORD,AP-VIS-LAND-1310,Survey No. 402/1,Visakhapatnam,Anandapuram
0.9420759653629264,0.05445076154204327,2.146403885965097,0.0,2.0,18.771637208453054,60.0,1.784219067800886,0,LEGITIMATE,LAND_RECORD,AP-SRI-LAND-1311,Survey No. 160/2,Srikakulam,Ranastalam
1.7005977499147351,0.0724159683907941,2.0654174923785167,1.0,2.0,442.75657258638785,2.3321511156104524,0.6508821140020921,0,LEGITIMATE,SUPPLY_CHAIN,AP-AGRI-421-BATCH-312,Teja Red Chilli,East Godavari,Mandal 1
1.7082037288576586,0.1449193060449385,2.9908369278498808,0.0,1.0,28.99846206385611,30.442146323780868,1.356951726996232,0,LEGITIMATE,CERTIFICATE,CUTM-CERT-2026-1313,B.Tech Degree Certificate,Vizianagaram,Bhogapuram
2.246229631855785,0.06648447428250863,2.470263415578201,1.0,1.0,21.426824306194774,2.2989490179995165,1.8969527312916292,0,LEGITIMATE,SUPPLY_CHAIN,AP-AGRI-671-BATCH-314,Cashew Raw Nut,Anakapalli,Mandal 2
10.150290932115883,0.8316665870263349,15.0,4.0,7.0,0.9135716267272408,302.31685982934306,37.19270650305343,1,SUSPICIOUS,CERTIFICATE,CUTM-CERT-2026-1315,Land Title Deed (Pattadar),Kakinada,Mandal 2
0.1,0.06129576200495686,4.110914760965115,0.0,1.0,20.27578967932708,5.960085058402781,1.08082322083382,0,LEGITIMATE,CERTIFICATE,CUTM-CERT-2026-1316,B.Tech Degree Certificate,Vizianagaram,Vizianagaram Rural
1.8996980152493956,0.23956005446423329,1.156562766249588,0.0,4.0,172.4062852105308,12.432018856226847,1.5152480712616287,0,LEGITIMATE,LAND_RECORD,AP-ANA-LAND-1317,Survey No. 171/2,Anakapalli,Mandal 1
9.014538741576656,0.8564727934891895,3.4001823401921447,6.0,6.0,2.843268816178484,171.33776704641622,61.313876172281454,1,SUSPICIOUS,SUPPLY_CHAIN,AP-AGRI-499-BATCH-318,Cashew Raw Nut,East Godavari,Mandal 1
2.29050620980171,0.15869617222507276,4.956925496400181,0.0,4.0,59.83575225514322,1.877970239935731,1.201969468470093,0,LEGITIMATE,SUPPLY_CHAIN,AP-AGRI-980-BATCH-319,Cashew Raw Nut,Kakinada,Mandal 2
2.6186767031057188,0.16420728935388737,1.3169936247897616,0.0,3.0,65.58962691550263,35.74689909717692,2.0745872734852133,0,LEGITIMATE,LAND_RECORD,AP-EAS-LAND-1320,Survey No. 246/3,East Godavari,Mandal 2
1.6855899710328412,0.0639411233083814,4.472939436757847,0.0,1.0,92.14098762620479,23.75390754557707,1.6109159646498958,0,LEGITIMATE,LAND_RECORD,AP-SRI-LAND-1321,Survey No. 171/3,Srikakulam,Etcherla
9.480529173319535,0.6694772212378746,15.0,3.0,4.0,1.1379357588050376,284.1608742618256,74.95317633724203,1,SUSPICIOUS,SUPPLY_CHAIN,AP-AGRI-822-BATCH-322,Cashew Raw Nut,Anakapalli,Mandal 1
0.875657711090074,0.1744464153521984,1.8653558408720625,0.0,3.0,165.00739886216073,25.79416858441973,0.6364516164786688,0,LEGITIMATE,CERTIFICATE,CUTM-CERT-2026-1323,Land Title Deed (Pattadar),Anakapalli,Mandal 1
3.05831616570402,0.1199116647552334,2.333011863688044,2.0,1.0,152.9158152263325,18.627309072767744,1.7689975348505147,0,LEGITIMATE,CERTIFICATE,CUTM-CERT-2026-1324,Organic Farming Certification,Anakapalli,Mandal 1
2.118516604243264,0.2902118043640751,1.901288244085544,0.0,1.0,204.66261235161218,0.5949054276225131,1.4996599060508877,0,LEGITIMATE,LAND_RECORD,AP-VIZ-LAND-1325,Survey No. 184/1,Vizianagaram,Gantyada
7.6889640614323795,0.5,11.44160901217639,3.0,8.0,2.0683468039545465,318.11015436021745,134.81235803112648,1,SUSPICIOUS,SUPPLY_CHAIN,AP-AGRI-796-BATCH-326,Mesta Jute,Vizianagaram,Cheepurupalli
2.6338000671622055,0.2760066262086984,1.57858865128793,1.0,2.0,21.61720795685887,4.573303096256465,2.2556233392238507,0,LEGITIMATE,LAND_RECORD,AP-VIS-LAND-1327,Survey No. 320/2,Visakhapatnam,Anandapuram
1.7841203072720473,0.08425317628739568,1.068631655302193,0.0,1.0,280.4080625693847,1.6936498164836888,0.9619039705369835,0,LEGITIMATE,CERTIFICATE,CUTM-CERT-2026-1328,Land Title Deed (Pattadar),Vizianagaram,Bhogapuram
0.6694643765906487,0.10134016422407063,2.2694160297536565,0.0,4.0,115.18587215680704,7.316706905282662,1.1139464625645699,0,LEGITIMATE,SUPPLY_CHAIN,AP-AGRI-858-BATCH-329,Cashew Raw Nut,Anakapalli,Mandal 1
2.127986944954342,0.16112893918092736,1.505957267074536,0.0,2.0,193.97497991292087,11.805051704963018,0.5773493809723556,0,LEGITIMATE,CERTIFICATE,CUTM-CERT-2026-1330,Land Title Deed (Pattadar),Kakinada,Mandal 2
0.7903906051084122,0.15368465108616924,3.894415260681985,0.0,1.0,68.83886261836541,7.367433210852422,1.9097011243804536,0,LEGITIMATE,CERTIFICATE,CUTM-CERT-2026-1331,Organic Farming Certification,Anakapalli,Mandal 2
2.3443266711949753,0.20520731321403163,2.775079363544607,0.0,1.0,518.2172154088526,31.57986224503024,0.8081939914738314,0,LEGITIMATE,LAND_RECORD,AP-EAS-LAND-1332,Survey No. 35/2,East Godavari,Mandal 2
2.2447598000028943,0.044946582544005007,1.145720552994993,0.0,2.0,35.606149821420836,5.780428046322092,0.8597718358893793,0,LEGITIMATE,CERTIFICATE,CUTM-CERT-2026-1333,B.Tech Degree Certificate,Anakapalli,Mandal 1
0.3057144327662009,0.19924682302890306,4.7013672026248905,0.0,2.0,83.72218977334035,53.0766064309924,1.176594137629657,0,LEGITIMATE,SUPPLY_CHAIN,AP-AGRI-132-BATCH-334,Teja Red Chilli,Visakhapatnam,Anandapuram
1.8374205388322318,0.1314106208498583,4.4202387791907265,0.0,1.0,375.82473621459616,2.5033109931536894,1.6562711970115456,0,LEGITIMATE,LAND_RECORD,AP-SRI-LAND-1335,Survey No. 392/4,Srikakulam,Ponduru
2.441418008752197,0.16593904329993914,5.0,0.0,1.0,199.81725429081848,40.88181680907992,3.72620494706013,0,LEGITIMATE,LAND_RECORD,AP-EAS-LAND-1336,Survey No. 116/1,East Godavari,Mandal 1
0.5681290046131742,0.10804680856231655,1.8314302963648035,1.0,1.0,643.1396376805592,11.898489776687205,0.5878347013851435,0,LEGITIMATE,SUPPLY_CHAIN,AP-AGRI-316-BATCH-337,Banganapalle Mango,Anakapalli,Mandal 1
2.0694656762741044,0.20428191611200225,1.2273142628976035,0.0,1.0,36.93451194795934,5.343108519058515,1.5981160624289612,0,LEGITIMATE,LAND_RECORD,AP-VIS-LAND-1338,Survey No. 155/3,Visakhapatnam,Anandapuram
2.380384749746237,0.1666200478091299,0.5914892477602183,0.0,2.0,114.84584301977465,11.637868806783086,1.7810902807628028,0,LEGITIMATE,LAND_RECORD,AP-EAS-LAND-1339,Survey No. 307/1,East Godavari,Mandal 2
2.161408300471016,0.11335345586654978,5.0,0.0,3.0,117.96909937601288,10.136952621132451,0.1,0,LEGITIMATE,SUPPLY_CHAIN,AP-AGRI-862-BATCH-340,Banganapalle Mango,Vizianagaram,Vizianagaram Rural
1.9040389667119817,0.10702449647892655,0.6575932453978844,0.0,1.0,209.16626837817014,19.844454147978233,1.4525882923407585,0,LEGITIMATE,LAND_RECORD,AP-EAS-LAND-1341,Survey No. 374/2,East Godavari,Mandal 2
9.162558935425707,0.5,5.319287004857651,3.0,4.0,0.5650613069462064,278.97616600611536,104.95302085663712,1,SUSPICIOUS,LAND_RECORD,AP-VIZ-LAND-1342,Survey No. 387/2,Vizianagaram,Vizianagaram Rural
2.135212876964323,0.01,5.0,1.0,2.0,166.13543598281237,4.5011176848254415,1.2664087426190056,0,LEGITIMATE,SUPPLY_CHAIN,AP-AGRI-420-BATCH-343,Mesta Jute,Srikakulam,Etcherla
1.5243811794427997,0.21174994338958628,2.587149223359865,0.0,1.0,188.9842586864329,37.25252230526188,1.1118033704188037,0,LEGITIMATE,LAND_RECORD,AP-KAK-LAND-1344,Survey No. 215/2,Kakinada,Mandal 2
1.694126647277537,0.09711447233542878,2.179379371680382,0.0,3.0,248.81472085840647,12.96555953892314,1.7554504222241238,0,LEGITIMATE,SUPPLY_CHAIN,AP-AGRI-161-BATCH-345,Banganapalle Mango,Srikakulam,Etcherla
2.231294267601567,0.16437173446240427,1.571704092934543,0.0,1.0,44.64226806089078,23.13135163730047,2.207670889945909,0,LEGITIMATE,LAND_RECORD,AP-VIZ-LAND-1346,Survey No. 114/4,Vizianagaram,Vizianagaram Rural
1.7730232167096114,0.1591039652272237,2.305385977045564,0.0,1.0,10.0,6.547028396465683,2.563504383973614,0,LEGITIMATE,CERTIFICATE,CUTM-CERT-2026-1347,B.Tech Degree Certificate,Visakhapatnam,Padmanabham
10.213598254404236,0.5,11.239943976793922,7.0,4.0,1.132796849587604,301.44075138836286,96.60635796872127,1,SUSPICIOUS,LAND_RECORD,AP-SRI-LAND-1348,Survey No. 256/4,Srikakulam,Laveru
2.0611366229039247,0.10327765334223937,2.4006954972029915,0.0,1.0,478.73072983995354,0.8816826923823198,1.0400478896093888,0,LEGITIMATE,CERTIFICATE,CUTM-CERT-2026-1349,Skill Competency Credential,Visakhapatnam,Padmanabham
1.4082993997653575,0.19886759331286835,1.3227323675652392,0.0,1.0,80.05072975987538,1.8824620646138817,1.7298079006163225,0,LEGITIMATE,SUPPLY_CHAIN,AP-AGRI-996-BATCH-350,Teja Red Chilli,Srikakulam,Ranastalam
2.414915210915091,0.19850329248869664,2.3828592722532558,0.0,5.0,427.1567209593014,9.448431416951802,1.4307854492868872,0,LEGITIMATE,CERTIFICATE,CUTM-CERT-2026-1351,Organic Farming Certification,Srikakulam,Laveru
1.5777930116136227,0.16835682915667438,1.4548405579158519,1.0,2.0,78.84565818391421,40.98592337211579,0.1,0,LEGITIMATE,SUPPLY_CHAIN,AP-AGRI-785-BATCH-352,Mesta Jute,Visakhapatnam,Anandapuram
4.0,0.6290485380757711,12.319849668155177,4.0,11.0,5.096218011882242,213.71186336747274,86.52809459671244,1,SUSPICIOUS,LAND_RECORD,AP-VIZ-LAND-1353,Survey No. 99/3,Vizianagaram,Bhogapuram
2.4998769728372063,0.17182900144206184,2.5896536514650683,0.0,2.0,464.13876308319834,18.42928203918376,1.9917568383239534,0,LEGITIMATE,LAND_RECORD,AP-VIZ-LAND-1354,Survey No. 114/3,Vizianagaram,Bhogapuram
2.3444543548002637,0.01,0.8095930799146331,0.0,4.0,130.0924414110568,43.01458028526719,1.1308103031919348,0,LEGITIMATE,SUPPLY_CHAIN,AP-AGRI-909-BATCH-355,Teja Red Chilli,Visakhapatnam,Anandapuram
1.0105534645758003,0.169574554038988,1.3764418901280724,0.0,2.0,156.7136316653185,27.37433588145948,0.1,0,LEGITIMATE,SUPPLY_CHAIN,AP-AGRI-419-BATCH-356,Banganapalle Mango,Visakhapatnam,Padmanabham
2.7302724133058924,0.037446866751851035,1.1366104502592436,2.0,4.0,62.599356381750724,4.383727828067873,0.8565217397816562,0,LEGITIMATE,SUPPLY_CHAIN,AP-AGRI-159-BATCH-357,Mesta Jute,Vizianagaram,Cheepurupalli
0.7030592248351935,0.24195014727662542,3.9156650881839825,0.0,1.0,1000.0,34.327775002822506,2.322161031785999,0,LEGITIMATE,LAND_RECORD,AP-VIS-LAND-1358,Survey No. 69/3,Visakhapatnam,Pendurthi
2.1138268461812117,0.07110079115867218,1.2263709297020324,1.0,1.0,187.04394015572882,20.925423898599444,0.3314524570418006,0,LEGITIMATE,SUPPLY_CHAIN,AP-AGRI-267-BATCH-359,Banganapalle Mango,Srikakulam,Laveru
10.375462163036563,0.9018816374080566,15.0,3.0,9.0,5.63567103693273,252.64686857632077,99.87103203484446,1,SUSPICIOUS,LAND_RECORD,AP-VIS-LAND-1360,Survey No. 294/4,Visakhapatnam,Padmanabham
1.8926425544818708,0.10613235697079851,2.1224640394926184,0.0,5.0,126.56396668369595,18.726228519600166,1.219200490372384,0,LEGITIMATE,SUPPLY_CHAIN,AP-AGRI-111-BATCH-361,Cashew Raw Nut,East Godavari,Mandal 2
1.531027860983601,0.1003342891455529,4.14297940453057,0.0,3.0,61.87541805696947,9.180235714850363,1.893920355502802,0,LEGITIMATE,SUPPLY_CHAIN,AP-AGRI-692-BATCH-362,Cashew Raw Nut,Kakinada,Mandal 2
6.20746712235377,0.7689868915764193,4.014850308179732,3.0,6.0,0.3504699246844143,349.5073682318444,105.34266622872741,1,SUSPICIOUS,LAND_RECORD,AP-ANA-LAND-1363,Survey No. 314/1,Anakapalli,Mandal 2
2.013301955828102,0.05976375811954647,2.7168984401853855,0.0,1.0,228.75979694354484,1.9579387076874122,0.8540616447903153,0,LEGITIMATE,SUPPLY_CHAIN,AP-AGRI-933-BATCH-364,Teja Red Chilli,Anakapalli,Mandal 1
2.3743699327921934,0.09289444022250311,1.9930616287952034,1.0,1.0,77.36667391918904,14.332208798030674,0.9827034859895727,0,LEGITIMATE,LAND_RECORD,AP-VIZ-LAND-1365,Survey No. 218/3,Vizianagaram,Cheepurupalli
2.9044377434523203,0.11468941501072401,2.281584899244915,0.0,3.0,577.6638844974336,19.780164914146667,0.968283685246683,0,LEGITIMATE,SUPPLY_CHAIN,AP-AGRI-916-BATCH-366,Cashew Raw Nut,Anakapalli,Mandal 1
9.469685327909364,0.6971912655702245,6.764118349702527,3.0,4.0,7.354736966853274,315.99013610055886,66.26824294024084,1,SUSPICIOUS,SUPPLY_CHAIN,AP-AGRI-978-BATCH-367,Cashew Raw Nut,Srikakulam,Laveru
0.7055654364919182,0.09040136490194867,3.909742721115577,1.0,3.0,562.046932894307,8.996008639219243,0.23231834214822045,0,LEGITIMATE,LAND_RECORD,AP-ANA-LAND-1368,Survey No. 317/1,Anakapalli,Mandal 2
2.2327335002657107,0.11789960485441409,1.7578125665410924,0.0,1.0,164.73768226819004,11.397343060030714,1.6272391516031686,0,LEGITIMATE,LAND_RECORD,AP-KAK-LAND-1369,Survey No. 332/1,Kakinada,Mandal 2
1.0346732994788324,0.18681749115480506,1.8127220929369556,0.0,3.0,109.59724250040647,0.5,0.1,0,LEGITIMATE,SUPPLY_CHAIN,AP-AGRI-794-BATCH-370,Teja Red Chilli,Anakapalli,Mandal 1
0.1589596841067884,0.041289820326158744,2.704670171870223,1.0,1.0,83.3274970554984,0.5,1.6462842555101922,0,LEGITIMATE,SUPPLY_CHAIN,AP-AGRI-938-BATCH-371,Teja Red Chilli,Vizianagaram,Vizianagaram Rural
9.8129596423902,0.7450621713057496,15.0,6.0,5.0,3.758651247431084,157.27222417274965,75.02870074503512,1,SUSPICIOUS,LAND_RECORD,AP-KAK-LAND-1372,Survey No. 290/4,Kakinada,Mandal 1
1.2309412332827718,0.04517626001876486,1.9479966049962263,1.0,2.0,401.78033752066517,18.700861670765025,0.6508110868107322,0,LEGITIMATE,LAND_RECORD,AP-VIZ-LAND-1373,Survey No. 139/3,Vizianagaram,Gantyada
1.960447961880548,0.08563786958201491,1.3129586597973728,2.0,2.0,31.71854581466866,11.095998969645,0.97501981426241,0,LEGITIMATE,LAND_RECORD,AP-VIS-LAND-1374,Survey No. 123/1,Visakhapatnam,Anandapuram
0.9897747574366046,0.2155558058094318,3.817370709387125,0.0,1.0,87.53575473400072,24.389573541985495,0.754187289291636,0,LEGITIMATE,SUPPLY_CHAIN,AP-AGRI-887-BATCH-375,Cashew Raw Nut,Kakinada,Mandal 2
1.6332783792177343,0.16314565275055326,2.2421672884833526,0.0,3.0,394.05858881387235,11.467875712297097,2.016657329157514,0,LEGITIMATE,LAND_RECORD,AP-KAK-LAND-1376,Survey No. 181/2,Kakinada,Mandal 1
0.9268777712140819,0.19299470833818697,4.056052459289426,1.0,1.0,115.47577668238021,16.189207071136856,2.657790581383667,0,LEGITIMATE,SUPPLY_CHAIN,AP-AGRI-875-BATCH-377,Mesta Jute,East Godavari,Mandal 1
1.8552921014380068,0.10717955466955373,3.586991743725541,0.0,3.0,147.3419760605736,58.778563463418394,0.9700578440848315,0,LEGITIMATE,SUPPLY_CHAIN,AP-AGRI-457-BATCH-378,Teja Red Chilli,Kakinada,Mandal 1
2.671463165052512,0.15661745614905512,1.557270258004365,1.0,1.0,359.0036046348709,5.227131667956499,1.607788818941788,0,LEGITIMATE,CERTIFICATE,CUTM-CERT-2026-1379,Skill Competency Credential,Kakinada,Mandal 1
2.207858669391395,0.2451027291483099,2.0729655106040674,0.0,1.0,55.313355122469,15.556359649731169,0.23047922026098733,0,LEGITIMATE,CERTIFICATE,CUTM-CERT-2026-1380,Organic Farming Certification,Kakinada,Mandal 1
8.013403019502412,0.8352105994905322,15.0,3.0,7.0,1.1782201101359673,319.1887688767464,76.12705358410268,1,SUSPICIOUS,LAND_RECORD,AP-ANA-LAND-1381,Survey No. 317/4,Anakapalli,Mandal 1
1.3847458705907485,0.16913194277067686,2.253027610125178,0.0,3.0,121.34577424720646,8.483508854004377,0.43973169453062544,0,LEGITIMATE,SUPPLY_CHAIN,AP-AGRI-935-BATCH-382,Mesta Jute,Srikakulam,Ranastalam
1.684744280719234,0.10820700548551813,2.602787025145872,0.0,1.0,14.525043194845491,27.037324302028722,0.8613266165325768,0,LEGITIMATE,SUPPLY_CHAIN,AP-AGRI-623-BATCH-383,Banganapalle Mango,East Godavari,Mandal 2
1.2892959641050474,0.1943162804796259,1.5862155611732414,1.0,1.0,382.92216129926294,9.71336296570926,1.9265739446672319,0,LEGITIMATE,CERTIFICATE,CUTM-CERT-2026-1384,B.Tech Degree Certificate,Vizianagaram,Gantyada
3.133542149845129,0.18841929220094134,2.260457952197556,1.0,1.0,337.50778453024714,33.490786036875846,1.311055493124571,0,LEGITIMATE,SUPPLY_CHAIN,AP-AGRI-508-BATCH-385,Teja Red Chilli,Kakinada,Mandal 2
1.44974724582217,0.28819346293024806,2.899138856011682,0.0,2.0,349.43027880942617,10.957414609035157,1.6110134624720984,0,LEGITIMATE,LAND_RECORD,AP-VIZ-LAND-1386,Survey No. 158/1,Vizianagaram,Bhogapuram
2.927655896508326,0.0778311089455159,1.2066504465322383,0.0,1.0,284.4894365640937,13.785284408813533,0.8099114353464807,0,LEGITIMATE,CERTIFICATE,CUTM-CERT-2026-1387,B.Tech Degree Certificate,Srikakulam,Etcherla
1.056309911698306,0.09581806527925776,2.5059528761732293,0.0,1.0,130.63564051017198,6.804575157247861,2.0286994037855304,0,LEGITIMATE,LAND_RECORD,AP-VIS-LAND-1388,Survey No. 286/4,Visakhapatnam,Bheemunipatnam
1.9978108880435075,0.3185507786622517,3.6878065426923383,0.0,1.0,256.85765112003793,10.741792012413963,1.5584650775800455,0,LEGITIMATE,CERTIFICATE,CUTM-CERT-2026-1389,B.Tech Degree Certificate,Srikakulam,Laveru
1.6444441120308586,0.18316930280213622,2.6537278449262347,0.0,5.0,118.25470047297911,17.66759265212785,2.1856157628608313,0,LEGITIMATE,LAND_RECORD,AP-KAK-LAND-1390,Survey No. 198/4,Kakinada,Mandal 2
1.7505237328435501,0.01,4.283467384849414,0.0,3.0,71.19871538391591,4.34732982792852,0.1,0,LEGITIMATE,LAND_RECORD,AP-VIS-LAND-1391,Survey No. 417/1,Visakhapatnam,Anandapuram
0.7523529170676717,0.11514159294666082,2.6600803244995825,0.0,1.0,51.27654965747008,6.512228964705192,0.18924913609289495,0,LEGITIMATE,CERTIFICATE,CUTM-CERT-2026-1392,Land Title Deed (Pattadar),Anakapalli,Mandal 2
1.2213064671581737,0.07900289402062721,2.932858216802963,0.0,5.0,247.36147079919547,1.6565773548582097,0.7945215561317394,0,LEGITIMATE,SUPPLY_CHAIN,AP-AGRI-204-BATCH-393,Mesta Jute,East Godavari,Mandal 1
2.0071957927809696,0.17430699405100503,1.5688987669411074,0.0,2.0,10.0,25.123408818913965,1.2622038904127688,0,LEGITIMATE,SUPPLY_CHAIN,AP-AGRI-609-BATCH-394,Teja Red Chilli,Vizianagaram,Denkada
2.069526556359271,0.06707344201042743,1.5472865962357898,0.0,1.0,10.0,3.35408594648459,0.4291063481991346,0,LEGITIMATE,LAND_RECORD,AP-SRI-LAND-1395,Survey No. 404/4,Srikakulam,Ponduru
2.1556553736393456,0.18877148090493617,0.9745660367106425,0.0,1.0,11.12579022554808,20.78038553025285,1.2167948347074393,0,LEGITIMATE,LAND_RECORD,AP-KAK-LAND-1396,Survey No. 74/4,Kakinada,Mandal 1
2.1851417472185086,0.10542635783575202,0.945756930365431,1.0,2.0,544.7066288362647,0.5,1.1151465861289074,0,LEGITIMATE,LAND_RECORD,AP-EAS-LAND-1397,Survey No. 292/4,East Godavari,Mandal 2
3.2341289556043007,0.08379326074122707,1.463121175368015,0.0,3.0,373.81590265253976,6.109150123734837,0.6448988007482311,0,LEGITIMATE,SUPPLY_CHAIN,AP-AGRI-330-BATCH-398,Teja Red Chilli,Srikakulam,Etcherla
2.5952340784888,0.15716742138947476,1.6822797446951636,1.0,1.0,208.20530373782273,35.46555668360232,0.17367551857162677,0,LEGITIMATE,LAND_RECORD,AP-ANA-LAND-1399,Survey No. 405/4,Anakapalli,Mandal 2
1.5642176226515851,0.23314952359348426,2.673869738355588,0.0,1.0,131.4539511130287,2.7485398688337015,1.6425321180767245,0,LEGITIMATE,LAND_RECORD,AP-VIZ-LAND-1400,Survey No. 175/1,Vizianagaram,Vizianagaram Rural
1.5679582795319218,0.224925548468543,5.0,0.0,3.0,16.791077533547917,6.019915239149948,1.5005447380182655,0,LEGITIMATE,LAND_RECORD,AP-EAS-LAND-1401,Survey No. 178/3,East Godavari,Mandal 1
1.2995864066717433,0.04464599410936429,0.9375027635351159,0.0,2.0,825.1021491997135,5.446234198312082,1.9232422938724107,0,LEGITIMATE,CERTIFICATE,CUTM-CERT-2026-1402,B.Tech Degree Certificate,Vizianagaram,Denkada
2.2638661792698387,0.24325376719070552,2.18136874389284,0.0,3.0,239.76614090588757,1.1138197454626904,2.088872435509089,0,LEGITIMATE,CERTIFICATE,CUTM-CERT-2026-1403,Skill Competency Credential,East Godavari,Mandal 2
1.5026583905448363,0.14640038338855949,3.2456700267701226,0.0,3.0,81.00743298444785,9.546298314559742,0.3599668468443741,0,LEGITIMATE,LAND_RECORD,AP-KAK-LAND-1404,Survey No. 60/1,Kakinada,Mandal 1
1.2034888358240843,0.20990511087859814,0.6847210639975909,0.0,1.0,274.999648267752,8.955529413440903,0.42620842863123687,0,LEGITIMATE,CERTIFICATE,CUTM-CERT-2026-1405,Land Title Deed (Pattadar),Visakhapatnam,Padmanabham
4.894078974511765,0.8802499225995347,7.088306512676412,4.0,4.0,0.40072719541586,227.45053998472636,84.13325783036133,1,SUSPICIOUS,LAND_RECORD,AP-VIS-LAND-1406,Survey No. 180/1,Visakhapatnam,Padmanabham
0.7539160661264854,0.26835697150817545,2.3305133233498765,0.0,1.0,43.72002478194804,0.5,2.5489383885969445,0,LEGITIMATE,LAND_RECORD,AP-KAK-LAND-1407,Survey No. 302/3,Kakinada,Mandal 1
2.368820901427551,0.08999986110011907,1.968239745614389,0.0,2.0,61.09642011583217,6.869290116591186,0.1055404097961119,0,LEGITIMATE,LAND_RECORD,AP-VIZ-LAND-1408,Survey No. 54/1,Vizianagaram,Vizianagaram Rural
1.6811961425057353,0.25824588620336475,3.7529129791946327,0.0,2.0,71.76587438943204,12.518300832627581,0.5373185321775901,0,LEGITIMATE,CERTIFICATE,CUTM-CERT-2026-1409,Organic Farming Certification,Visakhapatnam,Pendurthi
2.441131779649209,0.0875653236284439,3.072699047214237,0.0,3.0,56.2788549965004,19.991049878532717,0.1,0,LEGITIMATE,LAND_RECORD,AP-EAS-LAND-1410,Survey No. 151/2,East Godavari,Mandal 1
6.822054232389553,0.8780739361059771,14.813049476520904,3.0,5.0,0.1,234.83007073813687,126.61271001870966,1,SUSPICIOUS,LAND_RECORD,AP-EAS-LAND-1411,Survey No. 288/1,East Godavari,Mandal 1
2.099523308486442,0.2507291879467789,2.044609491894701,0.0,1.0,72.31026689705196,43.215518758320954,0.5437645581397853,0,LEGITIMATE,CERTIFICATE,CUTM-CERT-2026-1412,Organic Farming Certification,East Godavari,Mandal 2
2.163762401342552,0.07144721232393574,3.3150471441976013,0.0,5.0,154.3024665343415,0.5,0.9145677170883684,0,LEGITIMATE,SUPPLY_CHAIN,AP-AGRI-346-BATCH-413,Mesta Jute,Visakhapatnam,Padmanabham
1.0318636278170696,0.08155788376731393,1.5674962293537522,2.0,4.0,64.3096319730301,5.445986910600873,0.45377338717595683,0,LEGITIMATE,SUPPLY_CHAIN,AP-AGRI-497-BATCH-414,Cashew Raw Nut,Visakhapatnam,Bheemunipatnam
1.8640641247212457,0.01,2.616557304487798,1.0,1.0,199.34436801477824,16.371501293644407,0.542631899068832,0,LEGITIMATE,SUPPLY_CHAIN,AP-AGRI-184-BATCH-415,Cashew Raw Nut,Vizianagaram,Gantyada
1.656386817793769,0.14724201079722937,1.414511823291848,1.0,3.0,40.976185253458716,37.030350823652014,1.5299058336163904,0,LEGITIMATE,SUPPLY_CHAIN,AP-AGRI-561-BATCH-416,Teja Red Chilli,Visakhapatnam,Bheemunipatnam
1.5237990036914244,0.14527662261559557,2.5412569988118094,1.0,5.0,192.76878715675784,12.16628609032249,0.1,0,LEGITIMATE,LAND_RECORD,AP-EAS-LAND-1417,Survey No. 86/1,East Godavari,Mandal 2
2.1710452939210265,0.01,3.38583542362727,1.0,1.0,12.034766738061148,6.638640142864515,2.441347769396433,0,LEGITIMATE,SUPPLY_CHAIN,AP-AGRI-588-BATCH-418,Teja Red Chilli,East Godavari,Mandal 2
0.29689767918294163,0.14733642083864498,1.9507324646039756,0.0,4.0,111.27299345008393,26.94901490588426,1.4837509795784498,0,LEGITIMATE,LAND_RECORD,AP-VIZ-LAND-1419,Survey No. 261/4,Vizianagaram,Bhogapuram
1.3521739270751767,0.07991120606176338,1.0302719660285513,1.0,2.0,248.62893484599786,5.737914649623221,0.9880831568773752,0,LEGITIMATE,LAND_RECORD,AP-SRI-LAND-1420,Survey No. 362/2,Srikakulam,Laveru
1.4576457723167535,0.3010339177223573,5.0,1.0,3.0,339.44771922712187,18.289901249494925,0.7901198263688758,0,LEGITIMATE,CERTIFICATE,CUTM-CERT-2026-1421,Land Title Deed (Pattadar),Vizianagaram,Bhogapuram
12.24170624052288,0.7724494702751314,9.20377324805716,3.0,7.0,9.209589130477658,177.1495981043269,69.9609436434837,1,SUSPICIOUS,LAND_RECORD,AP-SRI-LAND-1422,Survey No. 121/1,Srikakulam,Laveru
1.9021568059013418,0.01,4.162108437652377,0.0,1.0,418.7067371147314,0.5158521855836463,0.5656366187756464,0,LEGITIMATE,LAND_RECORD,AP-KAK-LAND-1423,Survey No. 281/2,Kakinada,Mandal 2
1.1783063023864435,0.14775857720834049,1.8879152236282792,1.0,1.0,145.5325997785136,19.18148566130092,0.7378713485066535,0,LEGITIMATE,LAND_RECORD,AP-SRI-LAND-1424,Survey No. 195/1,Srikakulam,Ranastalam
1.426269833138512,0.16991471283173262,2.971531446385121,0.0,2.0,41.814494398749574,41.13709102854538,0.9196677150775032,0,LEGITIMATE,CERTIFICATE,CUTM-CERT-2026-1425,Skill Competency Credential,Srikakulam,Ranastalam
1.7318993811105574,0.15837520239105007,2.955256217443232,0.0,1.0,323.09389794917394,13.22536259607604,0.1,0,LEGITIMATE,CERTIFICATE,CUTM-CERT-2026-1426,Organic Farming Certification,Srikakulam,Laveru
0.7284993199203056,0.13227230640015178,2.6019728792376813,0.0,4.0,67.06072775057228,6.421232135966161,1.1833364790753207,0,LEGITIMATE,LAND_RECORD,AP-VIS-LAND-1427,Survey No. 369/1,Visakhapatnam,Bheemunipatnam
1.6394951425133844,0.13045369158563766,5.0,0.0,5.0,373.8758892973381,10.37033117324775,1.6223853611928094,0,LEGITIMATE,LAND_RECORD,AP-EAS-LAND-1428,Survey No. 240/2,East Godavari,Mandal 2
2.0533452977501905,0.3663188085823509,2.5805860866957047,0.0,2.0,950.1547284557231,2.323312197054437,1.1406366476031573,0,LEGITIMATE,SUPPLY_CHAIN,AP-AGRI-936-BATCH-429,Banganapalle Mango,Kakinada,Mandal 2
2.7011317781235458,0.2474180149960909,4.458356183135201,1.0,1.0,23.285805511900882,2.055985101316159,1.167305488561782,0,LEGITIMATE,SUPPLY_CHAIN,AP-AGRI-270-BATCH-430,Teja Red Chilli,Visakhapatnam,Anandapuram
0.9054436979762666,0.06484218030990621,1.6418378457583784,0.0,3.0,332.81358388917533,33.70363815571891,1.8101856585462726,0,LEGITIMATE,LAND_RECORD,AP-VIZ-LAND-1431,Survey No. 204/2,Vizianagaram,Vizianagaram Rural
1.80421167630525,0.15721254621340583,5.0,0.0,1.0,128.9256135892571,5.486580486401964,1.9705786717309377,0,LEGITIMATE,LAND_RECORD,AP-VIS-LAND-1432,Survey No. 256/4,Visakhapatnam,Padmanabham
8.42749846836146,0.8672053064238556,4.3413677529301005,5.0,10.0,5.654748045351423,184.1622754715529,98.2264641684599,1,SUSPICIOUS,SUPPLY_CHAIN,AP-AGRI-270-BATCH-433,Banganapalle Mango,Srikakulam,Ponduru
9.765011658138494,0.5229238438024773,3.193701545911037,7.0,6.0,2.5248868277169074,273.44517307783707,41.05955159738082,1,SUSPICIOUS,LAND_RECORD,AP-SRI-LAND-1434,Survey No. 22/2,Srikakulam,Etcherla
7.816957917007642,1.0,5.727897944179943,8.0,8.0,14.0,181.79332590067065,97.13553064704283,1,SUSPICIOUS,SUPPLY_CHAIN,AP-AGRI-343-BATCH-435,Banganapalle Mango,Anakapalli,Mandal 1
1.1619894638038968,0.19452933325420435,1.607676186082543,1.0,2.0,49.126391997021706,4.082838220951676,1.429770664903637,0,LEGITIMATE,LAND_RECORD,AP-VIZ-LAND-1436,Survey No. 38/3,Vizianagaram,Cheepurupalli
1.6534138210722744,0.1648410645267795,1.5901718097480744,0.0,2.0,86.0639428661233,3.641333834776993,0.1432983178009677,0,LEGITIMATE,CERTIFICATE,CUTM-CERT-2026-1437,B.Tech Degree Certificate,Kakinada,Mandal 1
12.09908382631729,1.0,13.678368432304625,8.0,8.0,1.022270896838992,401.058127986747,80.43696939551602,1,SUSPICIOUS,SUPPLY_CHAIN,AP-AGRI-132-BATCH-438,Teja Red Chilli,Srikakulam,Laveru
2.0876878038306126,0.04816380570082139,2.3018825382311223,1.0,1.0,206.27939638012174,21.507502393824662,2.1602054248160965,0,LEGITIMATE,SUPPLY_CHAIN,AP-AGRI-917-BATCH-439,Banganapalle Mango,Srikakulam,Ranastalam
3.0207541683174544,0.2027037894692954,2.0677545297335316,0.0,5.0,95.49810207312868,19.63563204901897,0.7462079113533218,0,LEGITIMATE,SUPPLY_CHAIN,AP-AGRI-483-BATCH-440,Banganapalle Mango,East Godavari,Mandal 2
1.2729756579399654,0.13600255706286574,4.115097244889511,0.0,3.0,245.93577344388905,7.44949188963374,1.3668447319239656,0,LEGITIMATE,LAND_RECORD,AP-VIZ-LAND-1441,Survey No. 186/4,Vizianagaram,Cheepurupalli
2.094132019107456,0.09407825175168588,1.7498702930177037,0.0,2.0,145.90731824133326,13.847783491955711,1.411661795704398,0,LEGITIMATE,LAND_RECORD,AP-KAK-LAND-1442,Survey No. 149/2,Kakinada,Mandal 1
2.056346718448756,0.0834971331239139,1.753194493958591,0.0,1.0,95.51130486615943,31.153377742240565,0.5901242042572392,0,LEGITIMATE,SUPPLY_CHAIN,AP-AGRI-414-BATCH-443,Cashew Raw Nut,Anakapalli,Mandal 2
1.8920400717638166,0.19634255770567463,1.0932107029227742,0.0,1.0,115.3344974924105,6.941759419191479,0.4099391018969848,0,LEGITIMATE,SUPPLY_CHAIN,AP-AGRI-572-BATCH-444,Teja Red Chilli,Anakapalli,Mandal 1
0.11305462394008758,0.24881979106482177,2.6213921918976926,0.0,3.0,14.570098412150834,0.9522207076525745,2.2133939932298894,0,LEGITIMATE,CERTIFICATE,CUTM-CERT-2026-1445,B.Tech Degree Certificate,East Godavari,Mandal 1
2.0354806570829105,0.16232639937190949,5.0,1.0,2.0,305.85059460056476,0.8533377628505217,1.0889391211792114,0,LEGITIMATE,LAND_RECORD,AP-EAS-LAND-1446,Survey No. 374/2,East Godavari,Mandal 2
1.3644826098220193,0.11862191896637735,2.5167632584518316,1.0,3.0,417.60362901653974,35.98889617512353,1.7356918081834842,0,LEGITIMATE,SUPPLY_CHAIN,AP-AGRI-329-BATCH-447,Teja Red Chilli,Visakhapatnam,Padmanabham
1.7275582123538276,0.04118052499262605,4.371407438804841,0.0,3.0,478.6987946091343,5.822817163671694,0.9600374936136127,0,LEGITIMATE,LAND_RECORD,AP-SRI-LAND-1448,Survey No. 363/2,Srikakulam,Ranastalam
2.1136695547553424,0.151070065017269,2.8146793845548226,0.0,1.0,19.89455465908021,6.3548195359188915,2.700611222266218,0,LEGITIMATE,LAND_RECORD,AP-VIZ-LAND-1449,Survey No. 149/3,Vizianagaram,Denkada
1.399985546562284,0.16691681218911336,2.358991524364534,2.0,1.0,403.6680563330335,7.187005244430544,0.1,0,LEGITIMATE,LAND_RECORD,AP-ANA-LAND-1450,Survey No. 24/4,Anakapalli,Mandal 1
6.724890887904115,0.7744853128076039,2.480084563207862,5.0,7.0,3.8215529447638574,373.34657550949885,92.28065525537849,1,SUSPICIOUS,CERTIFICATE,CUTM-CERT-2026-1451,Organic Farming Certification,Vizianagaram,Gantyada
10.964116983193977,0.7704782673927646,4.334931235051608,6.0,5.0,5.074298356427963,275.8197029583591,82.11514175561004,1,SUSPICIOUS,SUPPLY_CHAIN,AP-AGRI-203-BATCH-452,Cashew Raw Nut,Visakhapatnam,Padmanabham
2.547055691600388,0.07458560683749275,2.123376018477809,0.0,2.0,273.30665815626406,0.5,0.1,0,LEGITIMATE,LAND_RECORD,AP-KAK-LAND-1453,Survey No. 133/3,Kakinada,Mandal 1
2.1766808059027483,0.10071607795550996,4.03819095023089,1.0,3.0,10.0,23.70020712727861,0.1,0,LEGITIMATE,SUPPLY_CHAIN,AP-AGRI-730-BATCH-454,Mesta Jute,Kakinada,Mandal 2
1.7441893053002342,0.07950092420511597,2.3154580364890074,0.0,2.0,650.4389614932671,0.6074885271373293,1.2802527537269668,0,LEGITIMATE,LAND_RECORD,AP-VIZ-LAND-1455,Survey No. 360/1,Vizianagaram,Cheepurupalli
1.827239244831022,0.24855001074314426,2.6094659964147757,0.0,1.0,63.086048413592344,13.349481274086717,2.5957923887828254,0,LEGITIMATE,LAND_RECORD,AP-VIS-LAND-1456,Survey No. 45/4,Visakhapatnam,Anandapuram
3.766447602860652,0.11289596469188523,1.7189052730099905,0.0,3.0,131.26322696191727,12.600054258483556,0.1,0,LEGITIMATE,LAND_RECORD,AP-VIS-LAND-1457,Survey No. 149/4,Visakhapatnam,Bheemunipatnam
2.589068844877623,0.1409465272216882,1.8607295931857641,0.0,4.0,134.6683660691667,9.389417414483248,0.8927957725241543,0,LEGITIMATE,LAND_RECORD,AP-VIS-LAND-1458,Survey No. 310/1,Visakhapatnam,Anandapuram
2.0381469838078363,0.13590295528304192,4.199735163381553,1.0,1.0,53.76892261454153,39.314806766110344,0.6365728505804243,0,LEGITIMATE,LAND_RECORD,AP-VIZ-LAND-1459,Survey No. 90/2,Vizianagaram,Vizianagaram Rural
2.1215700402016284,0.21550111602779534,3.1934468620829928,0.0,4.0,366.3363029769983,37.10175914467584,1.4868387836560562,0,LEGITIMATE,LAND_RECORD,AP-EAS-LAND-1460,Survey No. 260/4,East Godavari,Mandal 2
1.8224753717796542,0.25062231606955543,2.666872592726004,1.0,2.0,205.51240019612038,26.25015128297715,3.5066268446246625,0,LEGITIMATE,SUPPLY_CHAIN,AP-AGRI-499-BATCH-461,Banganapalle Mango,Vizianagaram,Bhogapuram
0.6219911598689367,0.055903974668525355,2.3417776174616187,0.0,1.0,10.03278437621655,5.775182855452263,0.1,0,LEGITIMATE,CERTIFICATE,CUTM-CERT-2026-1462,Organic Farming Certification,Anakapalli,Mandal 1
2.6313440749047845,0.056431199801693796,2.16716910499925,0.0,1.0,24.052549125940065,11.477380109448253,0.1,0,LEGITIMATE,CERTIFICATE,CUTM-CERT-2026-1463,B.Tech Degree Certificate,Srikakulam,Ranastalam
0.6060434487891382,0.2684079362971133,2.739128612358505,0.0,4.0,40.5383222293679,4.315845848100686,0.6385441334329037,0,LEGITIMATE,LAND_RECORD,AP-SRI-LAND-1464,Survey No. 259/2,Srikakulam,Etcherla
1.4355881110012123,0.3558013949575784,3.690751909673021,0.0,4.0,65.938793441232,3.6679993747853312,0.1648493742670043,0,LEGITIMATE,SUPPLY_CHAIN,AP-AGRI-901-BATCH-465,Cashew Raw Nut,Visakhapatnam,Anandapuram
1.6722501101448168,0.09748111145450208,3.3976592257704263,0.0,1.0,198.70211528168102,8.168870798152989,2.406688614627787,0,LEGITIMATE,LAND_RECORD,AP-EAS-LAND-1466,Survey No. 183/1,East Godavari,Mandal 1
1.4697567764531652,0.16054990504969216,1.8452327543239841,0.0,3.0,404.5418731664486,16.450221091349555,1.616491787279648,0,LEGITIMATE,LAND_RECORD,AP-KAK-LAND-1467,Survey No. 437/3,Kakinada,Mandal 1
1.7804122804288474,0.25978738742932145,1.3781891773292425,0.0,5.0,747.9384109461574,14.561709177041392,1.15200110286933,0,LEGITIMATE,SUPPLY_CHAIN,AP-AGRI-993-BATCH-468,Banganapalle Mango,Srikakulam,Laveru
2.8228252067042305,0.24070314180512095,2.129478842398909,0.0,3.0,47.96103254949721,20.87305669030046,1.6110347299081862,0,LEGITIMATE,LAND_RECORD,AP-KAK-LAND-1469,Survey No. 268/3,Kakinada,Mandal 2
2.2028825569999264,0.311059716383568,1.779385679567832,0.0,1.0,329.5138373572072,8.17444447093812,1.7382708100773763,0,LEGITIMATE,SUPPLY_CHAIN,AP-AGRI-981-BATCH-470,Mesta Jute,Anakapalli,Mandal 1
1.7276059204977565,0.25130436457354927,1.842010045346359,0.0,1.0,41.14458441289335,2.037639271805141,1.9815258113218395,0,LEGITIMATE,CERTIFICATE,CUTM-CERT-2026-1471,B.Tech Degree Certificate,Srikakulam,Ponduru
9.10941702548108,0.8042984519297757,5.46013160417989,6.0,5.0,1.8493610277632835,380.220201799619,73.79550954412983,1,SUSPICIOUS,LAND_RECORD,AP-SRI-LAND-1472,Survey No. 114/3,Srikakulam,Laveru
1.7880734774637759,0.11820133320564549,2.1676406370026213,0.0,2.0,76.87351089386104,13.794236710809466,0.8722093764332182,0,LEGITIMATE,CERTIFICATE,CUTM-CERT-2026-1473,B.Tech Degree Certificate,Anakapalli,Mandal 1
0.9404000834242519,0.22830730729897597,1.8592425259510112,0.0,1.0,198.94603511276048,0.5,1.213537802626461,0,LEGITIMATE,LAND_RECORD,AP-VIS-LAND-1474,Survey No. 239/4,Visakhapatnam,Pendurthi
11.31472055103063,0.7080798797340944,15.0,8.0,10.0,7.182763082080692,344.190484080926,112.81091986412657,1,SUSPICIOUS,CERTIFICATE,CUTM-CERT-2026-1475,Organic Farming Certification,Kakinada,Mandal 2
1.8044373436535879,0.19824054827413412,1.1607758571219802,1.0,3.0,611.6377478881682,9.891528396764945,0.966953690762659,0,LEGITIMATE,SUPPLY_CHAIN,AP-AGRI-723-BATCH-476,Teja Red Chilli,Anakapalli,Mandal 1
1.6135287569937315,0.09876079425156592,2.7216011812081335,0.0,3.0,258.4815610532889,1.6801448397478544,1.670578341850348,0,LEGITIMATE,LAND_RECORD,AP-VIS-LAND-1477,Survey No. 396/3,Visakhapatnam,Anandapuram
1.7882391897469978,0.23199373545003193,2.848281967501191,0.0,5.0,28.22604271594485,14.780813513827539,1.0431919691195515,0,LEGITIMATE,LAND_RECORD,AP-VIZ-LAND-1478,Survey No. 121/2,Vizianagaram,Gantyada
1.842270149897092,0.2109719393566949,0.7788389508036563,0.0,5.0,110.32317315070274,31.29553360264779,1.741423822350494,0,LEGITIMATE,LAND_RECORD,AP-EAS-LAND-1479,Survey No. 432/3,East Godavari,Mandal 2
2.2423870386329767,0.1612935215066112,1.8400332084137738,2.0,3.0,136.82427113948572,15.63291293582168,1.201924708048232,0,LEGITIMATE,SUPPLY_CHAIN,AP-AGRI-548-BATCH-480,Banganapalle Mango,Anakapalli,Mandal 2
0.8604773835403653,0.16610758825719374,1.4923197192067321,0.0,1.0,269.5485736511825,46.430653796863425,2.1244210328396074,0,LEGITIMATE,LAND_RECORD,AP-VIZ-LAND-1481,Survey No. 300/2,Vizianagaram,Bhogapuram
1.9950031401582642,0.18112300723470104,1.4989019026810761,2.0,1.0,70.77956098833424,17.22991945462734,0.4889754951259412,0,LEGITIMATE,CERTIFICATE,CUTM-CERT-2026-1482,Skill Competency Credential,Vizianagaram,Vizianagaram Rural
2.321849234567488,0.1795764740511304,0.8650860220700022,1.0,3.0,78.16136977196284,27.32233417987159,1.6554918043214786,0,LEGITIMATE,LAND_RECORD,AP-EAS-LAND-1483,Survey No. 438/4,East Godavari,Mandal 1
2.148012520837635,0.28648734065021114,2.9306280613491174,0.0,1.0,533.8079936801576,18.227939503832847,1.7126220936864014,0,LEGITIMATE,CERTIFICATE,CUTM-CERT-2026-1484,B.Tech Degree Certificate,East Godavari,Mandal 2
1.213775617140365,0.3321944358844878,2.773089338376447,2.0,3.0,16.36556151005936,13.75149172165926,0.8638017980310486,0,LEGITIMATE,LAND_RECORD,AP-EAS-LAND-1485,Survey No. 361/1,East Godavari,Mandal 2
1.6889556140729183,0.09867658233737227,1.5351998571313323,0.0,2.0,275.8501309861696,6.384604936466593,0.8058853161738424,0,LEGITIMATE,SUPPLY_CHAIN,AP-AGRI-140-BATCH-486,Teja Red Chilli,Visakhapatnam,Padmanabham
2.1521340678638055,0.21112915244014316,1.4738092798705107,2.0,2.0,189.2468555646082,43.199605201359326,1.4431920058078715,0,LEGITIMATE,CERTIFICATE,CUTM-CERT-2026-1487,Skill Competency Credential,Srikakulam,Etcherla
1.5117754076207457,0.15516717255545773,3.068155222160216,0.0,3.0,215.5396522787928,29.791449404676698,0.45882003458298326,0,LEGITIMATE,LAND_RECORD,AP-SRI-LAND-1488,Survey No. 274/2,Srikakulam,Laveru
5.9829959178896885,0.558229445931272,2.2480495827770004,6.0,12.0,2.2061037557982326,335.50921909651265,68.57634180984826,1,SUSPICIOUS,LAND_RECORD,AP-ANA-LAND-1489,Survey No. 164/2,Anakapalli,Mandal 2
1.7235983939070658,0.26388475778120263,0.9284311853312949,0.0,1.0,34.69225946316462,23.585730457309264,1.3093699429948469,0,LEGITIMATE,SUPPLY_CHAIN,AP-AGRI-355-BATCH-490,Teja Red Chilli,Vizianagaram,Gantyada
1.8693243747050408,0.21554744776477974,4.52679398290857,1.0,1.0,99.75768385356162,4.97083762436772,1.5634235630836146,0,LEGITIMATE,SUPPLY_CHAIN,AP-AGRI-794-BATCH-491,Mesta Jute,Vizianagaram,Bhogapuram
5.301701704780387,0.6681820265206662,6.942336089196212,3.0,6.0,1.5144786447813425,223.36554431375689,131.75433414670965,1,SUSPICIOUS,CERTIFICATE,CUTM-CERT-2026-1492,Land Title Deed (Pattadar),Vizianagaram,Denkada
1.0983592135164393,0.12220937331211745,1.849933379564516,0.0,3.0,10.0,7.035231771931754,1.1454530016593232,0,LEGITIMATE,LAND_RECORD,AP-ANA-LAND-1493,Survey No. 55/1,Anakapalli,Mandal 2
2.2978586058549983,0.0658490181681269,2.8454644198308077,0.0,3.0,156.77223329364207,18.922857903706287,1.1425407172692486,0,LEGITIMATE,CERTIFICATE,CUTM-CERT-2026-1494,Organic Farming Certification,Srikakulam,Laveru
0.5643457792880058,0.13025409635907315,3.1788636259665752,1.0,1.0,73.37992856257657,16.288442969524198,1.0452333096307345,0,LEGITIMATE,CERTIFICATE,CUTM-CERT-2026-1495,Organic Farming Certification,Anakapalli,Mandal 1
3.4168910954630545,0.12011888022553224,2.52495857662619,0.0,3.0,20.777275274264756,10.941674571029811,2.2570044798695648,0,LEGITIMATE,SUPPLY_CHAIN,AP-AGRI-348-BATCH-496,Teja Red Chilli,Srikakulam,Ponduru
6.895230502723237,0.6171270228570609,6.676816417036984,8.0,5.0,0.23445281893362357,179.72645871891473,94.77151507560475,1,SUSPICIOUS,LAND_RECORD,AP-ANA-LAND-1497,Survey No. 439/1,Anakapalli,Mandal 2
1.6882461848045882,0.19867613891437433,1.3533911970679864,1.0,1.0,165.27877752343971,15.421373384574046,0.19272119458528447,0,LEGITIMATE,LAND_RECORD,AP-VIS-LAND-1498,Survey No. 376/4,Visakhapatnam,Bheemunipatnam
0.35573320623668025,0.07045319132039043,1.8527306969012058,0.0,1.0,155.8340534391342,0.7632398869658513,0.1,0,LEGITIMATE,CERTIFICATE,CUTM-CERT-2026-1499,Skill Competency Credential,East Godavari,Mandal 1
7.470967344720383,1.0,7.406818593940763,6.0,10.0,4.0293209358740825,316.38244813242693,77.11404356553932,1,SUSPICIOUS,SUPPLY_CHAIN,AP-AGRI-775-BATCH-500,Teja Red Chilli,Srikakulam,Ponduru
4.0,0.7367206497096495,5.714261626604536,5.0,4.0,0.4307471944207072,218.41337186733384,83.68259221482384,1,SUSPICIOUS,SUPPLY_CHAIN,AP-AGRI-339-BATCH-501,Cashew Raw Nut,Kakinada,Mandal 2
1.3606887244941563,0.11522404210214926,5.0,0.0,2.0,336.9524365953177,1.5512882215446548,0.950338545544994,0,LEGITIMATE,CERTIFICATE,CUTM-CERT-2026-1502,Organic Farming Certification,Anakapalli,Mandal 1
2.3108009716485958,0.12495661712590356,1.8846053003889833,0.0,2.0,17.50325063662018,13.057904589695728,1.2160725531523788,0,LEGITIMATE,LAND_RECORD,AP-VIZ-LAND-1503,Survey No. 127/1,Vizianagaram,Cheepurupalli
11.262126387955563,0.9256592283992776,7.414589829979789,7.0,4.0,11.021036382097748,460.12752069648366,70.94380315293421,1,SUSPICIOUS,SUPPLY_CHAIN,AP-AGRI-447-BATCH-504,Teja Red Chilli,Anakapalli,Mandal 1
3.198107571523596,0.17904073981716132,1.6306785850773307,0.0,2.0,113.61390041788229,8.368926660000511,1.1437155339163032,0,LEGITIMATE,SUPPLY_CHAIN,AP-AGRI-808-BATCH-505,Teja Red Chilli,Kakinada,Mandal 2
10.008925809212556,0.8403054749928764,3.0783930098528236,3.0,8.0,2.7985116938499175,265.7698826500201,104.59060258558509,1,SUSPICIOUS,CERTIFICATE,CUTM-CERT-2026-1506,Organic Farming Certification,Visakhapatnam,Anandapuram
1.1488147189109645,0.22273276817711013,3.1576770220972077,0.0,2.0,67.12430434513769,1.6073603142307624,2.518015376397985,0,LEGITIMATE,SUPPLY_CHAIN,AP-AGRI-321-BATCH-507,Mesta Jute,Kakinada,Mandal 1
1.684543557222647,0.1894614235071279,2.2169599365403854,1.0,4.0,16.886330322071974,60.0,0.90519804531023,0,LEGITIMATE,LAND_RECORD,AP-ANA-LAND-1508,Survey No. 222/1,Anakapalli,Mandal 2
0.8365287506454366,0.17427735206533357,2.8117509784381367,0.0,1.0,275.9277246567509,0.5981223742608577,1.2384065105664925,0,LEGITIMATE,LAND_RECORD,AP-ANA-LAND-1509,Survey No. 308/4,Anakapalli,Mandal 1
1.6361121239019614,0.017079606420919186,2.443841028043609,0.0,2.0,95.96906744803823,3.0641842725631316,1.4216426707119947,0,LEGITIMATE,CERTIFICATE,CUTM-CERT-2026-1510,Land Title Deed (Pattadar),Anakapalli,Mandal 2
2.3985135270080953,0.10163211070563673,4.3453141885413125,1.0,1.0,208.43726054357208,16.691568881003807,0.1,0,LEGITIMATE,SUPPLY_CHAIN,AP-AGRI-256-BATCH-511,Cashew Raw Nut,Kakinada,Mandal 2
10.168080352974851,0.7645526651434282,15.0,3.0,8.0,4.233074150191481,289.5699424575442,89.95656727965327,1,SUSPICIOUS,LAND_RECORD,AP-VIS-LAND-1512,Survey No. 113/1,Visakhapatnam,Bheemunipatnam
10.330774504972329,0.7905250582535531,4.1167625386135756,3.0,8.0,6.741013737921146,335.5753269651112,45.52411370912608,1,SUSPICIOUS,CERTIFICATE,CUTM-CERT-2026-1513,Organic Farming Certification,Visakhapatnam,Bheemunipatnam
1.9873980236406852,0.03021014639243705,2.724466411214419,0.0,1.0,92.38435054284994,54.80424809973799,2.2518393035005007,0,LEGITIMATE,LAND_RECORD,AP-SRI-LAND-1514,Survey No. 161/3,Srikakulam,Etcherla
1.8431932438352576,0.19434640037059125,1.4087777388862806,0.0,1.0,101.50781350180593,4.725008446741851,0.858135930621631,0,LEGITIMATE,LAND_RECORD,AP-ANA-LAND-1515,Survey No. 75/3,Anakapalli,Mandal 1
1.9269199525029936,0.16941154170590894,3.251251481560244,2.0,1.0,273.68253683382386,14.718143578893791,1.6937676269162165,0,LEGITIMATE,CERTIFICATE,CUTM-CERT-2026-1516,Organic Farming Certification,East Godavari,Mandal 1
2.501930477713223,0.01,3.424238965265627,0.0,1.0,174.8216559322713,40.11915400749256,2.5116500521844944,0,LEGITIMATE,SUPPLY_CHAIN,AP-AGRI-306-BATCH-517,Mesta Jute,Vizianagaram,Bhogapuram
3.2422087193668547,0.078200562331627,2.2258415126408613,1.0,1.0,68.51247982256255,30.94557710432891,2.269873096986355,0,LEGITIMATE,CERTIFICATE,CUTM-CERT-2026-1518,Land Title Deed (Pattadar),East Godavari,Mandal 1
1.576230148549889,0.10474890013159688,3.1918883036992853,1.0,2.0,287.83895968678985,9.635744406971792,0.5433047909620214,0,LEGITIMATE,CERTIFICATE,CUTM-CERT-2026-1519,B.Tech Degree Certificate,Visakhapatnam,Padmanabham
1.6903534716393367,0.12033774644303506,2.8442614873523815,1.0,3.0,302.10183474624694,10.68486688094316,1.1068429541650682,0,LEGITIMATE,SUPPLY_CHAIN,AP-AGRI-750-BATCH-520,Teja Red Chilli,Visakhapatnam,Pendurthi
2.205692799733534,0.2339598884690655,1.5736637932054744,0.0,1.0,123.60379983499693,6.517990118632686,0.37813171502518395,0,LEGITIMATE,LAND_RECORD,AP-KAK-LAND-1521,Survey No. 213/4,Kakinada,Mandal 1
0.4834411004181598,0.2825900896185997,5.0,0.0,1.0,215.5911159278223,8.91811553920477,2.313120688479627,0,LEGITIMATE,CERTIFICATE,CUTM-CERT-2026-1522,Organic Farming Certification,Kakinada,Mandal 2
2.385065527420036,0.1216242157632258,1.211792721001993,0.0,2.0,300.14126527147954,0.5,0.1,0,LEGITIMATE,SUPPLY_CHAIN,AP-AGRI-213-BATCH-523,Teja Red Chilli,Vizianagaram,Cheepurupalli
1.5506152202570018,0.12564585897146663,3.0584910368723848,0.0,2.0,76.83092650925497,38.990159803393034,1.6389104574668856,0,LEGITIMATE,SUPPLY_CHAIN,AP-AGRI-528-BATCH-524,Banganapalle Mango,Kakinada,Mandal 1
1.8097896553057047,0.11959695502462432,3.6347357027990346,0.0,1.0,122.41809508954478,1.146461900827323,0.11720674282158394,0,LEGITIMATE,SUPPLY_CHAIN,AP-AGRI-735-BATCH-525,Banganapalle Mango,Visakhapatnam,Bheemunipatnam
4.161474602086891,0.5888719579556089,8.841712106934327,4.0,5.0,5.713458537774782,302.798721291408,90.42869769317193,1,SUSPICIOUS,LAND_RECORD,AP-KAK-LAND-1526,Survey No. 384/2,Kakinada,Mandal 1
1.8550190942805262,0.16105787403794422,5.0,0.0,1.0,516.9945453372878,44.280599223218154,2.4412508536717423,0,LEGITIMATE,LAND_RECORD,AP-KAK-LAND-1527,Survey No. 445/3,Kakinada,Mandal 2
1.4788116547954897,0.23984757043532312,1.7848649481189172,0.0,2.0,55.765987154969146,60.0,1.1660664961595895,0,LEGITIMATE,SUPPLY_CHAIN,AP-AGRI-126-BATCH-528,Teja Red Chilli,Srikakulam,Laveru
2.544696072914051,0.18848229318109241,1.2692307508409113,1.0,5.0,103.73229955683966,22.40306616529934,1.7594116047668187,0,LEGITIMATE,SUPPLY_CHAIN,AP-AGRI-255-BATCH-529,Banganapalle Mango,Kakinada,Mandal 1
1.6344875060248407,0.12238745062056816,2.260507225880168,0.0,1.0,41.89197967651959,37.66932605944039,0.1,0,LEGITIMATE,LAND_RECORD,AP-KAK-LAND-1530,Survey No. 81/3,Kakinada,Mandal 2
1.9254929444694213,0.21153889664297024,2.2708817740315306,0.0,3.0,219.5809227447775,5.459215536019994,0.1,0,LEGITIMATE,LAND_RECORD,AP-SRI-LAND-1531,Survey No. 281/4,Srikakulam,Ranastalam
1.7390340802632431,0.23270289343511197,2.2546191260523627,1.0,1.0,23.351254739183595,6.847866232785134,0.1,0,LEGITIMATE,LAND_RECORD,AP-EAS-LAND-1532,Survey No. 425/3,East Godavari,Mandal 1
2.447050430031204,0.14840786632747316,2.077960012194006,0.0,3.0,184.0345226011327,18.022840867152457,0.868950565942004,0,LEGITIMATE,SUPPLY_CHAIN,AP-AGRI-432-BATCH-533,Mesta Jute,Visakhapatnam,Pendurthi
1.5300590129337872,0.08554254667097663,1.544412783038491,0.0,1.0,168.27965158943204,5.019046139722526,1.2337268460612272,0,LEGITIMATE,LAND_RECORD,AP-EAS-LAND-1534,Survey No. 72/1,East Godavari,Mandal 2
7.5999768667063305,0.7153341102958463,15.0,3.0,7.0,5.815219286237586,166.3544890229452,101.35680155563684,1,SUSPICIOUS,SUPPLY_CHAIN,AP-AGRI-189-BATCH-535,Banganapalle Mango,Kakinada,Mandal 1
0.27385295485736827,0.07761539974284623,2.423774342571345,1.0,1.0,519.0820083985375,19.58130698097137,0.9702499689820525,0,LEGITIMATE,SUPPLY_CHAIN,AP-AGRI-571-BATCH-536,Cashew Raw Nut,East Godavari,Mandal 2
2.3997557877965687,0.01,2.7460981865657605,0.0,3.0,67.29548090072836,2.6187846658971354,0.3842255223066855,0,LEGITIMATE,LAND_RECORD,AP-SRI-LAND-1537,Survey No. 274/3,Srikakulam,Ponduru
1.9416143342818355,0.1924555150419786,3.538747633330085,0.0,1.0,141.87220350335076,48.54884677348365,2.2250022667427056,0,LEGITIMATE,SUPPLY_CHAIN,AP-AGRI-386-BATCH-538,Teja Red Chilli,East Godavari,Mandal 1
1.5422257302483786,0.15451292537356565,4.548356629010398,0.0,2.0,10.0,13.044997870054987,3.1804088986364203,0,LEGITIMATE,CERTIFICATE,CUTM-CERT-2026-1539,B.Tech Degree Certificate,Vizianagaram,Gantyada
2.231769939782846,0.18881585851821656,5.0,0.0,1.0,436.508821414859,40.62411723426583,1.2359142660982616,0,LEGITIMATE,LAND_RECORD,AP-KAK-LAND-1540,Survey No. 126/3,Kakinada,Mandal 2
2.8270268754963297,0.10134082165301704,1.9791383872414312,0.0,1.0,127.76333097436688,0.6617799350066501,1.4637240387743973,0,LEGITIMATE,LAND_RECORD,AP-KAK-LAND-1541,Survey No. 418/2,Kakinada,Mandal 2
10.354832316225615,0.6337957140377697,15.0,5.0,5.0,0.8422877916274409,159.1217556680764,130.45485171387776,1,SUSPICIOUS,LAND_RECORD,AP-VIZ-LAND-1542,Survey No. 249/2,Vizianagaram,Denkada
2.7546952274528826,0.1888098047095665,2.053170706600083,0.0,1.0,86.88655348440756,3.934255169302101,1.1179991714410935,0,LEGITIMATE,SUPPLY_CHAIN,AP-AGRI-357-BATCH-543,Mesta Jute,Anakapalli,Mandal 2
6.470363044291918,0.8082789457869247,15.0,3.0,8.0,1.4069698278417744,245.96934382931462,85.75858637932711,1,SUSPICIOUS,CERTIFICATE,CUTM-CERT-2026-1544,Land Title Deed (Pattadar),Srikakulam,Ranastalam
5.154748038305343,0.8203227624735626,7.519713789610202,5.0,10.0,0.14922627117699092,188.30415405643512,65.58305198823626,1,SUSPICIOUS,SUPPLY_CHAIN,AP-AGRI-754-BATCH-545,Banganapalle Mango,Vizianagaram,Gantyada
1.5034753754774133,0.2242193919640964,1.585034086979754,1.0,1.0,208.50979751413,5.706425539438842,2.414615285630237,0,LEGITIMATE,CERTIFICATE,CUTM-CERT-2026-1546,Skill Competency Credential,Kakinada,Mandal 2
12.522013743267141,0.6386676929661519,8.26647618427683,3.0,4.0,2.8694405429726486,312.7662592037651,102.10006453671204,1,SUSPICIOUS,SUPPLY_CHAIN,AP-AGRI-325-BATCH-547,Banganapalle Mango,Anakapalli,Mandal 1
2.436020951924478,0.11530980118766498,2.832594620523995,0.0,5.0,62.45363723663422,2.609217131764987,1.443440859713297,0,LEGITIMATE,LAND_RECORD,AP-EAS-LAND-1548,Survey No. 405/1,East Godavari,Mandal 2
2.754400098459989,0.0883015867012289,1.385632663624821,0.0,1.0,78.33563879116974,17.060523240322254,2.3405497879354513,0,LEGITIMATE,LAND_RECORD,AP-EAS-LAND-1549,Survey No. 235/2,East Godavari,Mandal 2
1.8186097389282692,0.01,0.46216507292558173,1.0,2.0,10.0,0.5,0.1,0,LEGITIMATE,SUPPLY_CHAIN,AP-AGRI-256-BATCH-550,Teja Red Chilli,Visakhapatnam,Anandapuram
0.18292759435714934,0.16560831785143104,1.7534021537218527,1.0,1.0,674.8463125185076,7.4579446283763176,1.9589823486519748,0,LEGITIMATE,SUPPLY_CHAIN,AP-AGRI-900-BATCH-551,Banganapalle Mango,East Godavari,Mandal 2
0.5346121981575471,0.18379739393897815,1.518088437579236,1.0,1.0,25.589683855130023,60.0,0.7463751023394463,0,LEGITIMATE,SUPPLY_CHAIN,AP-AGRI-558-BATCH-552,Cashew Raw Nut,Kakinada,Mandal 2
5.169057607892219,0.7844260611852615,15.0,3.0,7.0,1.9278923836295392,298.1597521525253,106.39044583232561,1,SUSPICIOUS,SUPPLY_CHAIN,AP-AGRI-732-BATCH-553,Cashew Raw Nut,Srikakulam,Ponduru
1.5924003325257041,0.16274382270637125,1.4472402664671222,0.0,3.0,161.88101973713103,4.230318666580108,2.000195649933407,0,LEGITIMATE,LAND_RECORD,AP-VIZ-LAND-1554,Survey No. 240/4,Vizianagaram,Cheepurupalli
1.4596641085106672,0.03747994983902138,2.275203384831236,2.0,2.0,86.83710492428762,4.267161322972409,1.7323753418008039,0,LEGITIMATE,LAND_RECORD,AP-KAK-LAND-1555,Survey No. 341/1,Kakinada,Mandal 2
0.8047654454587991,0.2280791959852673,2.7572711154426934,2.0,1.0,101.84609393465617,11.726634964331952,1.5866510579460025,0,LEGITIMATE,SUPPLY_CHAIN,AP-AGRI-769-BATCH-556,Mesta Jute,Srikakulam,Etcherla
2.554490349021627,0.1290988487166997,0.8666219301837855,0.0,3.0,60.485649551117376,7.7048207477826,0.918868403857662,0,LEGITIMATE,SUPPLY_CHAIN,AP-AGRI-309-BATCH-557,Banganapalle Mango,Vizianagaram,Denkada
3.0582928166512477,0.1673952332242609,1.095811893139531,0.0,1.0,686.7492386145462,5.034344452667852,1.544058556408031,0,LEGITIMATE,CERTIFICATE,CUTM-CERT-2026-1558,Skill Competency Credential,Vizianagaram,Denkada
0.22691201126140115,0.13962110374491973,2.592607545748756,0.0,1.0,165.68789080537198,0.5,2.6143455543852676,0,LEGITIMATE,LAND_RECORD,AP-ANA-LAND-1559,Survey No. 341/2,Anakapalli,Mandal 1
1.0466283597768624,0.04352981979092074,0.6777159840579016,1.0,2.0,37.96361558262586,1.0127316516414693,0.1,0,LEGITIMATE,CERTIFICATE,CUTM-CERT-2026-1560,B.Tech Degree Certificate,Kakinada,Mandal 1
1.0903978434917208,0.11824689270097666,1.8452272905316207,1.0,3.0,137.44010536595263,18.449938054247955,0.29662713223725246,0,LEGITIMATE,LAND_RECORD,AP-SRI-LAND-1561,Survey No. 225/1,Srikakulam,Etcherla
1.7378424866012494,0.24570715882961974,1.2798063188781557,0.0,1.0,125.64932449744283,51.72068737485799,2.089958290612943,0,LEGITIMATE,LAND_RECORD,AP-KAK-LAND-1562,Survey No. 72/4,Kakinada,Mandal 2
12.291866916639878,0.9901293444377635,15.0,5.0,11.0,0.7909012735197286,281.9479704375571,20.0,1,SUSPICIOUS,CERTIFICATE,CUTM-CERT-2026-1563,B.Tech Degree Certificate,Srikakulam,Etcherla
2.3493908256256946,0.06194709886125119,1.9941203092882849,2.0,3.0,441.0009571452698,5.851496094287859,1.4690832713027315,0,LEGITIMATE,CERTIFICATE,CUTM-CERT-2026-1564,Skill Competency Credential,Visakhapatnam,Bheemunipatnam
2.0897231997608854,0.08892485461514715,3.052321197733332,1.0,2.0,13.903342623515195,4.738977719237749,0.9213915038041897,0,LEGITIMATE,CERTIFICATE,CUTM-CERT-2026-1565,Organic Farming Certification,Anakapalli,Mandal 1
1.6242281883741614,0.12877119133485962,3.198436291840809,0.0,1.0,315.2724082035928,0.5,0.1,0,LEGITIMATE,LAND_RECORD,AP-EAS-LAND-1566,Survey No. 290/2,East Godavari,Mandal 1
2.2419017580869784,0.10048427579269094,3.1648168054976082,1.0,2.0,39.67576773272365,14.029659203260854,0.1,0,LEGITIMATE,LAND_RECORD,AP-VIS-LAND-1567,Survey No. 239/1,Visakhapatnam,Bheemunipatnam
2.255174303904855,0.3125120131822802,5.0,1.0,3.0,45.814032425567056,5.557699404714259,0.9420639533837414,0,LEGITIMATE,SUPPLY_CHAIN,AP-AGRI-430-BATCH-568,Cashew Raw Nut,Kakinada,Mandal 2
2.1435366962956732,0.07244811378091033,2.137092844811641,0.0,3.0,257.74407200488355,19.838734211104487,1.4334889628481637,0,LEGITIMATE,CERTIFICATE,CUTM-CERT-2026-1569,Skill Competency Credential,East Godavari,Mandal 2
2.3958999023913523,0.3116511759020666,2.8588131802686867,0.0,1.0,406.6433582999748,17.661985570551877,0.1,0,LEGITIMATE,SUPPLY_CHAIN,AP-AGRI-628-BATCH-570,Mesta Jute,East Godavari,Mandal 1
1.9520618363673674,0.12542983415313716,1.8742941600733083,2.0,2.0,307.4502674676989,2.23396086228116,0.7597801351806224,0,LEGITIMATE,LAND_RECORD,AP-VIS-LAND-1571,Survey No. 323/3,Visakhapatnam,Padmanabham
1.728136536271557,0.1672406375441405,1.3658915916686325,0.0,4.0,12.885602634018946,12.338825459713656,1.7448252348514093,0,LEGITIMATE,SUPPLY_CHAIN,AP-AGRI-472-BATCH-572,Banganapalle Mango,Kakinada,Mandal 1
1.9235586949607129,0.18136087498926054,1.4994853660470682,0.0,2.0,26.354002473688443,0.5,0.9785847191122978,0,LEGITIMATE,LAND_RECORD,AP-ANA-LAND-1573,Survey No. 223/2,Anakapalli,Mandal 2
3.5115911015412413,0.15911001553136098,2.726636033846242,0.0,3.0,223.69064352713798,13.38437243625514,1.9638759088631084,0,LEGITIMATE,LAND_RECORD,AP-VIS-LAND-1574,Survey No. 305/2,Visakhapatnam,Padmanabham
1.7441972523655207,0.1259388332122612,2.5111129966026837,1.0,2.0,471.0978902722759,25.17754652119113,1.4928135366148654,0,LEGITIMATE,SUPPLY_CHAIN,AP-AGRI-394-BATCH-575,Banganapalle Mango,Visakhapatnam,Anandapuram
1.3893904404503696,0.1872397419333024,3.251388411368093,0.0,1.0,208.0381558748256,0.5,2.220211630896499,0,LEGITIMATE,LAND_RECORD,AP-SRI-LAND-1576,Survey No. 280/1,Srikakulam,Ponduru
1.3634795175192513,0.1595299143493022,2.554192956557669,0.0,2.0,182.56855370109488,2.0124483342871025,1.7208528981898161,0,LEGITIMATE,SUPPLY_CHAIN,AP-AGRI-652-BATCH-577,Cashew Raw Nut,East Godavari,Mandal 1
2.0498097414046565,0.20390355149342063,4.874917706219864,0.0,3.0,384.88761812619197,8.87898854554087,0.644807079076501,0,LEGITIMATE,SUPPLY_CHAIN,AP-AGRI-363-BATCH-578,Teja Red Chilli,Kakinada,Mandal 2
2.3535612048252923,0.02129546325840226,1.4782589062199047,2.0,1.0,70.15999139098152,54.337084971681705,0.7597836551826141,0,LEGITIMATE,LAND_RECORD,AP-ANA-LAND-1579,Survey No. 55/3,Anakapalli,Mandal 1
2.8341755439190246,0.09679506237107015,0.4698959308310257,0.0,5.0,450.1309569951072,11.013550187840353,0.7017787547025613,0,LEGITIMATE,LAND_RECORD,AP-SRI-LAND-1580,Survey No. 313/3,Srikakulam,Ranastalam
2.5925642005254734,0.2211301854021606,1.6347832849332833,1.0,3.0,10.0,11.07722142366552,1.2883581897162228,0,LEGITIMATE,CERTIFICATE,CUTM-CERT-2026-1581,Organic Farming Certification,Visakhapatnam,Anandapuram
1.384095031012244,0.17190430762588155,1.627732507746326,1.0,3.0,35.64789138992942,23.193491905086823,1.476191663761979,0,LEGITIMATE,SUPPLY_CHAIN,AP-AGRI-974-BATCH-582,Cashew Raw Nut,Anakapalli,Mandal 1
6.298969651184286,0.5708579214133731,15.0,3.0,6.0,3.607611402027562,347.7051986466816,113.93872192645081,1,SUSPICIOUS,CERTIFICATE,CUTM-CERT-2026-1583,B.Tech Degree Certificate,East Godavari,Mandal 1
8.854569796141014,0.7286135643050988,9.897547230709526,7.0,9.0,1.0961079626714336,265.44737380833044,96.21977618430968,1,SUSPICIOUS,LAND_RECORD,AP-KAK-LAND-1584,Survey No. 267/2,Kakinada,Mandal 2
7.840990767148464,0.83218103541976,6.763274042123485,4.0,8.0,0.17068171773085666,340.3842641057761,59.201219788781344,1,SUSPICIOUS,SUPPLY_CHAIN,AP-AGRI-931-BATCH-585,Banganapalle Mango,Vizianagaram,Gantyada
2.2437372644136198,0.24489140016950647,4.823716760599275,1.0,5.0,236.85248762662127,7.997147137281141,0.6191606333002553,0,LEGITIMATE,CERTIFICATE,CUTM-CERT-2026-1586,Skill Competency Credential,Anakapalli,Mandal 2
1.5237764139982874,0.18624150050497373,1.6726882166801016,0.0,4.0,354.6611022185408,0.5,1.42658382179469,0,LEGITIMATE,LAND_RECORD,AP-EAS-LAND-1587,Survey No. 435/2,East Godavari,Mandal 2
3.0588013906461438,0.0757340695368778,1.9954773157234693,0.0,2.0,912.4863455119879,6.0248533469027326,1.5364376569584282,0,LEGITIMATE,LAND_RECORD,AP-KAK-LAND-1588,Survey No. 414/2,Kakinada,Mandal 2
2.4969909701299464,0.14023328896228865,2.5641919482678652,0.0,5.0,238.20048016096345,23.042031848884886,1.6978620047844006,0,LEGITIMATE,CERTIFICATE,CUTM-CERT-2026-1589,Land Title Deed (Pattadar),Visakhapatnam,Pendurthi
1.3199031266763501,0.22763983846909847,5.0,0.0,1.0,245.6524802347225,16.695662090895087,1.4462534961301599,0,LEGITIMATE,LAND_RECORD,AP-VIS-LAND-1590,Survey No. 357/3,Visakhapatnam,Anandapuram
1.085563886340664,0.0722704981589632,2.5665482959606143,0.0,3.0,114.85743113292388,28.91712606869549,1.5964910681753959,0,LEGITIMATE,LAND_RECORD,AP-EAS-LAND-1591,Survey No. 441/2,East Godavari,Mandal 2
0.2237558965666675,0.17470394214785326,1.2306191243292983,0.0,3.0,144.91418927737345,10.198023306061174,0.1890069851830103,0,LEGITIMATE,CERTIFICATE,CUTM-CERT-2026-1592,Land Title Deed (Pattadar),Kakinada,Mandal 1
2.172490561717007,0.2190520590963311,1.8046734687196593,1.0,3.0,494.9239296687951,0.5,1.9594990641584187,0,LEGITIMATE,LAND_RECORD,AP-SRI-LAND-1593,Survey No. 365/1,Srikakulam,Laveru
1.7177204828703088,0.26207054882503733,1.4683207676085732,0.0,2.0,63.90477065239448,3.776659717708642,0.1,0,LEGITIMATE,SUPPLY_CHAIN,AP-AGRI-472-BATCH-594,Cashew Raw Nut,Visakhapatnam,Padmanabham
2.3444371723594477,0.07135184578733798,4.443472296303442,0.0,1.0,38.655526831475484,0.5,0.480906860429657,0,LEGITIMATE,SUPPLY_CHAIN,AP-AGRI-941-BATCH-595,Cashew Raw Nut,Srikakulam,Etcherla
1.5954801699375116,0.08549745434522527,5.0,0.0,2.0,309.8141997456927,9.137211332209215,2.383647716510611,0,LEGITIMATE,SUPPLY_CHAIN,AP-AGRI-277-BATCH-596,Cashew Raw Nut,Anakapalli,Mandal 1
2.6762075059956363,0.027370809731783408,2.313885999808281,1.0,1.0,78.69689198116889,4.305518117099092,2.3090479561454362,0,LEGITIMATE,LAND_RECORD,AP-VIZ-LAND-1597,Survey No. 401/4,Vizianagaram,Bhogapuram
1.714120753753411,0.32685127019145915,1.4599959635054451,1.0,3.0,64.4812368929888,7.4805322882137295,0.49050429452941335,0,LEGITIMATE,LAND_RECORD,AP-ANA-LAND-1598,Survey No. 42/1,Anakapalli,Mandal 1
8.661569798923137,0.6989823961029888,4.875584914591455,8.0,8.0,2.243056724139132,268.0103211186597,100.4118398138503,1,SUSPICIOUS,CERTIFICATE,CUTM-CERT-2026-1599,Land Title Deed (Pattadar),Visakhapatnam,Padmanabham
1.6664676777658158,0.21214461590921171,1.3223869935999886,0.0,3.0,26.440551793187268,15.868359852925336,0.1,0,LEGITIMATE,CERTIFICATE,CUTM-CERT-2026-1600,B.Tech Degree Certificate,Srikakulam,Ponduru
1.7263431060243903,0.18347992596403076,5.0,0.0,2.0,182.4293521108793,8.88436386179318,0.15950600457940278,0,LEGITIMATE,LAND_RECORD,AP-SRI-LAND-1601,Survey No. 33/4,Srikakulam,Laveru
1.8309486646729387,0.15856840240075773,2.7176359816924793,0.0,2.0,214.06688862541165,6.864827909777028,2.3896236114753786,0,LEGITIMATE,LAND_RECORD,AP-EAS-LAND-1602,Survey No. 319/1,East Godavari,Mandal 2
3.2368794873621236,0.01,2.1909224159787577,1.0,1.0,166.13655098663207,33.624844792236004,1.7127217361700036,0,LEGITIMATE,SUPPLY_CHAIN,AP-AGRI-221-BATCH-603,Cashew Raw Nut,Visakhapatnam,Bheemunipatnam
1.5988316469155768,0.20859422478102707,3.050788500839727,0.0,1.0,175.31828603095835,15.352545404498102,0.8593698909819296,0,LEGITIMATE,LAND_RECORD,AP-EAS-LAND-1604,Survey No. 397/4,East Godavari,Mandal 2
10.270163830025338,0.8462457431291854,4.124534194816441,3.0,7.0,5.725207670562335,252.66495849151758,107.50473238785021,1,SUSPICIOUS,CERTIFICATE,CUTM-CERT-2026-1605,Organic Farming Certification,Anakapalli,Mandal 1
7.939858713737907,0.85064804212431,15.0,3.0,8.0,2.8639368612202913,291.27942947677406,81.36555576116012,1,SUSPICIOUS,CERTIFICATE,CUTM-CERT-2026-1606,Organic Farming Certification,Anakapalli,Mandal 2
9.700683370614264,0.5330575143956845,2.361992163678507,3.0,10.0,4.020621190603348,199.06511565269264,67.93550855027381,1,SUSPICIOUS,LAND_RECORD,AP-KAK-LAND-1607,Survey No. 346/4,Kakinada,Mandal 1
2.4269236703200416,0.2063318513311828,2.66034130472043,0.0,1.0,381.48902176102894,1.8455630384890578,0.7980466384336935,0,LEGITIMATE,CERTIFICATE,CUTM-CERT-2026-1608,B.Tech Degree Certificate,Visakhapatnam,Anandapuram
0.15899147434792593,0.19681980250870848,2.0951302256624964,0.0,3.0,449.6770257664058,0.6748862279181924,1.4121498850537455,0,LEGITIMATE,CERTIFICATE,CUTM-CERT-2026-1609,Skill Competency Credential,Kakinada,Mandal 1
2.083398561344996,0.024312180594350585,1.8771355146808877,0.0,3.0,91.98390566483351,3.0044348163857886,1.4746534992656217,0,LEGITIMATE,SUPPLY_CHAIN,AP-AGRI-387-BATCH-610,Teja Red Chilli,Anakapalli,Mandal 2
0.1,0.2364684963960697,0.990927768536428,0.0,1.0,745.2977701809262,30.103706963637688,0.6308628656401438,0,LEGITIMATE,CERTIFICATE,CUTM-CERT-2026-1611,B.Tech Degree Certificate,Vizianagaram,Vizianagaram Rural
1.6473796103269045,0.3339731255691871,1.2869861349379617,1.0,1.0,464.2049426631088,34.23675067878922,1.5429209725466202,0,LEGITIMATE,LAND_RECORD,AP-KAK-LAND-1612,Survey No. 19/4,Kakinada,Mandal 1
1.9099339972117413,0.20291025519133665,2.9571387218218677,0.0,3.0,116.47019932233133,3.3293099845864425,2.19367424971819,0,LEGITIMATE,CERTIFICATE,CUTM-CERT-2026-1613,Land Title Deed (Pattadar),Visakhapatnam,Padmanabham
1.8080159041694581,0.10719302772986303,1.8258415751185517,0.0,2.0,81.05548119954354,29.014306672900435,1.373708601487432,0,LEGITIMATE,LAND_RECORD,AP-VIZ-LAND-1614,Survey No. 388/2,Vizianagaram,Denkada
1.526675235376033,0.2099565612325251,2.29448272902931,0.0,2.0,87.43921531249876,33.66999338974513,1.5237386839393758,0,LEGITIMATE,LAND_RECORD,AP-EAS-LAND-1615,Survey No. 134/1,East Godavari,Mandal 1
2.318009965413035,0.13763113931040727,2.905559615875195,0.0,2.0,23.75310921331385,6.564626244668272,2.109746715124773,0,LEGITIMATE,SUPPLY_CHAIN,AP-AGRI-684-BATCH-616,Banganapalle Mango,Visakhapatnam,Bheemunipatnam
11.640051843450124,0.7839837999399568,15.0,3.0,4.0,7.386233936213376,306.8948144488617,101.02120680586707,1,SUSPICIOUS,LAND_RECORD,AP-ANA-LAND-1617,Survey No. 74/4,Anakapalli,Mandal 1
2.831527974577167,0.2338423662093802,2.2609449235001957,0.0,3.0,10.0,10.472028643225462,0.883173969404847,0,LEGITIMATE,SUPPLY_CHAIN,AP-AGRI-674-BATCH-618,Teja Red Chilli,Anakapalli,Mandal 1
2.0082577498298884,0.19351016032897442,1.7930966904018417,0.0,1.0,203.08217293607296,7.6997774152686835,1.0572696557118935,0,LEGITIMATE,LAND_RECORD,AP-VIS-LAND-1619,Survey No. 310/2,Visakhapatnam,Bheemunipatnam
1.7986561027765577,0.1356047929693355,1.7790273708870954,0.0,3.0,216.6575362636824,44.51605927788782,1.125479363277031,0,LEGITIMATE,LAND_RECORD,AP-KAK-LAND-1620,Survey No. 420/1,Kakinada,Mandal 1
0.9955572019681942,0.01,2.1142645613455473,0.0,4.0,66.79409741663949,8.073486988078697,1.3093473084354406,0,LEGITIMATE,SUPPLY_CHAIN,AP-AGRI-567-BATCH-621,Mesta Jute,Visakhapatnam,Padmanabham
1.808437226421278,0.07739059951195196,1.3028400065508312,1.0,3.0,380.09686340957137,21.119793273355217,1.5110389335049874,0,LEGITIMATE,LAND_RECORD,AP-EAS-LAND-1622,Survey No. 308/2,East Godavari,Mandal 1
2.3806633294168513,0.06621702828929515,2.4098105178058233,1.0,1.0,223.02319923097107,5.403337441815863,0.1,0,LEGITIMATE,LAND_RECORD,AP-SRI-LAND-1623,Survey No. 165/2,Srikakulam,Ponduru
1.9539976787802356,0.24773829329740743,1.9038266797766679,1.0,2.0,36.71500908458802,14.14372296695306,1.886222920934068,0,LEGITIMATE,LAND_RECORD,AP-KAK-LAND-1624,Survey No. 200/2,Kakinada,Mandal 1
1.8485667945929452,0.16794378457452752,2.3297552511128545,0.0,1.0,165.59943866566522,26.240214101193608,0.9379467263854013,0,LEGITIMATE,CERTIFICATE,CUTM-CERT-2026-1625,Skill Competency Credential,Srikakulam,Laveru
0.8924693703476674,0.1669109180038614,2.722874493210327,0.0,1.0,554.1712346073805,10.162921631227151,1.4073056750646356,0,LEGITIMATE,SUPPLY_CHAIN,AP-AGRI-228-BATCH-626,Cashew Raw Nut,East Godavari,Mandal 2
2.3570870586538417,0.17074301132279263,1.631178489423151,0.0,1.0,13.22880174436645,11.223088557701287,2.0308836876216807,0,LEGITIMATE,SUPPLY_CHAIN,AP-AGRI-536-BATCH-627,Teja Red Chilli,Visakhapatnam,Padmanabham
1.7653088137138921,0.15226613960663526,5.0,0.0,1.0,56.75508771262247,0.5,0.4653298018071629,0,LEGITIMATE,SUPPLY_CHAIN,AP-AGRI-197-BATCH-628,Banganapalle Mango,East Godavari,Mandal 1
1.312840171830508,0.03270512140243663,1.948831111187634,2.0,5.0,53.301080191854375,6.98737565356138,2.2310856046160072,0,LEGITIMATE,SUPPLY_CHAIN,AP-AGRI-749-BATCH-629,Mesta Jute,Kakinada,Mandal 1
3.1982599244633336,0.23167062568019792,1.722027930026569,0.0,1.0,101.85158455896885,8.583014707248871,2.021589479537563,0,LEGITIMATE,LAND_RECORD,AP-VIS-LAND-1630,Survey No. 350/3,Visakhapatnam,Padmanabham
2.033149260832779,0.2041987873673115,1.8146877457473407,0.0,2.0,150.04862001127023,27.030371294638865,1.7624523950354745,0,LEGITIMATE,LAND_RECORD,AP-ANA-LAND-1631,Survey No. 85/3,Anakapalli,Mandal 2
2.369634582976347,0.3785950738511892,3.250758586928585,1.0,4.0,358.5089634266246,14.238199688086594,1.6038270099883927,0,LEGITIMATE,SUPPLY_CHAIN,AP-AGRI-395-BATCH-632,Banganapalle Mango,Visakhapatnam,Bheemunipatnam
0.49811521541806014,0.20917540067303383,1.8398564945129383,0.0,3.0,215.589550079721,48.735156905404715,1.8974468097929007,0,LEGITIMATE,LAND_RECORD,AP-VIS-LAND-1633,Survey No. 338/2,Visakhapatnam,Bheemunipatnam
2.41464100523574,0.07151205060254283,2.491860934395918,1.0,3.0,10.0,40.892418830150895,1.6723737639474336,0,LEGITIMATE,CERTIFICATE,CUTM-CERT-2026-1634,Organic Farming Certification,Anakapalli,Mandal 2
1.197410825033501,0.049409402001490396,2.360920847384883,0.0,1.0,63.44527186138277,2.655862868533575,2.3732772105463678,0,LEGITIMATE,LAND_RECORD,AP-VIZ-LAND-1635,Survey No. 193/2,Vizianagaram,Bhogapuram
2.01137951976349,0.01,1.778852748026702,1.0,3.0,56.1778468238422,3.840159131134732,0.8057146690368908,0,LEGITIMATE,SUPPLY_CHAIN,AP-AGRI-378-BATCH-636,Teja Red Chilli,Kakinada,Mandal 1
1.5543333324474153,0.19929883172426502,1.563320756604922,0.0,2.0,310.46039363325275,16.63897858202244,0.9319898805949443,0,LEGITIMATE,LAND_RECORD,AP-SRI-LAND-1637,Survey No. 86/2,Srikakulam,Etcherla
0.8326356780454572,0.08634569266635307,1.1387097321120045,0.0,3.0,130.4997410862896,7.640817433332333,1.8543445301857626,0,LEGITIMATE,SUPPLY_CHAIN,AP-AGRI-254-BATCH-638,Teja Red Chilli,Visakhapatnam,Padmanabham
1.8026573761350215,0.15603196345168496,3.1433171488541913,0.0,1.0,216.76992231022737,18.331899080669476,2.0163109850255827,0,LEGITIMATE,CERTIFICATE,CUTM-CERT-2026-1639,B.Tech Degree Certificate,Visakhapatnam,Bheemunipatnam
11.332977447104726,0.7500093306915546,10.650401774102939,3.0,8.0,0.1,384.6366198817242,108.32221205327548,1,SUSPICIOUS,LAND_RECORD,AP-ANA-LAND-1640,Survey No. 70/2,Anakapalli,Mandal 2
1.936684122035841,0.20632120594573233,2.7520393718570952,0.0,1.0,173.61245002908646,7.326104032332512,2.04067791538298,0,LEGITIMATE,LAND_RECORD,AP-KAK-LAND-1641,Survey No. 331/3,Kakinada,Mandal 2
1.8917189813353938,0.09399327762832888,2.6366185799106168,1.0,2.0,230.67190741264685,17.509454628365027,2.106015233790634,0,LEGITIMATE,SUPPLY_CHAIN,AP-AGRI-157-BATCH-642,Cashew Raw Nut,Kakinada,Mandal 1
1.7256726485641967,0.26487824998414206,1.6570838393261988,0.0,3.0,66.02040086227612,13.421293138263186,1.177113571796983,0,LEGITIMATE,LAND_RECORD,AP-ANA-LAND-1643,Survey No. 115/4,Anakapalli,Mandal 2
12.122246315355078,0.8600423054440476,12.70468039553278,3.0,6.0,12.51900238213217,260.0019030664025,96.88707208004188,1,SUSPICIOUS,LAND_RECORD,AP-SRI-LAND-1644,Survey No. 445/3,Srikakulam,Ranastalam
2.248149561530131,0.1840899157455541,4.273212344528431,0.0,2.0,10.0,17.844065994814123,1.5278971914073873,0,LEGITIMATE,SUPPLY_CHAIN,AP-AGRI-634-BATCH-645,Banganapalle Mango,Vizianagaram,Gantyada
10.95890974670955,0.723683483672508,8.298002014327988,5.0,12.0,3.3592331849487396,292.30049204111356,66.25876302576586,1,SUSPICIOUS,LAND_RECORD,AP-VIZ-LAND-1646,Survey No. 234/1,Vizianagaram,Gantyada
2.8370188833612815,0.1361703134045251,3.9943189555985548,1.0,1.0,27.40994682182737,8.304494750897927,0.1,0,LEGITIMATE,LAND_RECORD,AP-ANA-LAND-1647,Survey No. 210/3,Anakapalli,Mandal 2
2.931812078949025,0.06933528909805904,2.6544334672586287,1.0,3.0,494.46222296033045,60.0,1.823288148365336,0,LEGITIMATE,LAND_RECORD,AP-ANA-LAND-1648,Survey No. 438/3,Anakapalli,Mandal 1
5.773915863322734,0.7372387931002164,1.5762921493600917,4.0,6.0,3.360573596085689,232.33023970971885,43.328946126274175,1,SUSPICIOUS,LAND_RECORD,AP-KAK-LAND-1649,Survey No. 431/2,Kakinada,Mandal 2
8.653133125640698,0.8642257998610118,15.0,5.0,7.0,1.8242114844628374,219.1611556190399,95.46912578614203,1,SUSPICIOUS,CERTIFICATE,CUTM-CERT-2026-1650,Organic Farming Certification,Visakhapatnam,Bheemunipatnam
1.7124936787762957,0.12527821078430004,2.1543243843114603,0.0,1.0,148.06482701357024,21.556144338651944,0.9559487536360449,0,LEGITIMATE,LAND_RECORD,AP-KAK-LAND-1651,Survey No. 206/1,Kakinada,Mandal 1
1.6232378659879247,0.10627697655772975,3.2289816031436094,0.0,1.0,99.79180256442802,7.996983758447417,0.7763908540623744,0,LEGITIMATE,LAND_RECORD,AP-EAS-LAND-1652,Survey No. 179/1,East Godavari,Mandal 1
1.84410165783429,0.1646331784102964,5.0,0.0,1.0,19.82024011969826,10.448372117300908,1.1209643242483365,0,LEGITIMATE,SUPPLY_CHAIN,AP-AGRI-300-BATCH-653,Banganapalle Mango,Vizianagaram,Denkada
2.3332983418297246,0.163241236961341,1.8215459072027556,2.0,2.0,29.553051389185125,8.069984780295172,1.7645300437845892,0,LEGITIMATE,CERTIFICATE,CUTM-CERT-2026-1654,B.Tech Degree Certificate,East Godavari,Mandal 2
0.8742212066958248,0.10516409521645015,3.2261919524351126,0.0,1.0,105.69366115536135,3.61844964858907,1.3362802079397715,0,LEGITIMATE,LAND_RECORD,AP-VIS-LAND-1655,Survey No. 100/4,Visakhapatnam,Padmanabham
1.4235320575500023,0.30027033055945035,2.33930806789576,0.0,3.0,339.94387953459153,7.866987144930083,0.4051241724435345,0,LEGITIMATE,SUPPLY_CHAIN,AP-AGRI-563-BATCH-656,Teja Red Chilli,East Godavari,Mandal 2
1.1208953362440113,0.1574143556823203,2.6157258454649615,0.0,1.0,77.14152651335502,17.265934250542607,0.6313716228673524,0,LEGITIMATE,SUPPLY_CHAIN,AP-AGRI-770-BATCH-657,Cashew Raw Nut,Visakhapatnam,Padmanabham
2.073371417423662,0.20501219876072102,4.640684524802689,0.0,1.0,115.61636919787543,41.37664573604961,1.8209047724068714,0,LEGITIMATE,LAND_RECORD,AP-EAS-LAND-1658,Survey No. 204/4,East Godavari,Mandal 1
2.3194202320856436,0.1718364603890711,1.8902107545829807,0.0,5.0,86.52265767157186,4.8938436252526385,0.36299341118423123,0,LEGITIMATE,LAND_RECORD,AP-VIS-LAND-1659,Survey No. 447/3,Visakhapatnam,Anandapuram
0.9739994550729187,0.33878175474636896,2.7544663131351355,1.0,1.0,575.5217193318413,22.857357688114636,0.9910544838711821,0,LEGITIMATE,SUPPLY_CHAIN,AP-AGRI-284-BATCH-660,Cashew Raw Nut,Srikakulam,Ranastalam
3.0031565021349014,0.13657007444589508,3.7769521847446854,0.0,1.0,133.80758921489573,7.24386295507097,0.5708290345801479,0,LEGITIMATE,LAND_RECORD,AP-VIZ-LAND-1661,Survey No. 64/4,Vizianagaram,Gantyada
1.174054853614366,0.07678194230773408,3.505360614071399,0.0,3.0,585.3249439864891,1.5987372519659302,1.9517725494425953,0,LEGITIMATE,LAND_RECORD,AP-EAS-LAND-1662,Survey No. 426/4,East Godavari,Mandal 1
2.2126828202249214,0.24659400226489608,1.4513695233640067,0.0,4.0,17.246921433624163,16.48228189029884,1.2350751649707954,0,LEGITIMATE,SUPPLY_CHAIN,AP-AGRI-722-BATCH-663,Cashew Raw Nut,Anakapalli,Mandal 1
1.9208115424054837,0.01,0.8615968929805455,0.0,3.0,16.86823926991041,15.629653988376685,0.1,0,LEGITIMATE,LAND_RECORD,AP-KAK-LAND-1664,Survey No. 255/4,Kakinada,Mandal 1
0.4458284850008176,0.2301467175639526,3.619718211634357,1.0,1.0,174.60126531310016,2.303707881621549,0.9076118402282822,0,LEGITIMATE,LAND_RECORD,AP-KAK-LAND-1665,Survey No. 435/2,Kakinada,Mandal 2
1.2333595767750638,0.04056461780945096,1.869392775966294,0.0,1.0,318.4477678782469,38.752195277484596,2.6518034351590503,0,LEGITIMATE,LAND_RECORD,AP-VIS-LAND-1666,Survey No. 71/3,Visakhapatnam,Pendurthi
2.7361786752099206,0.23202784274062038,1.5672585163752242,1.0,3.0,78.39112162286276,1.1079871878870073,0.10630117399077443,0,LEGITIMATE,CERTIFICATE,CUTM-CERT-2026-1667,Land Title Deed (Pattadar),Kakinada,Mandal 2
2.59106952148316,0.12923087749233803,1.0575676780368266,1.0,5.0,454.00141826970753,4.725392929258225,0.1,0,LEGITIMATE,SUPPLY_CHAIN,AP-AGRI-134-BATCH-668,Mesta Jute,Srikakulam,Etcherla
0.1,0.17475302718079397,2.085070943935482,0.0,5.0,349.5370117074879,9.925087983897527,0.2535950381432056,0,LEGITIMATE,LAND_RECORD,AP-EAS-LAND-1669,Survey No. 189/2,East Godavari,Mandal 2
0.7495314180527131,0.16806878690532417,1.3606679766775196,0.0,1.0,43.15349502899999,31.140805360572465,1.7298283251795374,0,LEGITIMATE,LAND_RECORD,AP-SRI-LAND-1670,Survey No. 209/4,Srikakulam,Ponduru
1.2028692506984942,0.13688371999784027,2.1810988440987136,1.0,5.0,213.63838965480576,31.056317899804846,2.0730033423439855,0,LEGITIMATE,CERTIFICATE,CUTM-CERT-2026-1671,Land Title Deed (Pattadar),Vizianagaram,Bhogapuram
0.6813633373063006,0.027098214876460414,2.1718475419441106,0.0,1.0,31.400877370603535,20.861960503485378,1.9533617937064334,0,LEGITIMATE,SUPPLY_CHAIN,AP-AGRI-678-BATCH-672,Teja Red Chilli,Kakinada,Mandal 1
2.7671953153644577,0.07034478185265546,1.0518519370856172,0.0,2.0,95.61243900525051,5.168688338146016,1.3562625320260828,0,LEGITIMATE,SUPPLY_CHAIN,AP-AGRI-482-BATCH-673,Mesta Jute,Vizianagaram,Gantyada
1.827006786086642,0.20703979402760794,4.223511657073939,1.0,3.0,133.54033101824197,18.132039021765856,1.9429352794883594,0,LEGITIMATE,LAND_RECORD,AP-SRI-LAND-1674,Survey No. 404/3,Srikakulam,Ponduru
1.8252419487584568,0.13643594274396448,1.1104260640747305,0.0,4.0,582.159948560087,23.167839119532758,1.459786428657654,0,LEGITIMATE,LAND_RECORD,AP-EAS-LAND-1675,Survey No. 35/2,East Godavari,Mandal 2
2.1263243635381177,0.058933861843124574,1.641441051457649,0.0,2.0,57.98347648022471,6.940381583286322,0.9905304284061529,0,LEGITIMATE,LAND_RECORD,AP-EAS-LAND-1676,Survey No. 279/2,East Godavari,Mandal 1
2.056571985066061,0.07551412096463174,1.0977266266418628,0.0,3.0,376.57269460759153,0.9266111533830887,0.19764790631677354,0,LEGITIMATE,CERTIFICATE,CUTM-CERT-2026-1677,Skill Competency Credential,Vizianagaram,Bhogapuram
2.3879458235929585,0.0817845508292144,1.714617170190507,0.0,3.0,195.89127992018618,6.293898174807349,0.1,0,LEGITIMATE,CERTIFICATE,CUTM-CERT-2026-1678,B.Tech Degree Certificate,Kakinada,Mandal 2
3.833547018468285,0.08030271423793486,4.40923305484774,0.0,1.0,417.38630676993427,10.515649198853282,0.9185936282491345,0,LEGITIMATE,LAND_RECORD,AP-SRI-LAND-1679,Survey No. 307/2,Srikakulam,Ranastalam
2.119742666290188,0.2147355785482538,1.734174009840121,0.0,1.0,66.42602134977831,17.028053538133328,1.9652943814027644,0,LEGITIMATE,SUPPLY_CHAIN,AP-AGRI-630-BATCH-680,Banganapalle Mango,Anakapalli,Mandal 2
0.7534574188409566,0.08492876701226588,2.613062759902504,0.0,3.0,10.0,6.016645298645182,0.7395879829795409,0,LEGITIMATE,CERTIFICATE,CUTM-CERT-2026-1681,Skill Competency Credential,Srikakulam,Ponduru
1.0299051123929859,0.01,3.323099577106853,0.0,5.0,173.6604193936217,2.0669126326080605,1.9246523082266942,0,LEGITIMATE,CERTIFICATE,CUTM-CERT-2026-1682,Skill Competency Credential,East Godavari,Mandal 2
1.7202367796415876,0.0405332561959106,1.6069096380554642,0.0,1.0,23.278118398806836,5.9256956152173315,1.4661776865855758,0,LEGITIMATE,LAND_RECORD,AP-SRI-LAND-1683,Survey No. 94/2,Srikakulam,Etcherla
2.994096876381195,0.18040186392388904,1.2847160449103017,1.0,1.0,87.78327626668711,2.578613659705559,0.1,0,LEGITIMATE,LAND_RECORD,AP-SRI-LAND-1684,Survey No. 332/1,Srikakulam,Ranastalam
2.1671551627002605,0.21751495132426846,2.040344783957088,0.0,3.0,108.01691477033073,10.51783302905549,0.5980775675491832,0,LEGITIMATE,CERTIFICATE,CUTM-CERT-2026-1685,Land Title Deed (Pattadar),Srikakulam,Ponduru
2.3817223003675823,0.0746769918216159,1.7527725584381173,0.0,1.0,22.029876182737507,0.5,0.1800542757648813,0,LEGITIMATE,LAND_RECORD,AP-VIS-LAND-1686,Survey No. 417/3,Visakhapatnam,Bheemunipatnam
4.0,1.0,2.6464164491682953,6.0,10.0,3.2896944204768905,254.12517319993344,99.13883636033765,1,SUSPICIOUS,LAND_RECORD,AP-EAS-LAND-1687,Survey No. 204/3,East Godavari,Mandal 2
1.9423717684339605,0.02342663870984657,4.280020553877148,1.0,5.0,553.0862024157688,14.26336499536976,0.7763847707457555,0,LEGITIMATE,LAND_RECORD,AP-SRI-LAND-1688,Survey No. 295/3,Srikakulam,Laveru
8.591129442248423,0.7595609759592139,1.5,4.0,6.0,9.024895151101813,382.78522355547454,94.19689499835944,1,SUSPICIOUS,SUPPLY_CHAIN,AP-AGRI-191-BATCH-689,Mesta Jute,East Godavari,Mandal 2
1.049809071196779,0.05555245281972074,1.466974414722385,0.0,1.0,314.4621700811169,2.546514871542138,0.679707858102509,0,LEGITIMATE,LAND_RECORD,AP-ANA-LAND-1690,Survey No. 390/2,Anakapalli,Mandal 2
2.7575352155046797,0.1729832608829091,2.4288300087167216,0.0,2.0,266.2463930495005,5.932063288595923,1.9050806499035076,0,LEGITIMATE,SUPPLY_CHAIN,AP-AGRI-231-BATCH-691,Mesta Jute,Kakinada,Mandal 1
1.5327834742011697,0.07132672170727754,4.284568498161986,0.0,3.0,34.4762228939504,6.886031809631125,0.1,0,LEGITIMATE,CERTIFICATE,CUTM-CERT-2026-1692,B.Tech Degree Certificate,Vizianagaram,Bhogapuram
0.9070195736634548,0.11388924392284838,1.0277274724188723,0.0,2.0,98.71244889228133,21.173337297909,0.7375592635703727,0,LEGITIMATE,SUPPLY_CHAIN,AP-AGRI-767-BATCH-693,Banganapalle Mango,Vizianagaram,Denkada
3.074909195569176,0.2462160645228917,1.9108323157166494,0.0,4.0,101.84108719034262,0.5,0.5238722821761432,0,LEGITIMATE,CERTIFICATE,CUTM-CERT-2026-1694,B.Tech Degree Certificate,Anakapalli,Mandal 2
1.6660869725828698,0.3747655176077114,3.554449533993522,0.0,1.0,436.8740805706944,11.958271019304668,1.4349622284604326,0,LEGITIMATE,CERTIFICATE,CUTM-CERT-2026-1695,Organic Farming Certification,Anakapalli,Mandal 1
2.2334197818827755,0.17680338940299306,1.1742680485803159,0.0,1.0,72.69846404545119,14.19714871416722,1.0088115302560845,0,LEGITIMATE,SUPPLY_CHAIN,AP-AGRI-565-BATCH-696,Banganapalle Mango,Anakapalli,Mandal 1
0.5702947522649924,0.10753425374962822,1.3086248729578285,0.0,3.0,19.11944602470339,1.7242637852904066,1.5231901786187245,0,LEGITIMATE,SUPPLY_CHAIN,AP-AGRI-539-BATCH-697,Cashew Raw Nut,Kakinada,Mandal 1
1.4620468888927487,0.01,4.945677337571945,0.0,2.0,18.239513566475715,9.222281128778352,1.0837384321164496,0,LEGITIMATE,CERTIFICATE,CUTM-CERT-2026-1698,B.Tech Degree Certificate,East Godavari,Mandal 2
3.0045388818161887,0.10809817771670116,2.498036413422476,1.0,3.0,162.4939138301604,1.8339984211601534,1.3891002562846364,0,LEGITIMATE,SUPPLY_CHAIN,AP-AGRI-137-BATCH-699,Mesta Jute,Visakhapatnam,Padmanabham
1.1916669264946524,0.16200649042760193,3.4311946726179388,0.0,5.0,34.499027044359565,27.08539777727144,1.1808421291605105,0,LEGITIMATE,LAND_RECORD,AP-VIS-LAND-1700,Survey No. 429/4,Visakhapatnam,Anandapuram
2.398280011094893,0.22150389967483652,3.3220736659998753,0.0,1.0,257.1765866225925,59.350310682945775,0.7303438373568449,0,LEGITIMATE,CERTIFICATE,CUTM-CERT-2026-1701,Organic Farming Certification,East Godavari,Mandal 2
3.010296738619992,0.11311789755353294,3.7839157464592583,0.0,2.0,18.5293181029377,3.731237191274064,1.7777801239386892,0,LEGITIMATE,SUPPLY_CHAIN,AP-AGRI-151-BATCH-702,Teja Red Chilli,Visakhapatnam,Anandapuram
1.7265292907998793,0.17065969495977815,1.5243149006111052,1.0,3.0,424.87559531614926,34.398682198108446,1.7429127575053727,0,LEGITIMATE,CERTIFICATE,CUTM-CERT-2026-1703,B.Tech Degree Certificate,East Godavari,Mandal 1
2.7274689755671417,0.2229721916781423,2.990501313557508,1.0,3.0,179.90269230026962,60.0,0.8089287117245725,0,LEGITIMATE,LAND_RECORD,AP-VIS-LAND-1704,Survey No. 357/2,Visakhapatnam,Pendurthi
1.05268436166858,0.1621232636612213,1.4242336724953322,0.0,4.0,128.9407565856407,41.35154939446821,1.264229232805901,0,LEGITIMATE,LAND_RECORD,AP-VIZ-LAND-1705,Survey No. 267/1,Vizianagaram,Bhogapuram
2.30699787421936,0.2678730465153405,2.710951582429825,0.0,1.0,45.67798783487654,7.891430915057222,0.1,0,LEGITIMATE,SUPPLY_CHAIN,AP-AGRI-982-BATCH-706,Banganapalle Mango,Srikakulam,Laveru
1.5036911815690925,0.1719073918646765,1.9328445134262338,0.0,1.0,492.7487431298969,4.180102874121689,1.2213351943615127,0,LEGITIMATE,SUPPLY_CHAIN,AP-AGRI-387-BATCH-707,Teja Red Chilli,Visakhapatnam,Anandapuram
2.125556146650214,0.11526396533928915,1.0530279348670508,0.0,3.0,187.27448692947084,13.58127870797455,1.837635357518415,0,LEGITIMATE,LAND_RECORD,AP-KAK-LAND-1708,Survey No. 157/3,Kakinada,Mandal 1
1.7844265436055524,0.182154262646305,2.1696734914142772,0.0,3.0,78.62354742194897,11.620026982426916,1.4980754811966963,0,LEGITIMATE,CERTIFICATE,CUTM-CERT-2026-1709,Skill Competency Credential,East Godavari,Mandal 1
1.990658828691968,0.13092509192157578,2.057190225560695,1.0,1.0,12.867758840396698,1.2702354388555077,0.9938267508898752,0,LEGITIMATE,SUPPLY_CHAIN,AP-AGRI-359-BATCH-710,Mesta Jute,Anakapalli,Mandal 2
0.47563762268166276,0.14414253408129427,2.709766583567581,0.0,2.0,29.45422903902386,15.695454789823977,1.5763231745556503,0,LEGITIMATE,LAND_RECORD,AP-KAK-LAND-1711,Survey No. 349/3,Kakinada,Mandal 1
1.5155094885307692,0.14753339887326525,4.489472413925616,0.0,2.0,173.5927181340435,6.518780133975108,0.3273853178573114,0,LEGITIMATE,SUPPLY_CHAIN,AP-AGRI-925-BATCH-712,Teja Red Chilli,East Godavari,Mandal 2
1.8659281407626185,0.20914608205399227,1.0218779111507468,0.0,2.0,169.96861704441702,18.762336762567887,1.2317516259650614,0,LEGITIMATE,LAND_RECORD,AP-VIS-LAND-1713,Survey No. 66/2,Visakhapatnam,Pendurthi
1.0423009618281993,0.2602188989019795,1.546838482292365,2.0,1.0,97.41194810025479,3.8274314161095213,0.46711003174030885,0,LEGITIMATE,LAND_RECORD,AP-VIZ-LAND-1714,Survey No. 326/1,Vizianagaram,Vizianagaram Rural
12.739217522687177,0.6895145194248296,3.289666722561729,8.0,6.0,1.03141446446564,276.77304872795696,37.30927670618169,1,SUSPICIOUS,LAND_RECORD,AP-VIS-LAND-1715,Survey No. 362/4,Visakhapatnam,Anandapuram
2.6630313538718875,0.23482617638237552,1.8695663713959227,0.0,1.0,116.23811393138102,15.953010908944986,1.0740505024046068,0,LEGITIMATE,LAND_RECORD,AP-EAS-LAND-1716,Survey No. 75/2,East Godavari,Mandal 1
2.0749792277819434,0.23547696537954385,1.2679332907469638,1.0,2.0,311.92398538264985,5.329396028937794,1.4766978940903626,0,LEGITIMATE,CERTIFICATE,CUTM-CERT-2026-1717,Land Title Deed (Pattadar),Visakhapatnam,Bheemunipatnam
0.7704355938481395,0.19629293070521334,2.8168668718067216,0.0,5.0,46.38243713803148,2.126212350156623,2.26207104395973,0,LEGITIMATE,LAND_RECORD,AP-SRI-LAND-1718,Survey No. 19/2,Srikakulam,Ranastalam
1.9567771998614134,0.1524005230824752,0.7713971173602194,0.0,1.0,127.35583474326634,3.093537628757123,0.1,0,LEGITIMATE,SUPPLY_CHAIN,AP-AGRI-814-BATCH-719,Teja Red Chilli,Srikakulam,Etcherla
6.5707249975037465,0.7845218166081562,10.0792428860998,3.0,8.0,7.933222938541988,223.60852775515087,58.64751560462709,1,SUSPICIOUS,SUPPLY_CHAIN,AP-AGRI-707-BATCH-720,Banganapalle Mango,East Godavari,Mandal 2
1.289499144538437,0.061036459651263905,1.763334484796727,1.0,1.0,208.91094271621745,17.383459623641922,1.2398811268526981,0,LEGITIMATE,LAND_RECORD,AP-SRI-LAND-1721,Survey No. 256/4,Srikakulam,Etcherla
1.478927300542467,0.24977691369139604,1.2888145788948338,0.0,4.0,224.19560336354692,18.63006218963807,1.7305661038611366,0,LEGITIMATE,CERTIFICATE,CUTM-CERT-2026-1722,Land Title Deed (Pattadar),Kakinada,Mandal 1
2.0441431258324068,0.20851939263527478,1.5357107259891674,0.0,1.0,350.48777767512445,0.5,1.7556873075164634,0,LEGITIMATE,LAND_RECORD,AP-EAS-LAND-1723,Survey No. 242/2,East Godavari,Mandal 1
2.04339591671567,0.08193443020938457,2.24514128149234,0.0,2.0,510.9866602429365,11.379013405434918,0.6497232439805655,0,LEGITIMATE,SUPPLY_CHAIN,AP-AGRI-793-BATCH-724,Cashew Raw Nut,East Godavari,Mandal 2
2.48791765771614,0.23349947181763955,2.7315674715001053,1.0,2.0,55.258278823405064,19.427336033883858,0.8890672902020953,0,LEGITIMATE,SUPPLY_CHAIN,AP-AGRI-768-BATCH-725,Mesta Jute,East Godavari,Mandal 1
1.6503368093366566,0.14424011260481692,2.173030399355798,0.0,3.0,148.34038990967073,60.0,2.09163719270471,0,LEGITIMATE,SUPPLY_CHAIN,AP-AGRI-255-BATCH-726,Teja Red Chilli,Anakapalli,Mandal 2
1.5355354270692096,0.24427606802546648,2.434121441946748,0.0,2.0,85.44445543177426,35.5269686069558,0.1,0,LEGITIMATE,LAND_RECORD,AP-KAK-LAND-1727,Survey No. 270/3,Kakinada,Mandal 1
2.2666008680266736,0.2692099473837257,1.8501603871481416,1.0,5.0,13.559623321718199,20.910617916585224,0.49533040173273746,0,LEGITIMATE,CERTIFICATE,CUTM-CERT-2026-1728,Land Title Deed (Pattadar),Srikakulam,Laveru
0.8388978881801227,0.09214114512473284,4.935057024868079,0.0,3.0,182.65129331763356,3.885245291793781,2.169272703035341,0,LEGITIMATE,CERTIFICATE,CUTM-CERT-2026-1729,B.Tech Degree Certificate,Kakinada,Mandal 1
1.9890668039381005,0.1785702941017057,0.7258933828654014,1.0,5.0,260.25692198726927,19.43966465165656,1.8080325148158007,0,LEGITIMATE,LAND_RECORD,AP-SRI-LAND-1730,Survey No. 64/4,Srikakulam,Ponduru
2.818531903389498,0.16207372214451968,3.3036825638816993,0.0,1.0,228.61706281669024,8.909347607942738,1.0418102163055087,0,LEGITIMATE,SUPPLY_CHAIN,AP-AGRI-519-BATCH-731,Teja Red Chilli,Srikakulam,Etcherla
2.310099963852042,0.21405752973357245,1.6991121475616826,1.0,1.0,63.16372766679994,11.512489077805709,0.9250596115084126,0,LEGITIMATE,LAND_RECORD,AP-EAS-LAND-1732,Survey No. 241/4,East Godavari,Mandal 2
6.407835606788392,0.7363404564408818,15.0,3.0,6.0,4.025541324338187,162.44610024759893,76.37841511157743,1,SUSPICIOUS,LAND_RECORD,AP-EAS-LAND-1733,Survey No. 435/4,East Godavari,Mandal 2
1.9106833594335764,0.07335907194390165,1.6412340495130169,1.0,3.0,176.3405261229539,60.0,0.9225850987732744,0,LEGITIMATE,LAND_RECORD,AP-VIZ-LAND-1734,Survey No. 272/4,Vizianagaram,Vizianagaram Rural
1.5352862121724273,0.14682349741224177,1.9703988400522219,0.0,2.0,99.34470199062964,14.602971228017825,2.0181683326551028,0,LEGITIMATE,LAND_RECORD,AP-VIS-LAND-1735,Survey No. 384/1,Visakhapatnam,Pendurthi
0.9307711297851253,0.18131968298784856,1.5153987376785858,1.0,3.0,75.39943005151062,1.7586547501715104,0.1,0,LEGITIMATE,SUPPLY_CHAIN,AP-AGRI-170-BATCH-736,Cashew Raw Nut,Srikakulam,Etcherla
1.2377319356338066,0.042010607016342696,2.6571110934056095,2.0,4.0,447.44491540056106,48.99252049960764,1.0338624287947131,0,LEGITIMATE,LAND_RECORD,AP-VIS-LAND-1737,Survey No. 306/2,Visakhapatnam,Padmanabham
9.576917698200567,0.6339801310771064,4.261945427017139,3.0,8.0,0.15419022572219704,180.91675427954686,106.07316623548351,1,SUSPICIOUS,LAND_RECORD,AP-VIZ-LAND-1738,Survey No. 176/1,Vizianagaram,Vizianagaram Rural
2.574402097041922,0.15811579445200397,2.1579686521718644,0.0,1.0,44.64750300056214,3.6388145798206315,1.5697262557671408,0,LEGITIMATE,LAND_RECORD,AP-EAS-LAND-1739,Survey No. 22/1,East Godavari,Mandal 1
2.7514313026683057,0.20156467295871838,1.007224282829041,0.0,3.0,137.15207565313472,5.567525002892475,1.4078053836458577,0,LEGITIMATE,LAND_RECORD,AP-KAK-LAND-1740,Survey No. 307/2,Kakinada,Mandal 2
7.267463760707001,0.8251228833148375,10.82298804481342,4.0,7.0,1.9028925067510687,279.86377289273275,90.65391280626186,1,SUSPICIOUS,SUPPLY_CHAIN,AP-AGRI-201-BATCH-741,Mesta Jute,Visakhapatnam,Padmanabham
13.638902609399167,0.9869391253301285,8.27888882043641,7.0,10.0,0.4820424915542185,319.42917108241267,34.97878814670024,1,SUSPICIOUS,SUPPLY_CHAIN,AP-AGRI-971-BATCH-742,Teja Red Chilli,Vizianagaram,Bhogapuram
0.8324729392360721,0.18378312153002876,2.5033875998722714,0.0,2.0,514.8285297712962,36.15205682434248,1.6410788698289056,0,LEGITIMATE,LAND_RECORD,AP-KAK-LAND-1743,Survey No. 175/3,Kakinada,Mandal 2
2.107295211116809,0.1491843107499963,2.31707099943596,1.0,4.0,340.8954120294725,1.7132864329932176,1.4778532225020145,0,LEGITIMATE,LAND_RECORD,AP-EAS-LAND-1744,Survey No. 55/3,East Godavari,Mandal 2
1.6421979855403306,0.07057225537328482,2.534016704316498,0.0,1.0,610.3110416101962,18.703126425890474,2.4700572054064334,0,LEGITIMATE,LAND_RECORD,AP-VIZ-LAND-1745,Survey No. 96/1,Vizianagaram,Gantyada
1.621774281163779,0.08732791568827036,2.609709815619027,1.0,3.0,213.16538567345805,0.5,0.8349164013533095,0,LEGITIMATE,SUPPLY_CHAIN,AP-AGRI-467-BATCH-746,Mesta Jute,Kakinada,Mandal 2
2.559700903112137,0.20808786891570674,1.211971740040667,0.0,2.0,10.0,4.683764480710742,2.078501973922748,0,LEGITIMATE,LAND_RECORD,AP-ANA-LAND-1747,Survey No. 112/2,Anakapalli,Mandal 2
2.2996740955376795,0.12693716334981447,4.732056148092757,1.0,2.0,580.5560254239642,20.441333569741076,1.6328857369127767,0,LEGITIMATE,SUPPLY_CHAIN,AP-AGRI-820-BATCH-748,Cashew Raw Nut,Kakinada,Mandal 2
1.8755163110401232,0.1825811114988375,2.6846599767969357,0.0,2.0,85.8378487981657,15.276746159407823,2.8213140481425274,0,LEGITIMATE,SUPPLY_CHAIN,AP-AGRI-288-BATCH-749,Cashew Raw Nut,Srikakulam,Laveru
1.3556307852199803,0.18161142552253803,2.3700665326720665,0.0,4.0,353.4361828507715,23.32335283863307,0.1,0,LEGITIMATE,LAND_RECORD,AP-ANA-LAND-1750,Survey No. 122/1,Anakapalli,Mandal 1
2.300077537841461,0.18668473089697352,1.4874170775384825,0.0,3.0,70.12156920338626,19.313883474443454,0.9875319367366477,0,LEGITIMATE,LAND_RECORD,AP-VIZ-LAND-1751,Survey No. 280/1,Vizianagaram,Vizianagaram Rural
0.5534833247055708,0.08249520171802215,4.448334753846278,0.0,2.0,10.0,2.003353415237369,1.1890939472561537,0,LEGITIMATE,LAND_RECORD,AP-ANA-LAND-1752,Survey No. 354/3,Anakapalli,Mandal 1
2.116633765450197,0.27662635574186667,3.8558520101165707,0.0,1.0,82.20135718085089,12.788711141572675,1.005543182544693,0,LEGITIMATE,LAND_RECORD,AP-VIS-LAND-1753,Survey No. 109/3,Visakhapatnam,Padmanabham
2.007492600566062,0.20401157279159182,2.1530892765845424,0.0,2.0,183.41861355332836,10.92705320066264,1.3186987827516017,0,LEGITIMATE,LAND_RECORD,AP-ANA-LAND-1754,Survey No. 318/4,Anakapalli,Mandal 1
1.5700323438139743,0.1701483532236004,1.5059207225551834,0.0,3.0,32.962921361973805,41.972793291112275,2.086989341014898,0,LEGITIMATE,CERTIFICATE,CUTM-CERT-2026-1755,Skill Competency Credential,Srikakulam,Ranastalam
0.8446808434589044,0.15950372319223213,3.612392394342822,1.0,2.0,154.36680831641243,7.924206406425518,0.1,0,LEGITIMATE,LAND_RECORD,AP-ANA-LAND-1756,Survey No. 432/2,Anakapalli,Mandal 1
1.7384862803090657,0.13288374849113505,1.7586373824559696,0.0,1.0,157.6754138043772,10.156689852444577,1.5116998943112088,0,LEGITIMATE,LAND_RECORD,AP-EAS-LAND-1757,Survey No. 38/1,East Godavari,Mandal 2
2.1072937205722266,0.07881568085212719,2.111939401954716,1.0,1.0,276.12833128506105,10.10929131780437,0.4453598105370762,0,LEGITIMATE,CERTIFICATE,CUTM-CERT-2026-1758,Skill Competency Credential,Visakhapatnam,Padmanabham
2.2605216073032257,0.14232931179472233,3.490039017893929,0.0,3.0,132.9449992687895,14.430336999103806,0.7529398092269327,0,LEGITIMATE,CERTIFICATE,CUTM-CERT-2026-1759,Skill Competency Credential,Vizianagaram,Bhogapuram
1.646044943313565,0.12390050547009374,1.0977314157067155,1.0,1.0,131.36621092223,4.610285179229924,1.9879880216888526,0,LEGITIMATE,LAND_RECORD,AP-EAS-LAND-1760,Survey No. 381/3,East Godavari,Mandal 2
13.93692935454171,0.6716307665311302,4.628491220951541,3.0,5.0,2.3256026687706544,236.42827574078828,137.69450616669135,1,SUSPICIOUS,SUPPLY_CHAIN,AP-AGRI-782-BATCH-761,Mesta Jute,Kakinada,Mandal 1
1.8462214882928514,0.20127925755159787,2.374305012738746,0.0,3.0,24.70960563248147,9.608701874709237,2.5593115543439664,0,LEGITIMATE,LAND_RECORD,AP-VIZ-LAND-1762,Survey No. 145/2,Vizianagaram,Vizianagaram Rural
2.325085268495861,0.09694609994905881,1.9225413253344912,0.0,5.0,60.07150501138266,5.76561695943782,1.3620467165691825,0,LEGITIMATE,CERTIFICATE,CUTM-CERT-2026-1763,Skill Competency Credential,Visakhapatnam,Pendurthi
2.0412234333252504,0.2306934684763871,2.9162681015699814,1.0,1.0,176.47349470590947,14.288508101859964,2.303248274588265,0,LEGITIMATE,SUPPLY_CHAIN,AP-AGRI-507-BATCH-764,Teja Red Chilli,Visakhapatnam,Padmanabham
4.0,0.6452489552141504,5.48460676849153,3.0,9.0,1.3606447342827122,248.23451461144361,98.83207082666667,1,SUSPICIOUS,LAND_RECORD,AP-ANA-LAND-1765,Survey No. 385/1,Anakapalli,Mandal 2
1.275130663200838,0.20407830846455388,2.077279085787353,0.0,1.0,41.69680495341092,18.961487282659814,2.5127393608427617,0,LEGITIMATE,LAND_RECORD,AP-VIZ-LAND-1766,Survey No. 252/1,Vizianagaram,Denkada
4.390667972970273,0.8450328589155487,6.131366575575167,4.0,6.0,4.297392696630157,327.3414455177689,125.73574935626988,1,SUSPICIOUS,LAND_RECORD,AP-VIZ-LAND-1767,Survey No. 51/2,Vizianagaram,Cheepurupalli
1.6324510607688831,0.12913372332763334,3.0907360405205893,0.0,1.0,291.6440336127179,1.8097681632849267,0.8997068008972392,0,LEGITIMATE,SUPPLY_CHAIN,AP-AGRI-747-BATCH-768,Cashew Raw Nut,Visakhapatnam,Anandapuram
1.8967690024410775,0.2127750972905349,2.042927090958785,1.0,1.0,101.51489523155846,16.16753857828501,1.3656161026238542,0,LEGITIMATE,LAND_RECORD,AP-VIZ-LAND-1769,Survey No. 425/2,Vizianagaram,Vizianagaram Rural
1.337008175385229,0.3364819737246456,2.1234754014539816,0.0,1.0,440.32523090782956,22.07462133462471,0.9841760282090162,0,LEGITIMATE,SUPPLY_CHAIN,AP-AGRI-853-BATCH-770,Mesta Jute,Srikakulam,Ponduru
2.2290757663322194,0.11822445520663408,0.9480778563317334,0.0,1.0,363.608314018945,15.815268136096073,1.6839580977890933,0,LEGITIMATE,LAND_RECORD,AP-VIS-LAND-1771,Survey No. 158/3,Visakhapatnam,Anandapuram
1.608304646117634,0.16295354938280543,2.600502443156199,1.0,5.0,333.08589558499546,12.51819591714561,1.7946874304465217,0,LEGITIMATE,SUPPLY_CHAIN,AP-AGRI-440-BATCH-772,Cashew Raw Nut,Kakinada,Mandal 1
2.835492157471961,0.06743742038707379,4.22268889645527,0.0,1.0,562.7918489796929,2.196907444059606,0.7292853016742351,0,LEGITIMATE,LAND_RECORD,AP-ANA-LAND-1773,Survey No. 366/3,Anakapalli,Mandal 2
1.7531327789712594,0.01,3.0531935129971806,1.0,3.0,65.9371486538347,1.8259635972617623,1.4088443152480703,0,LEGITIMATE,CERTIFICATE,CUTM-CERT-2026-1774,Organic Farming Certification,Anakapalli,Mandal 1
2.831067500532702,0.16009321571447796,2.8044090219781963,0.0,1.0,97.3883304029076,0.5,0.8906946125087842,0,LEGITIMATE,LAND_RECORD,AP-VIZ-LAND-1775,Survey No. 307/3,Vizianagaram,Vizianagaram Rural
5.765080618490799,0.9492603493578078,6.786311679054144,3.0,5.0,6.348567561671444,289.4942767802342,100.36319745715289,1,SUSPICIOUS,LAND_RECORD,AP-VIS-LAND-1776,Survey No. 57/3,Visakhapatnam,Padmanabham
3.4293571702422594,0.04710959706329672,1.3935289774892745,0.0,2.0,76.02596532084122,2.982566043456946,2.6481291953547395,0,LEGITIMATE,LAND_RECORD,AP-SRI-LAND-1777,Survey No. 159/3,Srikakulam,Laveru
1.3233493189172412,0.038185106950527695,2.10082999549943,0.0,1.0,119.19553946927007,2.4424031180656987,1.1535416165285972,0,LEGITIMATE,SUPPLY_CHAIN,AP-AGRI-544-BATCH-778,Banganapalle Mango,Vizianagaram,Cheepurupalli
11.741746080277991,0.7180355257688877,6.375369244360214,7.0,10.0,5.517352643128352,295.83693979202536,55.16243823607266,1,SUSPICIOUS,LAND_RECORD,AP-EAS-LAND-1779,Survey No. 246/1,East Godavari,Mandal 1
2.0184066300858707,0.22972439075987233,4.817353635748296,0.0,1.0,171.17075473319971,3.896586565245564,1.3410286537528742,0,LEGITIMATE,LAND_RECORD,AP-EAS-LAND-1780,Survey No. 120/3,East Godavari,Mandal 1
2.747510122698578,0.21180318460662084,1.9152456111465463,1.0,4.0,10.0,2.352728474100631,2.8921353256344724,0,LEGITIMATE,LAND_RECORD,AP-EAS-LAND-1781,Survey No. 124/2,East Godavari,Mandal 1
2.09415869663221,0.23169778313753064,2.1661738575063714,0.0,3.0,64.5161728637769,28.659328598037035,2.0648461360403974,0,LEGITIMATE,LAND_RECORD,AP-EAS-LAND-1782,Survey No. 63/4,East Godavari,Mandal 2
3.006566004548308,0.23196101403413516,2.1710368099706616,0.0,4.0,292.94250552388706,4.071957890144545,0.11463103255142904,0,LEGITIMATE,CERTIFICATE,CUTM-CERT-2026-1783,Skill Competency Credential,East Godavari,Mandal 2
1.920372232705942,0.13491310935951922,1.0814217402145971,1.0,1.0,43.93336460957959,29.839691241558143,0.444262935854958,0,LEGITIMATE,LAND_RECORD,AP-SRI-LAND-1784,Survey No. 128/2,Srikakulam,Ponduru
1.4340969126812237,0.07934402950759002,2.123361854073758,0.0,5.0,43.00418417842953,25.768923623565247,2.0845350306593486,0,LEGITIMATE,CERTIFICATE,CUTM-CERT-2026-1785,Skill Competency Credential,Srikakulam,Etcherla
9.415065047860201,0.5221529696635536,4.557421416159237,7.0,7.0,3.645698743247091,239.8751521182855,103.52163323673923,1,SUSPICIOUS,CERTIFICATE,CUTM-CERT-2026-1786,Skill Competency Credential,Vizianagaram,Vizianagaram Rural
2.9117932750044835,0.1663765348816424,1.6530735754674946,0.0,2.0,362.0954049279548,9.769868437222037,0.5450056507832973,0,LEGITIMATE,SUPPLY_CHAIN,AP-AGRI-494-BATCH-787,Teja Red Chilli,Kakinada,Mandal 2
1.4293924008437484,0.08587049273852394,1.1353822019758524,1.0,3.0,37.702014185659515,5.902308250191577,0.7072137718582614,0,LEGITIMATE,LAND_RECORD,AP-VIS-LAND-1788,Survey No. 303/2,Visakhapatnam,Padmanabham
1.1514268221899946,0.156289413562543,2.6251910020671887,1.0,2.0,20.74770024942728,0.6012241961782637,0.1,0,LEGITIMATE,SUPPLY_CHAIN,AP-AGRI-382-BATCH-789,Cashew Raw Nut,Srikakulam,Laveru
1.7164436605061864,0.09075873435991041,1.083950715285305,0.0,1.0,1000.0,12.972734333360192,1.6060054858216222,0,LEGITIMATE,CERTIFICATE,CUTM-CERT-2026-1790,B.Tech Degree Certificate,Visakhapatnam,Padmanabham
2.2477384866485313,0.01,3.766746028718792,1.0,1.0,90.59506247656515,1.5092719519659248,1.255188856253201,0,LEGITIMATE,LAND_RECORD,AP-SRI-LAND-1791,Survey No. 373/2,Srikakulam,Laveru
9.080093329995798,0.7366867033280826,12.62511656293716,3.0,7.0,5.0663176114183575,286.03850934386537,111.5975668365248,1,SUSPICIOUS,LAND_RECORD,AP-VIZ-LAND-1792,Survey No. 247/4,Vizianagaram,Vizianagaram Rural
0.6970664709805696,0.053195772024877255,3.1838713749655794,2.0,4.0,22.384599213743332,12.47161088926823,0.5482841113295616,0,LEGITIMATE,LAND_RECORD,AP-EAS-LAND-1793,Survey No. 159/2,East Godavari,Mandal 2
12.407373791851807,0.6801273217055193,15.0,3.0,10.0,5.24095701176741,352.0120081693476,114.97130342520317,1,SUSPICIOUS,LAND_RECORD,AP-EAS-LAND-1794,Survey No. 209/2,East Godavari,Mandal 2
2.384577872140205,0.07962860581059947,1.4046274702170223,0.0,1.0,217.649487626713,0.5,1.3122121978260064,0,LEGITIMATE,LAND_RECORD,AP-VIZ-LAND-1795,Survey No. 242/3,Vizianagaram,Vizianagaram Rural
1.0890946431547208,0.15703703170648015,1.1412677949888275,1.0,5.0,332.6020289588411,4.246609042133843,1.4284547323463335,0,LEGITIMATE,LAND_RECORD,AP-ANA-LAND-1796,Survey No. 109/2,Anakapalli,Mandal 1
2.0558108450548547,0.10765821546400853,2.893734802452357,1.0,3.0,66.08799462022338,20.237893060308274,0.9937205583438663,0,LEGITIMATE,SUPPLY_CHAIN,AP-AGRI-147-BATCH-797,Mesta Jute,East Godavari,Mandal 2
9.171303696151915,0.7936823881975335,4.081808354540554,3.0,4.0,3.0198698852780206,185.94678517540535,87.47387942387657,1,SUSPICIOUS,LAND_RECORD,AP-ANA-LAND-1798,Survey No. 165/1,Anakapalli,Mandal 1
2.592882874363712,0.3149439322185287,1.9160332908955984,0.0,4.0,94.62219520557754,6.83134481319253,0.7578885358539603,0,LEGITIMATE,LAND_RECORD,AP-SRI-LAND-1799,Survey No. 418/1,Srikakulam,Ponduru
8.489126001639967,0.5,11.701372352310669,3.0,8.0,4.123190813850002,319.2871007985983,121.5546976540968,1,SUSPICIOUS,CERTIFICATE,CUTM-CERT-2026-1800,Organic Farming Certification,Anakapalli,Mandal 2
1.6670533112844201,0.37139487136258076,5.0,2.0,3.0,396.2969516750156,6.196110471102206,1.7867742298810678,0,LEGITIMATE,LAND_RECORD,AP-VIZ-LAND-1801,Survey No. 341/4,Vizianagaram,Gantyada
1.1922645985514542,0.15414656791942774,1.2920743370469148,0.0,3.0,16.62189427525842,0.666182759033735,0.1,0,LEGITIMATE,LAND_RECORD,AP-VIS-LAND-1802,Survey No. 119/4,Visakhapatnam,Anandapuram
1.4450263037002307,0.11203896531047687,3.4116373260980093,0.0,2.0,187.34285365615878,21.616518339777365,1.4224969757835042,0,LEGITIMATE,LAND_RECORD,AP-VIS-LAND-1803,Survey No. 69/4,Visakhapatnam,Anandapuram
1.2228631490161324,0.08441968569833247,1.9308310330621383,2.0,2.0,228.43535113292324,7.448268904757904,1.9073172278523518,0,LEGITIMATE,LAND_RECORD,AP-VIZ-LAND-1804,Survey No. 78/2,Vizianagaram,Bhogapuram
1.7925529263672648,0.14984652799927567,1.9201276082083596,0.0,2.0,246.7065309332175,4.13341588336048,1.0755255260114285,0,LEGITIMATE,SUPPLY_CHAIN,AP-AGRI-612-BATCH-805,Mesta Jute,Anakapalli,Mandal 2
1.1786130409998083,0.08853154723616699,1.900158994554455,0.0,1.0,33.95034802421693,0.5,2.4383216124421745,0,LEGITIMATE,LAND_RECORD,AP-VIS-LAND-1806,Survey No. 309/3,Visakhapatnam,Pendurthi
1.7915407444482128,0.034691936021275696,2.925780119718296,1.0,1.0,63.97652818768851,2.726372959526465,2.583341220191513,0,LEGITIMATE,CERTIFICATE,CUTM-CERT-2026-1807,Organic Farming Certification,Kakinada,Mandal 1
4.666613070306468,0.5813844598171847,11.225359085127929,5.0,4.0,5.353484055511283,289.6044036073274,125.50954190762626,1,SUSPICIOUS,CERTIFICATE,CUTM-CERT-2026-1808,B.Tech Degree Certificate,East Godavari,Mandal 1
10.724748408108832,0.6812637001468629,5.637667078965792,3.0,7.0,7.809963513035088,318.1463342446088,75.20557979274228,1,SUSPICIOUS,LAND_RECORD,AP-SRI-LAND-1809,Survey No. 438/2,Srikakulam,Ranastalam
2.065189822420876,0.14093168017281543,0.9523609615530205,1.0,1.0,34.58914974352104,0.5,1.0121630105028079,0,LEGITIMATE,SUPPLY_CHAIN,AP-AGRI-933-BATCH-810,Teja Red Chilli,East Godavari,Mandal 1
1.5626768468696064,0.14995495223016328,2.7839130642072023,0.0,4.0,133.14270602943094,21.325101422743536,0.890752306499204,0,LEGITIMATE,SUPPLY_CHAIN,AP-AGRI-655-BATCH-811,Teja Red Chilli,Anakapalli,Mandal 1
11.729092533833139,0.6480181102537775,4.218910635276708,8.0,8.0,3.3143749622766805,213.5648070758745,43.024432550319375,1,SUSPICIOUS,CERTIFICATE,CUTM-CERT-2026-1812,Skill Competency Credential,East Godavari,Mandal 1
1.5733458069993795,0.2757068652865894,2.118675852514964,0.0,3.0,119.42568282261453,7.347829243056489,1.0739176060863047,0,LEGITIMATE,LAND_RECORD,AP-SRI-LAND-1813,Survey No. 297/4,Srikakulam,Etcherla
2.329373714540864,0.1741806574788369,2.1646571570022943,0.0,2.0,127.84830849880792,14.925474150990606,1.561606237693506,0,LEGITIMATE,SUPPLY_CHAIN,AP-AGRI-186-BATCH-814,Banganapalle Mango,Visakhapatnam,Pendurthi
1.0272079552398372,0.23468422529134522,2.127303312103737,1.0,1.0,62.70518407967853,7.413342281971854,0.6033045570620855,0,LEGITIMATE,LAND_RECORD,AP-EAS-LAND-1815,Survey No. 192/4,East Godavari,Mandal 1
7.329938027400314,0.7239799953873428,5.541023854379237,5.0,10.0,0.2563837567603999,202.37464836632233,72.529785647869,1,SUSPICIOUS,LAND_RECORD,AP-SRI-LAND-1816,Survey No. 27/3,Srikakulam,Ranastalam
1.983924457602997,0.18909348195738457,2.3159879798129386,1.0,2.0,149.26050550800883,3.4665770250828154,1.1413322007998166,0,LEGITIMATE,CERTIFICATE,CUTM-CERT-2026-1817,Skill Competency Credential,Visakhapatnam,Bheemunipatnam
1.071619242589726,0.15784015312795063,1.3719800128615083,0.0,2.0,63.27792218461945,27.133136935686384,2.420318135099672,0,LEGITIMATE,LAND_RECORD,AP-VIS-LAND-1818,Survey No. 338/4,Visakhapatnam,Pendurthi
1.5567336114645367,0.209170496398925,2.932525902817683,0.0,2.0,656.5507939759392,20.035000671244546,1.8756765757080736,0,LEGITIMATE,LAND_RECORD,AP-EAS-LAND-1819,Survey No. 230/1,East Godavari,Mandal 2
0.9290558847973915,0.17870368671250034,3.4689540721467034,0.0,3.0,59.856748726037026,39.52246511401567,1.250362348172816,0,LEGITIMATE,LAND_RECORD,AP-VIZ-LAND-1820,Survey No. 113/4,Vizianagaram,Vizianagaram Rural
1.4980623932323427,0.26281295962415485,1.5840192133927256,0.0,1.0,131.91909591463812,8.468870846029542,1.1302841107992097,0,LEGITIMATE,CERTIFICATE,CUTM-CERT-2026-1821,Organic Farming Certification,Visakhapatnam,Bheemunipatnam
2.531872592352776,0.048845571105822896,1.0543704217265542,0.0,3.0,251.7929771725505,26.543597188268638,1.6411215926866525,0,LEGITIMATE,LAND_RECORD,AP-SRI-LAND-1822,Survey No. 142/4,Srikakulam,Ranastalam
2.058125548857749,0.10330557145550548,2.357415009480561,0.0,1.0,172.50742348450257,47.04852770904294,0.30202798013110754,0,LEGITIMATE,LAND_RECORD,AP-SRI-LAND-1823,Survey No. 446/2,Srikakulam,Ponduru
8.861540717582706,0.7737330729430191,10.060377583065913,6.0,7.0,2.3047810129805684,336.4853676340274,123.81483530573144,1,SUSPICIOUS,SUPPLY_CHAIN,AP-AGRI-802-BATCH-824,Teja Red Chilli,Kakinada,Mandal 1
0.969050701537941,0.03250884557477664,3.0712178249020017,0.0,1.0,257.8389930933823,29.507720108855906,2.070485034200665,0,LEGITIMATE,LAND_RECORD,AP-VIS-LAND-1825,Survey No. 29/4,Visakhapatnam,Bheemunipatnam
1.9670205536499106,0.1451261556233652,3.2882007969553735,1.0,1.0,487.6314049675748,9.605696222200184,0.2696011410332596,0,LEGITIMATE,LAND_RECORD,AP-VIS-LAND-1826,Survey No. 157/2,Visakhapatnam,Anandapuram
2.1841171732048887,0.06853475741109934,2.6508647535408114,0.0,2.0,19.94829721417432,15.693978274143493,0.9125692439777925,0,LEGITIMATE,SUPPLY_CHAIN,AP-AGRI-930-BATCH-827,Mesta Jute,Vizianagaram,Bhogapuram
10.059977400907949,0.6937791682016112,15.0,3.0,7.0,7.403916670268021,321.64806034164644,99.56485135478395,1,SUSPICIOUS,CERTIFICATE,CUTM-CERT-2026-1828,Organic Farming Certification,Kakinada,Mandal 2
2.3663849176931704,0.07987481406534423,3.0175500435370974,0.0,3.0,60.38009744881792,2.5023101268111625,1.1606008419109075,0,LEGITIMATE,SUPPLY_CHAIN,AP-AGRI-330-BATCH-829,Mesta Jute,Anakapalli,Mandal 1
2.029596838599877,0.3271322092633529,1.205163970421913,0.0,2.0,641.9241292088673,13.6515875551756,2.061676450693137,0,LEGITIMATE,LAND_RECORD,AP-ANA-LAND-1830,Survey No. 188/2,Anakapalli,Mandal 1
1.3078516433715386,0.2543610957692441,5.0,0.0,2.0,36.249896480606246,17.377867119101907,1.522818329223464,0,LEGITIMATE,LAND_RECORD,AP-EAS-LAND-1831,Survey No. 402/4,East Godavari,Mandal 2
2.477109465089941,0.05642591991804648,1.3877531957366755,0.0,1.0,140.94312779429745,10.353503533767974,1.4622967055448002,0,LEGITIMATE,SUPPLY_CHAIN,AP-AGRI-967-BATCH-832,Mesta Jute,Anakapalli,Mandal 1
1.5186051939095568,0.1508786314065921,4.074550163284539,0.0,2.0,125.61764754961698,6.84637815759637,0.3246856626957476,0,LEGITIMATE,LAND_RECORD,AP-SRI-LAND-1833,Survey No. 48/3,Srikakulam,Ranastalam
0.7755905987140979,0.012467109289916262,3.200914121076449,0.0,2.0,94.63502950491188,0.5,1.3819867894731017,0,LEGITIMATE,SUPPLY_CHAIN,AP-AGRI-849-BATCH-834,Mesta Jute,Vizianagaram,Denkada
1.1464676239930862,0.15738832306035663,2.4127382988466954,2.0,1.0,307.26360211072614,30.534680003078492,1.7844141114641685,0,LEGITIMATE,LAND_RECORD,AP-SRI-LAND-1835,Survey No. 388/1,Srikakulam,Laveru
1.911994129501407,0.2947131633666217,2.4425105440297434,1.0,3.0,148.77255992391522,0.9545131689727095,1.0713553125314732,0,LEGITIMATE,CERTIFICATE,CUTM-CERT-2026-1836,B.Tech Degree Certificate,Srikakulam,Ranastalam
2.46335472689381,0.22743990436430916,0.6252498439854991,0.0,1.0,154.17570813897345,12.769265728077437,2.1901104076963005,0,LEGITIMATE,LAND_RECORD,AP-VIZ-LAND-1837,Survey No. 346/3,Vizianagaram,Bhogapuram
1.2676438063500448,0.051968656042471334,0.5639402727401631,0.0,3.0,102.0214087842095,12.123722275620313,2.0174291761256127,0,LEGITIMATE,CERTIFICATE,CUTM-CERT-2026-1838,Organic Farming Certification,Visakhapatnam,Anandapuram
1.1930963205736016,0.09535265587318602,2.339814040242903,1.0,1.0,140.61280523664888,7.080416261687676,0.7200044906397562,0,LEGITIMATE,LAND_RECORD,AP-EAS-LAND-1839,Survey No. 293/3,East Godavari,Mandal 1
8.973843170298414,0.7729601961827659,4.1514419333697195,8.0,8.0,4.994910814403756,382.0294691167493,111.22038259046607,1,SUSPICIOUS,SUPPLY_CHAIN,AP-AGRI-746-BATCH-840,Teja Red Chilli,Srikakulam,Ranastalam
2.4968431980617227,0.13774152317934285,2.0675324503225805,0.0,2.0,41.64912067173824,0.9372203503325995,1.083943664862986,0,LEGITIMATE,LAND_RECORD,AP-VIS-LAND-1841,Survey No. 378/1,Visakhapatnam,Pendurthi
2.127256539576432,0.06898529188894706,1.2802846153085212,0.0,1.0,137.66814872257427,15.03353311150693,0.6270881407840804,0,LEGITIMATE,SUPPLY_CHAIN,AP-AGRI-699-BATCH-842,Banganapalle Mango,Visakhapatnam,Anandapuram
1.3126515638940703,0.04745190018170675,2.661931018775285,0.0,2.0,262.31644912924537,12.00565940165934,1.3624786556708646,0,LEGITIMATE,LAND_RECORD,AP-SRI-LAND-1843,Survey No. 54/2,Srikakulam,Etcherla
1.7818960064323006,0.09049112583234925,2.711238754881044,0.0,1.0,117.85742398757625,24.62473500997141,2.134791144662775,0,LEGITIMATE,LAND_RECORD,AP-ANA-LAND-1844,Survey No. 178/2,Anakapalli,Mandal 1
1.8216420946228893,0.14439897129497598,2.714525115012556,0.0,1.0,109.91576809548211,3.983416997305764,0.1,0,LEGITIMATE,LAND_RECORD,AP-ANA-LAND-1845,Survey No. 247/1,Anakapalli,Mandal 2
1.9109777837537,0.16685335021796963,1.9909042093997193,0.0,2.0,148.83491983747152,22.991260690754817,1.0371247899646188,0,LEGITIMATE,LAND_RECORD,AP-VIZ-LAND-1846,Survey No. 100/3,Vizianagaram,Gantyada
0.28056921314321204,0.2736185721357247,2.3407017265941454,1.0,1.0,53.02503724539336,1.5269878117078672,0.29439550180300444,0,LEGITIMATE,CERTIFICATE,CUTM-CERT-2026-1847,Skill Competency Credential,Kakinada,Mandal 1
7.783934303455649,0.5,10.272343551804584,3.0,7.0,0.5406745869985441,302.40754637281236,79.54053057597824,1,SUSPICIOUS,CERTIFICATE,CUTM-CERT-2026-1848,Skill Competency Credential,Visakhapatnam,Anandapuram
0.4643087107423134,0.09579907634465865,5.0,0.0,1.0,315.68193090675476,0.5,1.0958660318426126,0,LEGITIMATE,SUPPLY_CHAIN,AP-AGRI-372-BATCH-849,Cashew Raw Nut,Vizianagaram,Denkada
1.9425432250968608,0.11045280398538446,1.3350334891078888,2.0,4.0,225.58678491457607,4.636602963508348,0.9711381252828456,0,LEGITIMATE,LAND_RECORD,AP-KAK-LAND-1850,Survey No. 400/1,Kakinada,Mandal 1
8.520492510774552,0.5108613243891102,4.561751647157803,7.0,8.0,1.5998514656443543,301.5303716805086,93.17047260247799,1,SUSPICIOUS,LAND_RECORD,AP-ANA-LAND-1851,Survey No. 247/3,Anakapalli,Mandal 2
0.835879041135743,0.23632077113888905,2.988958871212062,0.0,4.0,416.69377564063933,11.104745529515904,1.2976405025832853,0,LEGITIMATE,LAND_RECORD,AP-SRI-LAND-1852,Survey No. 308/4,Srikakulam,Etcherla
8.365763881993077,0.692044966708967,10.267107276247293,3.0,6.0,6.464875860519229,178.3438727533784,143.35417740212128,1,SUSPICIOUS,LAND_RECORD,AP-KAK-LAND-1853,Survey No. 107/4,Kakinada,Mandal 1
2.064579698596289,0.1033604893068746,2.757636283377946,1.0,2.0,199.05502891328956,4.816266760253092,2.1500094993227887,0,LEGITIMATE,SUPPLY_CHAIN,AP-AGRI-319-BATCH-854,Mesta Jute,Kakinada,Mandal 1
5.48824301354279,0.8272167827765521,4.574650353208592,5.0,7.0,2.99240370066812,318.1911097613389,154.0801639683258,1,SUSPICIOUS,CERTIFICATE,CUTM-CERT-2026-1855,B.Tech Degree Certificate,Vizianagaram,Vizianagaram Rural
2.055754619444637,0.16133253579128204,4.71524528176503,0.0,1.0,235.88529202392237,0.5,1.075551055120642,0,LEGITIMATE,LAND_RECORD,AP-KAK-LAND-1856,Survey No. 253/2,Kakinada,Mandal 1
1.739729543725266,0.2922656725375858,1.1500304572363478,0.0,1.0,443.2981981220084,16.845263593118528,0.1,0,LEGITIMATE,LAND_RECORD,AP-KAK-LAND-1857,Survey No. 410/1,Kakinada,Mandal 1
2.55336811022647,0.17660258504781126,1.2528492466269827,0.0,1.0,87.98161212221498,10.88369159491791,0.1,0,LEGITIMATE,LAND_RECORD,AP-EAS-LAND-1858,Survey No. 23/1,East Godavari,Mandal 1
1.8475906382357623,0.16817302387099728,1.4656661596126557,1.0,1.0,300.33498197381573,1.9456856136301557,0.1,0,LEGITIMATE,LAND_RECORD,AP-KAK-LAND-1859,Survey No. 193/4,Kakinada,Mandal 1
1.5706288339466274,0.2452244562808094,0.8812940583230874,0.0,1.0,51.2552233996334,1.1568569126342296,2.1699283448515514,0,LEGITIMATE,LAND_RECORD,AP-VIS-LAND-1860,Survey No. 141/1,Visakhapatnam,Padmanabham
2.00007829772178,0.01991324090987867,1.14022789845641,0.0,2.0,109.43123392619879,2.353650713709607,1.0436501759646097,0,LEGITIMATE,LAND_RECORD,AP-EAS-LAND-1861,Survey No. 382/2,East Godavari,Mandal 1
0.9488763531271086,0.258541052597117,1.6415181882783274,0.0,1.0,92.6451840109903,28.468969485130373,2.0477365098798885,0,LEGITIMATE,LAND_RECORD,AP-EAS-LAND-1862,Survey No. 247/2,East Godavari,Mandal 1
0.6850440181949307,0.13689887167022385,3.46742819295439,0.0,2.0,261.2153551089196,0.5,2.0070806722161008,0,LEGITIMATE,LAND_RECORD,AP-EAS-LAND-1863,Survey No. 349/2,East Godavari,Mandal 1
12.864427139246168,0.5953852608297404,10.171441540147152,3.0,11.0,2.587454496860759,273.92029804265184,140.26968404350666,1,SUSPICIOUS,SUPPLY_CHAIN,AP-AGRI-679-BATCH-864,Mesta Jute,Srikakulam,Laveru
1.6343388227436697,0.17695653408481524,5.0,0.0,3.0,10.0,12.08451703854916,1.6301337375915033,0,LEGITIMATE,CERTIFICATE,CUTM-CERT-2026-1865,Land Title Deed (Pattadar),Vizianagaram,Vizianagaram Rural
2.0212335094510006,0.25319437588945926,3.2630791302005258,0.0,3.0,466.8552027200311,4.399444324883937,0.5370872600783876,0,LEGITIMATE,LAND_RECORD,AP-VIZ-LAND-1866,Survey No. 400/4,Vizianagaram,Denkada
2.62777151922686,0.06871867764734224,2.2538309561850784,2.0,3.0,126.93181135817075,0.5,1.6826772675023753,0,LEGITIMATE,LAND_RECORD,AP-KAK-LAND-1867,Survey No. 299/1,Kakinada,Mandal 1
2.420731338083317,0.11120082205906207,2.3368330854303063,0.0,1.0,254.0854831217854,13.39834089346686,2.9573542050643575,0,LEGITIMATE,LAND_RECORD,AP-EAS-LAND-1868,Survey No. 248/2,East Godavari,Mandal 1
0.7816242603195478,0.01,2.580673199179149,0.0,5.0,97.06630985507888,12.426303921468994,1.2159077678901522,0,LEGITIMATE,SUPPLY_CHAIN,AP-AGRI-742-BATCH-869,Cashew Raw Nut,Vizianagaram,Vizianagaram Rural
1.6139128456592347,0.10903508645446983,0.5989522848527015,1.0,2.0,148.846495506433,8.732546192870856,0.6265430594768312,0,LEGITIMATE,SUPPLY_CHAIN,AP-AGRI-698-BATCH-870,Cashew Raw Nut,Vizianagaram,Vizianagaram Rural
3.172339220548119,0.05316810177737691,3.4361488971109013,0.0,1.0,246.88700594142614,17.43243917067709,0.8046309523361408,0,LEGITIMATE,SUPPLY_CHAIN,AP-AGRI-125-BATCH-871,Banganapalle Mango,Srikakulam,Etcherla
1.6284575441665083,0.22841526973374576,2.424121487517858,1.0,1.0,243.5966461407977,5.55425333807711,1.0294651800557562,0,LEGITIMATE,SUPPLY_CHAIN,AP-AGRI-452-BATCH-872,Banganapalle Mango,Vizianagaram,Bhogapuram
1.6836895106351875,0.10583802167907386,1.395687638511333,1.0,2.0,344.54138622997846,20.752894545155844,1.5551140856090582,0,LEGITIMATE,CERTIFICATE,CUTM-CERT-2026-1873,B.Tech Degree Certificate,Anakapalli,Mandal 2
1.2929602364142594,0.14642136526497054,1.4697477815551572,2.0,4.0,269.6758910298067,6.319367591410224,2.453847284903905,0,LEGITIMATE,LAND_RECORD,AP-ANA-LAND-1874,Survey No. 273/2,Anakapalli,Mandal 1
2.1028161162083068,0.19008683460979725,2.7608186451207053,0.0,5.0,185.50590401473036,60.0,2.741847948532731,0,LEGITIMATE,LAND_RECORD,AP-VIZ-LAND-1875,Survey No. 90/4,Vizianagaram,Cheepurupalli
6.087932195092834,0.7665146392821841,2.5234736374955746,6.0,4.0,14.0,209.98104469737166,107.64959092868894,1,SUSPICIOUS,LAND_RECORD,AP-SRI-LAND-1876,Survey No. 321/2,Srikakulam,Laveru
2.729380292587384,0.15860273440429073,2.4392024155587686,1.0,1.0,120.83712086516971,8.756060783470433,0.9060696887182629,0,LEGITIMATE,LAND_RECORD,AP-KAK-LAND-1877,Survey No. 276/1,Kakinada,Mandal 1
1.0844038028468694,0.01,1.5422028682367444,0.0,2.0,33.16209506847627,41.17274435410365,1.4740558813633677,0,LEGITIMATE,LAND_RECORD,AP-SRI-LAND-1878,Survey No. 192/1,Srikakulam,Etcherla
1.4631312132942116,0.1327804434739076,5.0,0.0,2.0,108.67008054844784,30.461109052275294,1.765302387070027,0,LEGITIMATE,CERTIFICATE,CUTM-CERT-2026-1879,Skill Competency Credential,Srikakulam,Ponduru
1.0250680225695585,0.12868691727398585,1.843567657315783,0.0,1.0,381.92269364687775,3.9164456270918424,0.1,0,LEGITIMATE,SUPPLY_CHAIN,AP-AGRI-102-BATCH-880,Cashew Raw Nut,Srikakulam,Ponduru
1.5786616067931685,0.1909210961535353,2.8660722323118573,0.0,1.0,171.93024269108523,7.88240782868806,3.0830304611698507,0,LEGITIMATE,CERTIFICATE,CUTM-CERT-2026-1881,Skill Competency Credential,Anakapalli,Mandal 1
7.01307446607173,0.5925147191713596,2.314366323180572,5.0,12.0,6.7345265147510185,280.6393212452594,89.08675373460076,1,SUSPICIOUS,CERTIFICATE,CUTM-CERT-2026-1882,Skill Competency Credential,Anakapalli,Mandal 1
1.8766397516129614,0.23513675910864068,1.2290440990594353,0.0,2.0,29.09769024812202,9.87751357309759,0.1,0,LEGITIMATE,SUPPLY_CHAIN,AP-AGRI-827-BATCH-883,Mesta Jute,Kakinada,Mandal 1
3.0177536293517084,0.1647493365740531,1.6314906768934274,0.0,1.0,188.3249560114992,60.0,1.4396737075605093,0,LEGITIMATE,CERTIFICATE,CUTM-CERT-2026-1884,Organic Farming Certification,Kakinada,Mandal 2
1.3253499300545506,0.23699636961187714,2.653250233012232,0.0,2.0,282.2131049339384,18.504997841845782,0.1,0,LEGITIMATE,SUPPLY_CHAIN,AP-AGRI-458-BATCH-885,Cashew Raw Nut,Srikakulam,Etcherla
2.0771537121015764,0.24186051396127906,3.9797997435559025,2.0,1.0,54.34994788094011,0.9439252207870855,0.1,0,LEGITIMATE,LAND_RECORD,AP-SRI-LAND-1886,Survey No. 78/2,Srikakulam,Ponduru
2.413580522857064,0.05163940821123217,5.0,1.0,1.0,27.45977615030603,2.8356353364819844,2.57960278599094,0,LEGITIMATE,SUPPLY_CHAIN,AP-AGRI-169-BATCH-887,Teja Red Chilli,East Godavari,Mandal 2
2.286269428139886,0.1535726624770773,1.14545552608935,0.0,4.0,252.13069418193834,8.66673729834462,1.2641728317511707,0,LEGITIMATE,CERTIFICATE,CUTM-CERT-2026-1888,B.Tech Degree Certificate,Srikakulam,Laveru
0.8988041931081784,0.01,1.0632668714549587,1.0,3.0,139.48899526103702,8.420831731849258,1.0749316568188116,0,LEGITIMATE,SUPPLY_CHAIN,AP-AGRI-334-BATCH-889,Banganapalle Mango,Vizianagaram,Denkada
1.8767534282018061,0.020474254390546814,1.1364186717664773,2.0,3.0,22.827625466751602,8.962343710820754,2.257858939740929,0,LEGITIMATE,SUPPLY_CHAIN,AP-AGRI-878-BATCH-890,Banganapalle Mango,Kakinada,Mandal 1
8.359335364336852,0.9992747698714778,6.2553349997817245,3.0,8.0,0.1,285.8171293611916,112.71667315996119,1,SUSPICIOUS,LAND_RECORD,AP-VIZ-LAND-1891,Survey No. 153/3,Vizianagaram,Gantyada
1.3302018058223932,0.11299554269403358,1.7436664460905256,0.0,3.0,246.67475609628616,2.6912362478176357,0.1,0,LEGITIMATE,CERTIFICATE,CUTM-CERT-2026-1892,Skill Competency Credential,Visakhapatnam,Pendurthi
0.979903359822261,0.31007704812721226,2.2837660514242932,1.0,4.0,176.43099674842165,36.67618550785132,0.5229121060531364,0,LEGITIMATE,LAND_RECORD,AP-KAK-LAND-1893,Survey No. 398/3,Kakinada,Mandal 2
2.2507571552938006,0.13959791508012082,4.613954985980179,1.0,1.0,112.89887957890507,1.029296625466621,1.0813000147277911,0,LEGITIMATE,SUPPLY_CHAIN,AP-AGRI-482-BATCH-894,Cashew Raw Nut,Visakhapatnam,Padmanabham
2.26576957628095,0.01733315475342037,1.2138727319225127,1.0,2.0,277.77093103721376,6.315142977935423,0.769500149967081,0,LEGITIMATE,SUPPLY_CHAIN,AP-AGRI-960-BATCH-895,Cashew Raw Nut,Visakhapatnam,Padmanabham
1.162597581254986,0.17325865422934578,0.6641102252846026,1.0,2.0,28.99716538320874,16.686772550928755,0.6931593315908874,0,LEGITIMATE,SUPPLY_CHAIN,AP-AGRI-687-BATCH-896,Banganapalle Mango,East Godavari,Mandal 1
11.53504062733515,0.8534210346611649,3.5233914055838493,3.0,5.0,1.9740383165615532,174.50964500325222,113.37080827179969,1,SUSPICIOUS,LAND_RECORD,AP-VIS-LAND-1897,Survey No. 54/2,Visakhapatnam,Pendurthi
3.1175224161428345,0.13758934950555252,1.783831410006717,0.0,3.0,40.603679460716585,9.060165949215332,1.7916600865671373,0,LEGITIMATE,SUPPLY_CHAIN,AP-AGRI-211-BATCH-898,Mesta Jute,Vizianagaram,Gantyada
1.0018873566116389,0.14865306210132592,1.9998500435082136,0.0,3.0,28.57071760219194,5.77026061836491,1.4142894277342746,0,LEGITIMATE,LAND_RECORD,AP-ANA-LAND-1899,Survey No. 420/1,Anakapalli,Mandal 2
1.8644886609038764,0.19441165455558648,3.594494351476626,0.0,1.0,231.4183880856918,8.157803490841607,1.3742252102559496,0,LEGITIMATE,LAND_RECORD,AP-SRI-LAND-1900,Survey No. 47/1,Srikakulam,Laveru
1.583457422195833,0.26698842107786885,2.2461038832026485,1.0,2.0,226.9524858221989,2.3160555965266534,0.8161864962450195,0,LEGITIMATE,LAND_RECORD,AP-VIS-LAND-1901,Survey No. 267/3,Visakhapatnam,Pendurthi
2.4548829878256044,0.01,1.0007510158646553,1.0,2.0,12.726322702022971,0.5583035327653252,0.597799927806532,0,LEGITIMATE,SUPPLY_CHAIN,AP-AGRI-589-BATCH-902,Cashew Raw Nut,Anakapalli,Mandal 2
1.1025069617983272,0.01,2.7486045065535727,0.0,1.0,72.06747960602907,1.08819557201782,0.36081737186224394,0,LEGITIMATE,LAND_RECORD,AP-VIS-LAND-1903,Survey No. 24/2,Visakhapatnam,Pendurthi
2.088912828117192,0.1558620251668557,5.0,0.0,1.0,554.2706218611679,36.77307011672783,2.611449548005994,0,LEGITIMATE,LAND_RECORD,AP-VIS-LAND-1904,Survey No. 246/4,Visakhapatnam,Bheemunipatnam
0.1,0.1066413279819046,3.4989371793828514,0.0,3.0,532.0124299069752,7.44978030745774,1.4830664193007201,0,LEGITIMATE,CERTIFICATE,CUTM-CERT-2026-1905,Organic Farming Certification,Vizianagaram,Cheepurupalli
0.7800034609563107,0.1641695864004024,2.9718929271672523,0.0,1.0,96.40631330849037,5.638173443223642,1.4603163608682577,0,LEGITIMATE,LAND_RECORD,AP-EAS-LAND-1906,Survey No. 445/2,East Godavari,Mandal 1
1.6681311109149317,0.01,1.1531215950972582,1.0,1.0,16.652594619610607,5.8406585178745045,1.1452270931438688,0,LEGITIMATE,CERTIFICATE,CUTM-CERT-2026-1907,Land Title Deed (Pattadar),Anakapalli,Mandal 1
0.7262970165587037,0.09672978311036509,1.4250904318636244,0.0,3.0,52.49471491215492,8.816794772402057,1.366841684492701,0,LEGITIMATE,LAND_RECORD,AP-ANA-LAND-1908,Survey No. 160/1,Anakapalli,Mandal 2
2.1491036087488062,0.12257242776721305,4.1383546160274145,1.0,4.0,66.46278165756891,1.0540314707581153,0.30459749543655623,0,LEGITIMATE,LAND_RECORD,AP-ANA-LAND-1909,Survey No. 16/4,Anakapalli,Mandal 2
1.8504906553997087,0.16361415545535457,2.660138383078596,1.0,1.0,10.0,0.6490592839852691,1.1925611192865486,0,LEGITIMATE,SUPPLY_CHAIN,AP-AGRI-952-BATCH-910,Mesta Jute,Kakinada,Mandal 2
1.5535065146582394,0.15780831939963522,2.6848604134925242,0.0,3.0,17.841849270826522,13.424614998939317,0.31957787080522815,0,LEGITIMATE,LAND_RECORD,AP-VIZ-LAND-1911,Survey No. 278/4,Vizianagaram,Denkada
2.3421462927057597,0.1924978582874065,1.442250197896186,0.0,1.0,151.05919796836545,7.33794133478372,2.67877061244117,0,LEGITIMATE,CERTIFICATE,CUTM-CERT-2026-1912,Land Title Deed (Pattadar),Visakhapatnam,Bheemunipatnam
1.8504235012628045,0.3033155901388328,0.947242689727455,0.0,2.0,10.0,1.048031596488354,1.180727798241889,0,LEGITIMATE,LAND_RECORD,AP-VIS-LAND-1913,Survey No. 305/1,Visakhapatnam,Bheemunipatnam
2.658223736937476,0.11268667951940523,1.8697557819849482,0.0,1.0,50.329777562814996,21.362662439698212,2.2301934263120353,0,LEGITIMATE,CERTIFICATE,CUTM-CERT-2026-1914,Land Title Deed (Pattadar),Kakinada,Mandal 1
2.2572714182968587,0.10386412088579983,2.756104058295412,1.0,2.0,85.68141265019239,4.892094978480145,1.7068107791079359,0,LEGITIMATE,LAND_RECORD,AP-ANA-LAND-1915,Survey No. 143/1,Anakapalli,Mandal 2
1.9697477538898551,0.23215245970564957,1.6261436931540412,0.0,3.0,83.39262115289476,4.748545305523371,1.2641593731757772,0,LEGITIMATE,CERTIFICATE,CUTM-CERT-2026-1916,Organic Farming Certification,Anakapalli,Mandal 1
6.791794768344046,0.5963477002109803,1.8558693983093624,5.0,11.0,6.947600419839653,218.09101843017913,91.26426368770396,1,SUSPICIOUS,LAND_RECORD,AP-EAS-LAND-1917,Survey No. 169/2,East Godavari,Mandal 1
2.9772716335105764,0.15129035322208031,2.8628715047042452,1.0,2.0,28.21306630488932,17.43806045116968,1.4946995411256452,0,LEGITIMATE,SUPPLY_CHAIN,AP-AGRI-421-BATCH-918,Banganapalle Mango,Srikakulam,Laveru
1.216641835835416,0.07448371802223981,3.1805587034752905,0.0,1.0,50.78518804267542,34.1750674823183,1.843069138100291,0,LEGITIMATE,LAND_RECORD,AP-SRI-LAND-1919,Survey No. 188/2,Srikakulam,Ponduru
7.928349042066719,0.6148539945164533,6.165011870344801,4.0,4.0,3.600242541489869,339.28175041049315,67.87049127707472,1,SUSPICIOUS,CERTIFICATE,CUTM-CERT-2026-1920,Skill Competency Credential,Kakinada,Mandal 1
2.6741304406873545,0.05706133128525226,1.1508317112723452,1.0,2.0,89.69366740040535,7.407984815186727,1.6448299530771315,0,LEGITIMATE,LAND_RECORD,AP-VIZ-LAND-1921,Survey No. 405/2,Vizianagaram,Denkada
0.4289859917220784,0.18050171120647804,1.8340960139539282,0.0,3.0,683.1691335594528,17.494945197933987,1.7920670828659744,0,LEGITIMATE,LAND_RECORD,AP-EAS-LAND-1922,Survey No. 330/1,East Godavari,Mandal 2
1.8529993015697837,0.14660529519367133,0.9179591216043078,1.0,4.0,190.10637422897298,1.9869053451428607,0.7634399024407055,0,LEGITIMATE,SUPPLY_CHAIN,AP-AGRI-412-BATCH-923,Mesta Jute,Vizianagaram,Vizianagaram Rural
1.8587867023201181,0.2845906868272079,3.4345563454654804,1.0,2.0,277.7736738268206,3.8449844690525588,1.2505242944345552,0,LEGITIMATE,LAND_RECORD,AP-VIS-LAND-1924,Survey No. 336/3,Visakhapatnam,Pendurthi
1.7346909452425558,0.212998616350842,1.5280338951282513,0.0,2.0,221.39966737339861,17.20962413978317,2.5583607038314033,0,LEGITIMATE,SUPPLY_CHAIN,AP-AGRI-892-BATCH-925,Mesta Jute,Anakapalli,Mandal 2
0.11012450427827414,0.2850042431589311,2.6859561319262837,1.0,2.0,169.293113173822,1.9006337800908695,2.2137659875217275,0,LEGITIMATE,SUPPLY_CHAIN,AP-AGRI-305-BATCH-926,Teja Red Chilli,Vizianagaram,Gantyada
1.3181394024384685,0.1421541145173994,1.6069724402900598,0.0,5.0,19.835001620793022,11.89798400095875,0.7460846593977566,0,LEGITIMATE,LAND_RECORD,AP-ANA-LAND-1927,Survey No. 21/3,Anakapalli,Mandal 1
2.2379132757771356,0.0602855163186196,3.931332333948513,0.0,4.0,64.87011858367828,8.523860602733583,1.245021051212174,0,LEGITIMATE,SUPPLY_CHAIN,AP-AGRI-217-BATCH-928,Cashew Raw Nut,Anakapalli,Mandal 2
0.404857740262091,0.08614773137961329,2.1182037504700775,0.0,5.0,69.50685087065531,12.623525341454114,1.6654243547276975,0,LEGITIMATE,LAND_RECORD,AP-SRI-LAND-1929,Survey No. 108/2,Srikakulam,Etcherla
5.031770939013874,0.9240674456815076,3.097472181279037,4.0,4.0,5.847107202058744,330.9354113743897,34.92113255018574,1,SUSPICIOUS,SUPPLY_CHAIN,AP-AGRI-951-BATCH-930,Teja Red Chilli,Kakinada,Mandal 1
1.340761544351323,0.23802965445577784,2.616225226053931,0.0,4.0,239.31512091015458,2.8071752053813976,0.5397081631273879,0,LEGITIMATE,LAND_RECORD,AP-EAS-LAND-1931,Survey No. 152/2,East Godavari,Mandal 2
2.815825194314745,0.12836824463236463,2.2313197450199076,0.0,3.0,1000.0,6.2682363998681385,0.4345224211016112,0,LEGITIMATE,LAND_RECORD,AP-VIZ-LAND-1932,Survey No. 348/1,Vizianagaram,Cheepurupalli
2.3262575260848193,0.06843323934660454,2.3081217969930514,0.0,2.0,244.40452453785892,3.6724865943566667,1.9367571544572346,0,LEGITIMATE,CERTIFICATE,CUTM-CERT-2026-1933,Organic Farming Certification,East Godavari,Mandal 1
1.8175900978512234,0.23651603757028256,2.0359209393833377,1.0,1.0,62.38962990544355,18.066899623971704,1.805006359240042,0,LEGITIMATE,CERTIFICATE,CUTM-CERT-2026-1934,Organic Farming Certification,Vizianagaram,Denkada
7.025328261231703,0.5402635786850987,3.7624397417063,4.0,4.0,6.282764639441492,294.22341412474174,140.21115773283594,1,SUSPICIOUS,CERTIFICATE,CUTM-CERT-2026-1935,B.Tech Degree Certificate,East Godavari,Mandal 1
2.1150144713952823,0.10328904487262247,1.9373690553058451,0.0,4.0,21.146255345428973,3.238165796483185,1.974340103511439,0,LEGITIMATE,SUPPLY_CHAIN,AP-AGRI-266-BATCH-936,Mesta Jute,Vizianagaram,Cheepurupalli
3.0497228759573094,0.033441166337498565,1.7082692974190612,0.0,1.0,851.972326649126,7.206847395750091,0.9254698394134027,0,LEGITIMATE,LAND_RECORD,AP-SRI-LAND-1937,Survey No. 228/2,Srikakulam,Ranastalam
1.6660592093134579,0.08647651666409173,3.1046983127303114,0.0,3.0,151.49421372902646,2.165075371588971,1.053454272314316,0,LEGITIMATE,LAND_RECORD,AP-VIS-LAND-1938,Survey No. 364/1,Visakhapatnam,Anandapuram
1.0178311209072746,0.19839947005430986,0.9437640017956879,0.0,5.0,326.8489152399118,15.328203304449223,1.3007817732062692,0,LEGITIMATE,LAND_RECORD,AP-EAS-LAND-1939,Survey No. 137/2,East Godavari,Mandal 1
0.6791054440168025,0.23179257802883776,5.0,2.0,1.0,10.0,12.124310719268562,1.4394827122959009,0,LEGITIMATE,SUPPLY_CHAIN,AP-AGRI-835-BATCH-940,Banganapalle Mango,East Godavari,Mandal 2
2.655778937071821,0.0969838873315789,3.789204464075628,0.0,4.0,12.844525103194417,4.972086030240736,0.1,0,LEGITIMATE,LAND_RECORD,AP-EAS-LAND-1941,Survey No. 36/2,East Godavari,Mandal 2
1.6349194464776031,0.06750383452483319,2.31049904797006,0.0,1.0,111.26171696514872,4.814959054016522,0.9218222120544193,0,LEGITIMATE,CERTIFICATE,CUTM-CERT-2026-1942,Land Title Deed (Pattadar),East Godavari,Mandal 2
1.1092000451002337,0.09768294930904624,3.188487042826344,0.0,1.0,14.042565774686391,13.010121390395723,1.3012606418201358,0,LEGITIMATE,LAND_RECORD,AP-SRI-LAND-1943,Survey No. 399/4,Srikakulam,Etcherla
1.2777312203432407,0.21522528577373065,3.6751830274370185,0.0,3.0,218.97775719113835,7.671754467913018,2.127478167995466,0,LEGITIMATE,LAND_RECORD,AP-VIS-LAND-1944,Survey No. 237/4,Visakhapatnam,Bheemunipatnam
2.0379127528348926,0.16405603649318798,3.9676367820435967,1.0,3.0,80.67677194552017,0.6696228522769104,2.682551332934544,0,LEGITIMATE,CERTIFICATE,CUTM-CERT-2026-1945,Organic Farming Certification,Vizianagaram,Denkada
9.389464278111102,0.8903426577967885,6.830771072310453,3.0,7.0,0.9582953290112517,176.56881840740232,132.5739536233216,1,SUSPICIOUS,LAND_RECORD,AP-SRI-LAND-1946,Survey No. 20/1,Srikakulam,Etcherla
0.5626645209424335,0.05492889163213843,2.3346166190533015,0.0,1.0,23.161555876227244,35.54260234548605,1.5499540976489976,0,LEGITIMATE,LAND_RECORD,AP-EAS-LAND-1947,Survey No. 74/4,East Godavari,Mandal 1
1.360140224316365,0.1773602765936817,5.0,0.0,1.0,155.40543888480852,30.488273588283047,1.4723480118905217,0,LEGITIMATE,SUPPLY_CHAIN,AP-AGRI-718-BATCH-948,Mesta Jute,Kakinada,Mandal 1
1.8260594854951038,0.16845378419045004,2.586633623198769,0.0,1.0,10.0,2.9665233194605327,2.6988974261581977,0,LEGITIMATE,CERTIFICATE,CUTM-CERT-2026-1949,Land Title Deed (Pattadar),Vizianagaram,Vizianagaram Rural
0.5514722092000717,0.088073129201436,2.5910811553114295,0.0,3.0,28.204680037825653,14.476093902582209,0.3807035459290632,0,LEGITIMATE,LAND_RECORD,AP-EAS-LAND-1950,Survey No. 320/4,East Godavari,Mandal 2
1.059203264413654,0.21468381996816144,5.0,0.0,1.0,432.7036774262931,2.090191739277408,2.9286864143993037,0,LEGITIMATE,LAND_RECORD,AP-VIS-LAND-1951,Survey No. 58/1,Visakhapatnam,Bheemunipatnam
1.1513968410161326,0.13188363323646893,2.1041636030260906,0.0,3.0,40.66517160966253,24.93828517923073,1.5556577913922918,0,LEGITIMATE,LAND_RECORD,AP-KAK-LAND-1952,Survey No. 200/4,Kakinada,Mandal 1
0.6072049961727373,0.1999347417975626,2.737167681550091,0.0,4.0,10.0,44.19124203031167,0.1,0,LEGITIMATE,SUPPLY_CHAIN,AP-AGRI-267-BATCH-953,Banganapalle Mango,East Godavari,Mandal 1
13.149731537045774,0.7981078591088694,11.499495135487887,3.0,7.0,6.593881082167336,367.0492995933451,85.99437160520135,1,SUSPICIOUS,LAND_RECORD,AP-VIZ-LAND-1954,Survey No. 148/4,Vizianagaram,Gantyada
0.1,0.12836827553573132,1.4868010628189072,0.0,1.0,89.15864805280266,34.78136127694284,1.3189107075701385,0,LEGITIMATE,SUPPLY_CHAIN,AP-AGRI-521-BATCH-955,Cashew Raw Nut,Srikakulam,Ranastalam
1.6807281036507222,0.14498026528250596,2.6154982512088445,0.0,4.0,130.25746051567106,12.19528104635475,1.8344175093207356,0,LEGITIMATE,LAND_RECORD,AP-SRI-LAND-1956,Survey No. 195/3,Srikakulam,Etcherla
13.11765058251903,0.7249887690714985,11.559436213517836,4.0,10.0,3.0108874204720832,276.1474158248695,116.92343847758755,1,SUSPICIOUS,CERTIFICATE,CUTM-CERT-2026-1957,Skill Competency Credential,Visakhapatnam,Padmanabham
1.9803482946448123,0.11116830376687015,2.0948580449613146,0.0,1.0,436.7649132029403,49.933181097172515,1.902527151219603,0,LEGITIMATE,SUPPLY_CHAIN,AP-AGRI-744-BATCH-958,Teja Red Chilli,East Godavari,Mandal 2
2.9785103466766154,0.15195589775358292,3.4572093991136628,0.0,1.0,33.15478345396513,7.758048588221305,0.9462456061082314,0,LEGITIMATE,SUPPLY_CHAIN,AP-AGRI-463-BATCH-959,Teja Red Chilli,Vizianagaram,Denkada
1.1103893773824216,0.06311411339100167,2.8593781283734385,0.0,4.0,119.73302065456632,3.1314043988918048,0.8594425667437806,0,LEGITIMATE,LAND_RECORD,AP-VIZ-LAND-1960,Survey No. 116/3,Vizianagaram,Vizianagaram Rural
2.2678282126755978,0.1509022157294928,1.8999304655414886,0.0,1.0,106.34946549479534,7.060519798875913,0.3687638364567586,0,LEGITIMATE,LAND_RECORD,AP-EAS-LAND-1961,Survey No. 210/1,East Godavari,Mandal 2
1.5454916967852408,0.19577939361498195,2.781427191396515,0.0,1.0,317.1778494098246,5.595679089557109,2.432671750563054,0,LEGITIMATE,LAND_RECORD,AP-EAS-LAND-1962,Survey No. 20/3,East Godavari,Mandal 2
2.229989306849945,0.30729019771004723,0.8991600912949533,0.0,1.0,99.58437675609082,9.009780978219778,1.0166573508834646,0,LEGITIMATE,SUPPLY_CHAIN,AP-AGRI-899-BATCH-963,Teja Red Chilli,East Godavari,Mandal 2
1.9882394133750207,0.2412202624755424,1.129415310559456,0.0,1.0,418.0431615356905,23.85357192259276,0.1,0,LEGITIMATE,LAND_RECORD,AP-ANA-LAND-1964,Survey No. 61/3,Anakapalli,Mandal 2
1.4035935590932955,0.10410642473132647,0.785746842461737,0.0,2.0,437.5794057659437,6.650557755395736,0.8487565268700294,0,LEGITIMATE,LAND_RECORD,AP-EAS-LAND-1965,Survey No. 405/1,East Godavari,Mandal 2
2.466437557197923,0.017208969486424947,1.51789156321523,0.0,1.0,70.77159398299308,3.7852667799447133,0.1,0,LEGITIMATE,LAND_RECORD,AP-VIS-LAND-1966,Survey No. 423/3,Visakhapatnam,Pendurthi
6.927172372645017,0.7696773681774928,15.0,4.0,6.0,3.929572431417397,326.72515909763695,116.73169838447684,1,SUSPICIOUS,LAND_RECORD,AP-EAS-LAND-1967,Survey No. 100/3,East Godavari,Mandal 2
1.4074720851385782,0.2700988691061768,1.4144814892722801,0.0,1.0,39.16436670949793,15.23068898086176,2.3318404689475103,0,LEGITIMATE,LAND_RECORD,AP-SRI-LAND-1968,Survey No. 158/1,Srikakulam,Ponduru
2.7019109745227765,0.14139730045871488,2.6729119189115567,0.0,2.0,145.48665191874022,16.69269009542644,0.4949631591683492,0,LEGITIMATE,SUPPLY_CHAIN,AP-AGRI-899-BATCH-969,Banganapalle Mango,Srikakulam,Ranastalam
2.8615080704125826,0.1408866885557533,3.050502042712784,0.0,2.0,56.05520094307,1.1466151556476705,1.4978826025014806,0,LEGITIMATE,SUPPLY_CHAIN,AP-AGRI-257-BATCH-970,Mesta Jute,East Godavari,Mandal 1
1.296363836700647,0.15726400188880382,1.0396071326273069,1.0,3.0,375.6316327296955,33.69027884821162,1.3382485525044603,0,LEGITIMATE,LAND_RECORD,AP-ANA-LAND-1971,Survey No. 244/1,Anakapalli,Mandal 2
2.206543966730858,0.0698099403387026,4.128406290808818,0.0,2.0,37.160717225628915,26.113408383551167,1.4287831833035092,0,LEGITIMATE,SUPPLY_CHAIN,AP-AGRI-742-BATCH-972,Banganapalle Mango,Srikakulam,Ponduru
1.4265833569846929,0.1913362254918773,1.3738689056240958,0.0,2.0,38.84666741305722,11.455729783281582,1.017528766010238,0,LEGITIMATE,LAND_RECORD,AP-ANA-LAND-1973,Survey No. 131/3,Anakapalli,Mandal 2
10.753256487896827,0.7513130922472498,3.1756296970892004,8.0,12.0,1.5839804236416692,204.79422331179615,105.81914517326396,1,SUSPICIOUS,CERTIFICATE,CUTM-CERT-2026-1974,Organic Farming Certification,Srikakulam,Etcherla
0.203483508239654,0.2739912452903301,1.3498690794936505,1.0,5.0,110.449289852304,5.452953393180853,0.4498474085864985,0,LEGITIMATE,SUPPLY_CHAIN,AP-AGRI-191-BATCH-975,Mesta Jute,Visakhapatnam,Anandapuram
3.5201968644531245,0.1908110972490753,0.4787794933813695,2.0,1.0,177.7913844695605,3.461389234047186,2.001818979038881,0,LEGITIMATE,LAND_RECORD,AP-ANA-LAND-1976,Survey No. 351/4,Anakapalli,Mandal 2
5.617142973821915,0.5433563643286934,14.011746136491492,3.0,11.0,12.3850113032401,278.3757628721951,60.754186379957204,1,SUSPICIOUS,SUPPLY_CHAIN,AP-AGRI-870-BATCH-977,Mesta Jute,East Godavari,Mandal 2
2.6735649895416023,0.30089513268448653,1.9602680408681898,1.0,2.0,38.3435161184038,13.834188255468751,1.4118048888551287,0,LEGITIMATE,LAND_RECORD,AP-KAK-LAND-1978,Survey No. 208/3,Kakinada,Mandal 2
2.6938865825386302,0.2814128234748987,4.757690396421271,1.0,1.0,521.9521244150083,60.0,0.8009676021292784,0,LEGITIMATE,LAND_RECORD,AP-KAK-LAND-1979,Survey No. 380/1,Kakinada,Mandal 1
1.2441045969822033,0.21216583671927186,1.2118787189461915,0.0,2.0,83.0016740993687,3.7974705266456428,1.5954205354264612,0,LEGITIMATE,LAND_RECORD,AP-VIS-LAND-1980,Survey No. 375/3,Visakhapatnam,Anandapuram
1.5341354417470736,0.16164118442684763,4.499109114526679,1.0,1.0,58.71876718755068,33.357715118020955,2.283207254881808,0,LEGITIMATE,CERTIFICATE,CUTM-CERT-2026-1981,Skill Competency Credential,East Godavari,Mandal 2
0.6188566139106539,0.20930254135880172,0.9650942225907335,0.0,1.0,424.4401608886102,1.7791152221192879,0.1,0,LEGITIMATE,CERTIFICATE,CUTM-CERT-2026-1982,B.Tech Degree Certificate,Kakinada,Mandal 1
1.1589235658924937,0.22755278325985642,2.973188380996161,0.0,3.0,222.15465773456967,10.548399173382116,0.24556819340365332,0,LEGITIMATE,SUPPLY_CHAIN,AP-AGRI-757-BATCH-983,Cashew Raw Nut,Srikakulam,Ranastalam
11.12270509042066,0.8011229982236125,6.94944001627039,3.0,6.0,0.15505235766131117,302.3891321011557,133.32405687419816,1,SUSPICIOUS,CERTIFICATE,CUTM-CERT-2026-1984,Skill Competency Credential,Vizianagaram,Bhogapuram
2.49118360153248,0.01,2.193856285222298,0.0,4.0,34.09572449038399,41.24637046074,1.1389978769439186,0,LEGITIMATE,LAND_RECORD,AP-VIZ-LAND-1985,Survey No. 421/4,Vizianagaram,Bhogapuram
1.847305348642224,0.22142846530583643,2.183922305348484,0.0,2.0,182.67786675784242,7.9591985423508955,0.1,0,LEGITIMATE,SUPPLY_CHAIN,AP-AGRI-930-BATCH-986,Banganapalle Mango,East Godavari,Mandal 2
1.3957227788510447,0.07879834001891176,3.482008216718712,0.0,3.0,160.85380197198367,7.370430193083497,0.4218710418442394,0,LEGITIMATE,LAND_RECORD,AP-SRI-LAND-1987,Survey No. 376/2,Srikakulam,Laveru
0.8509302202114123,0.2880905899735608,3.237415315998706,0.0,1.0,312.15592907208776,16.67598384305147,0.7644312879886097,0,LEGITIMATE,LAND_RECORD,AP-KAK-LAND-1988,Survey No. 235/1,Kakinada,Mandal 2
2.1889074620550875,0.1017617349946397,2.274419857466141,0.0,3.0,84.4455162355812,8.957172641248295,2.4679085501820164,0,LEGITIMATE,CERTIFICATE,CUTM-CERT-2026-1989,B.Tech Degree Certificate,Vizianagaram,Bhogapuram
1.4195531444471559,0.12645218211782,5.0,0.0,1.0,10.0,21.741075377436374,0.5846612208600193,0,LEGITIMATE,CERTIFICATE,CUTM-CERT-2026-1990,Organic Farming Certification,Anakapalli,Mandal 1
1.1984952759817333,0.16012773682221548,2.2996715086640003,0.0,1.0,167.58667329123253,31.354774967390032,0.8254706118189046,0,LEGITIMATE,CERTIFICATE,CUTM-CERT-2026-1991,Land Title Deed (Pattadar),East Godavari,Mandal 2
1.7585021477818474,0.21857682828452896,2.172238167846198,0.0,5.0,66.47805628393795,20.769293543279872,3.2847890306874623,0,LEGITIMATE,SUPPLY_CHAIN,AP-AGRI-159-BATCH-992,Cashew Raw Nut,Vizianagaram,Cheepurupalli
2.922978053061999,0.01,2.1477408141732797,0.0,3.0,37.4077030225218,44.23383549876325,1.048983315898733,0,LEGITIMATE,LAND_RECORD,AP-KAK-LAND-1993,Survey No. 228/2,Kakinada,Mandal 1
2.8230110045695413,0.01,2.784507652556544,1.0,2.0,161.73689450783306,2.2478030835509375,0.1,0,LEGITIMATE,SUPPLY_CHAIN,AP-AGRI-918-BATCH-994,Teja Red Chilli,Visakhapatnam,Bheemunipatnam
1.3145456847994035,0.24068549623004998,1.5911000023914081,0.0,2.0,42.14288002961501,22.694672057166258,2.2717127841366986,0,LEGITIMATE,LAND_RECORD,AP-VIZ-LAND-1995,Survey No. 182/1,Vizianagaram,Gantyada
2.5461861615513506,0.11923599119856665,1.5213036435010765,0.0,1.0,386.3620246698076,3.446813885585995,1.844814182485396,0,LEGITIMATE,CERTIFICATE,CUTM-CERT-2026-1996,Skill Competency Credential,Vizianagaram,Bhogapuram
2.269055469541533,0.18202479266477387,1.704674031622916,0.0,5.0,230.28937289007976,3.27509373612492,1.564702414364876,0,LEGITIMATE,LAND_RECORD,AP-KAK-LAND-1997,Survey No. 234/2,Kakinada,Mandal 1
1.2216393735452333,0.08552051129345618,1.911388034083018,1.0,1.0,278.7180757000822,18.730675098588044,0.9687532494067448,0,LEGITIMATE,CERTIFICATE,CUTM-CERT-2026-1998,Land Title Deed (Pattadar),Vizianagaram,Denkada
2.1943191514614973,0.030156817968716262,2.5497633563728237,0.0,2.0,155.40063210768264,11.574334786815845,0.2566060645633861,0,LEGITIMATE,SUPPLY_CHAIN,AP-AGRI-726-BATCH-999,Cashew Raw Nut,Anakapalli,Mandal 1
6.478646195153331,0.6808061172892867,7.482115773349218,4.0,10.0,0.7046933036231607,209.14941175513377,74.91213273687667,1,SUSPICIOUS,LAND_RECORD,AP-SRI-LAND-2000,Survey No. 58/1,Srikakulam,Laveru
2.491987269725721,0.09841117546901362,1.4402448917650745,1.0,2.0,550.2617098746537,6.127168526120144,0.9685450366151356,0,LEGITIMATE,LAND_RECORD,AP-VIZ-LAND-2001,Survey No. 403/1,Vizianagaram,Bhogapuram
1.9419580938284455,0.1529184604491385,1.7238522312491202,1.0,2.0,10.0,5.610183760620433,2.486564741956545,0,LEGITIMATE,LAND_RECORD,AP-SRI-LAND-2002,Survey No. 422/3,Srikakulam,Ranastalam
11.932942709822964,0.5,10.10574887822423,6.0,8.0,1.4472206911635714,273.27368003561145,64.5962541378275,1,SUSPICIOUS,LAND_RECORD,AP-VIS-LAND-2003,Survey No. 265/1,Visakhapatnam,Anandapuram
2.2154882864338967,0.1474020540866036,1.501551652221864,2.0,4.0,274.24736641209387,16.21685756477501,2.0112230780805676,0,LEGITIMATE,CERTIFICATE,CUTM-CERT-2026-2004,Organic Farming Certification,Vizianagaram,Denkada
2.344136303243221,0.06803768696695948,2.6484306011749776,1.0,2.0,291.4135658341598,0.7928673152464845,0.7791716715655088,0,LEGITIMATE,LAND_RECORD,AP-KAK-LAND-2005,Survey No. 389/1,Kakinada,Mandal 1
2.057849628890461,0.21134938346632487,1.9328304367112898,0.0,1.0,88.43054654990544,27.582130309903114,0.3681854807428082,0,LEGITIMATE,LAND_RECORD,AP-EAS-LAND-2006,Survey No. 228/4,East Godavari,Mandal 1
4.969750771039916,0.6508138322162664,15.0,4.0,4.0,9.682546634570592,258.54664984332373,72.84744496618372,1,SUSPICIOUS,LAND_RECORD,AP-SRI-LAND-2007,Survey No. 267/1,Srikakulam,Laveru
2.6389638855616857,0.07683389773381188,4.047065656216169,1.0,4.0,76.9906235127483,3.987920287095922,1.245731952214456,0,LEGITIMATE,LAND_RECORD,AP-KAK-LAND-2008,Survey No. 219/2,Kakinada,Mandal 1
1.218461082876265,0.1472256599985128,3.354489666404943,0.0,4.0,24.03820164806643,47.468612804556365,2.1946732023788864,0,LEGITIMATE,LAND_RECORD,AP-EAS-LAND-2009,Survey No. 290/3,East Godavari,Mandal 2
2.4284707858873835,0.09805896643118911,2.4860314080727957,0.0,2.0,22.024502490390148,44.997999000545235,1.3080731314327818,0,LEGITIMATE,CERTIFICATE,CUTM-CERT-2026-2010,Organic Farming Certification,Visakhapatnam,Padmanabham
1.9561558198376927,0.3196914722106934,1.7430888063355234,1.0,3.0,577.3066116000006,4.74807944320015,0.8420058401943079,0,LEGITIMATE,SUPPLY_CHAIN,AP-AGRI-247-BATCH-1011,Teja Red Chilli,Vizianagaram,Vizianagaram Rural
2.1322879619242414,0.3370276095337732,5.0,0.0,2.0,289.31003241200784,18.52942855382535,0.7280730086960243,0,LEGITIMATE,CERTIFICATE,CUTM-CERT-2026-2012,B.Tech Degree Certificate,Anakapalli,Mandal 1
1.0111084628593954,0.1705193582754832,1.3571706308581954,1.0,1.0,10.0,10.31954510409911,1.5963156920276331,0,LEGITIMATE,LAND_RECORD,AP-KAK-LAND-2013,Survey No. 285/3,Kakinada,Mandal 2
1.657940639427241,0.09952307222942955,3.4359414673621997,0.0,5.0,131.92000364188334,1.0730488747011424,1.54813493705204,0,LEGITIMATE,LAND_RECORD,AP-VIZ-LAND-2014,Survey No. 327/2,Vizianagaram,Denkada
0.5493047420423456,0.2372527948870506,4.21548687923259,0.0,2.0,49.36226771589642,23.388282077911384,1.516308867917104,0,LEGITIMATE,LAND_RECORD,AP-VIS-LAND-2015,Survey No. 177/4,Visakhapatnam,Padmanabham
1.9472039037603026,0.18730630177363333,2.342351096163398,0.0,1.0,25.948831047067088,11.540849717283846,0.6380426607147704,0,LEGITIMATE,LAND_RECORD,AP-VIZ-LAND-2016,Survey No. 366/3,Vizianagaram,Vizianagaram Rural
1.0784303958101924,0.17249385325147834,1.5082319625403433,0.0,3.0,10.191070226770085,10.39079456266236,0.9516879171150012,0,LEGITIMATE,LAND_RECORD,AP-EAS-LAND-2017,Survey No. 69/4,East Godavari,Mandal 1
0.40177331497709834,0.06798566444446594,1.2915539469769264,2.0,1.0,131.60248670798939,0.9227883010335778,0.46434157609415794,0,LEGITIMATE,LAND_RECORD,AP-KAK-LAND-2018,Survey No. 405/1,Kakinada,Mandal 2
2.3649057973611294,0.17211314914030035,2.4616424046045036,0.0,1.0,10.0,19.0004125563195,1.0316880928873728,0,LEGITIMATE,SUPPLY_CHAIN,AP-AGRI-996-BATCH-1019,Cashew Raw Nut,Vizianagaram,Gantyada
2.2913675383548893,0.157567402636616,1.0633544825154224,0.0,3.0,100.8904435261622,47.95072743070738,3.7601943844136514,0,LEGITIMATE,LAND_RECORD,AP-VIZ-LAND-2020,Survey No. 380/1,Vizianagaram,Denkada
1.4707391419950433,0.23793532444382504,4.622333128425463,0.0,5.0,57.66033919988199,3.9868426075821475,2.1491527776958437,0,LEGITIMATE,SUPPLY_CHAIN,AP-AGRI-960-BATCH-1021,Cashew Raw Nut,Anakapalli,Mandal 2
1.3764995010338883,0.12187802118853655,2.562297390820724,1.0,3.0,119.52707409639062,11.73883134792924,1.0280116400253774,0,LEGITIMATE,SUPPLY_CHAIN,AP-AGRI-424-BATCH-1022,Cashew Raw Nut,Srikakulam,Ponduru
1.6918460245250697,0.12461706197980474,2.6487862281869377,0.0,1.0,25.90553398224501,18.130620141234264,0.1,0,LEGITIMATE,SUPPLY_CHAIN,AP-AGRI-738-BATCH-1023,Teja Red Chilli,East Godavari,Mandal 2
4.025197575557274,0.125048695019568,2.4785455011317987,1.0,1.0,74.26373117895005,32.80302771180392,0.49564513359363915,0,LEGITIMATE,LAND_RECORD,AP-ANA-LAND-2024,Survey No. 293/2,Anakapalli,Mandal 1
1.991242815996486,0.1944192059423539,5.0,1.0,3.0,125.45127190209443,7.709110171966685,2.181333581309393,0,LEGITIMATE,SUPPLY_CHAIN,AP-AGRI-143-BATCH-1025,Mesta Jute,Kakinada,Mandal 1
1.9753124101825326,0.11423419265057083,1.5613026259710105,1.0,2.0,360.2014462542825,21.41072974831726,2.271666338650824,0,LEGITIMATE,LAND_RECORD,AP-VIZ-LAND-2026,Survey No. 89/2,Vizianagaram,Denkada
2.130076965781597,0.09124897940869592,2.045370010582933,1.0,1.0,200.52944203039763,2.6523786097937645,2.2247436282232464,0,LEGITIMATE,LAND_RECORD,AP-VIS-LAND-2027,Survey No. 380/1,Visakhapatnam,Pendurthi
1.9587502322763948,0.3607792603532,2.875703950758578,1.0,1.0,10.0,20.06240463021039,1.775046056930383,0,LEGITIMATE,LAND_RECORD,AP-SRI-LAND-2028,Survey No. 225/4,Srikakulam,Ponduru
1.327420233499577,0.11630776138742757,3.875644976859871,0.0,3.0,526.6141054893417,36.97996988494156,0.9767319217491937,0,LEGITIMATE,LAND_RECORD,AP-VIZ-LAND-2029,Survey No. 393/1,Vizianagaram,Bhogapuram
2.1667656679348695,0.2218844224114093,2.702766398847167,0.0,2.0,10.0,5.148918919712419,1.6919164929983976,0,LEGITIMATE,LAND_RECORD,AP-VIZ-LAND-2030,Survey No. 46/2,Vizianagaram,Denkada
7.472947109975638,0.8572886080267702,1.9805025437780959,3.0,4.0,2.3349288116678864,232.28454696832796,75.03322549236778,1,SUSPICIOUS,SUPPLY_CHAIN,AP-AGRI-217-BATCH-1031,Mesta Jute,Kakinada,Mandal 2
1.2250293245429298,0.23192790718728198,2.0443149757816017,1.0,3.0,175.446690283308,19.71513297987783,1.3532007721632997,0,LEGITIMATE,SUPPLY_CHAIN,AP-AGRI-415-BATCH-1032,Cashew Raw Nut,Kakinada,Mandal 1
10.699411820318389,0.7509485984725057,15.0,4.0,4.0,0.1,309.0233742091824,68.29337197110982,1,SUSPICIOUS,LAND_RECORD,AP-KAK-LAND-2033,Survey No. 32/1,Kakinada,Mandal 1
9.879811566891176,0.8285706669205518,15.0,3.0,6.0,1.6942715748021793,237.62758395609418,75.64035353015916,1,SUSPICIOUS,LAND_RECORD,AP-SRI-LAND-2034,Survey No. 221/2,Srikakulam,Ranastalam
1.877277007928553,0.18078148353639942,2.2922793376975257,0.0,1.0,271.8314471099234,6.202814850764773,1.9697764582415662,0,LEGITIMATE,LAND_RECORD,AP-ANA-LAND-2035,Survey No. 377/2,Anakapalli,Mandal 1
7.403832595780037,0.7254351136945572,3.624275174340128,7.0,12.0,1.0768413445440164,256.52456403577065,80.89378923574066,1,SUSPICIOUS,CERTIFICATE,CUTM-CERT-2026-2036,Land Title Deed (Pattadar),Visakhapatnam,Pendurthi
2.2741809580846115,0.2613656736779404,1.3754262707427962,0.0,1.0,116.11911785106739,0.5,2.1489112279018214,0,LEGITIMATE,LAND_RECORD,AP-VIZ-LAND-2037,Survey No. 31/4,Vizianagaram,Vizianagaram Rural
2.001753344163227,0.10950645866461328,3.288612650468105,0.0,4.0,149.9084121859388,12.814703708119614,1.2800728582628604,0,LEGITIMATE,LAND_RECORD,AP-ANA-LAND-2038,Survey No. 154/1,Anakapalli,Mandal 2
2.0683639792277293,0.16018899805251885,1.4837245704551127,0.0,3.0,183.25482897917237,7.921335126410702,0.1,0,LEGITIMATE,LAND_RECORD,AP-SRI-LAND-2039,Survey No. 73/4,Srikakulam,Etcherla
1.7191507844907457,0.02200405327325239,3.465451152217352,1.0,1.0,153.54315169685668,11.112790750920642,1.521261270017636,0,LEGITIMATE,SUPPLY_CHAIN,AP-AGRI-561-BATCH-1040,Cashew Raw Nut,Srikakulam,Ponduru
2.6198729654271236,0.1603943883332859,3.5521547120842234,0.0,3.0,153.90022929858213,7.1404222890107425,0.32325109320261525,0,LEGITIMATE,LAND_RECORD,AP-EAS-LAND-2041,Survey No. 150/4,East Godavari,Mandal 1
0.5325669240137239,0.27607362308363115,0.5454339859241913,0.0,2.0,71.3576844671073,34.0440479115776,0.6663899858425095,0,LEGITIMATE,LAND_RECORD,AP-KAK-LAND-2042,Survey No. 372/4,Kakinada,Mandal 1
6.576776046442836,0.780902437341323,8.34361861476258,8.0,4.0,14.0,358.6142231116137,92.4283256244427,1,SUSPICIOUS,LAND_RECORD,AP-VIS-LAND-2043,Survey No. 48/4,Visakhapatnam,Pendurthi
1.693234227283349,0.03423963388679874,1.7823616824950523,2.0,1.0,129.57958571378893,36.33353370357492,1.8532401025561747,0,LEGITIMATE,SUPPLY_CHAIN,AP-AGRI-413-BATCH-1044,Teja Red Chilli,East Godavari,Mandal 2
2.0883801074887276,0.23732668955019776,1.8327783662633004,1.0,2.0,124.5854789143406,20.3076241467764,0.5872619380905874,0,LEGITIMATE,LAND_RECORD,AP-ANA-LAND-2045,Survey No. 383/4,Anakapalli,Mandal 1
1.4902250016754715,0.1687438688301518,3.47008386556464,0.0,3.0,32.95659469712687,17.119339729618194,0.5986905617391123,0,LEGITIMATE,CERTIFICATE,CUTM-CERT-2026-2046,Land Title Deed (Pattadar),Visakhapatnam,Bheemunipatnam
3.0744523103527612,0.043322054501263904,2.1161767526952975,1.0,2.0,10.0,5.033711090013283,2.118522120743372,0,LEGITIMATE,CERTIFICATE,CUTM-CERT-2026-2047,Skill Competency Credential,Srikakulam,Laveru
1.202368544188812,0.19438372173802507,3.10540344603833,0.0,1.0,150.87497377858645,14.198940747882462,2.09043090439541,0,LEGITIMATE,SUPPLY_CHAIN,AP-AGRI-691-BATCH-1048,Mesta Jute,Visakhapatnam,Bheemunipatnam
1.8101695173562982,0.09683306621931226,2.9516224481973032,0.0,3.0,111.93106340184511,9.662153150002013,1.3097991813460417,0,LEGITIMATE,CERTIFICATE,CUTM-CERT-2026-2049,Organic Farming Certification,Vizianagaram,Bhogapuram
8.862245759406848,0.8840401275223521,11.669174113910968,4.0,9.0,0.1,216.0516124483999,93.34477431566533,1,SUSPICIOUS,CERTIFICATE,CUTM-CERT-2026-2050,Skill Competency Credential,Vizianagaram,Gantyada
2.8930067412625013,0.19337562285794047,3.165540819728446,0.0,2.0,269.35633567767394,32.1016186023804,1.7060900452014627,0,LEGITIMATE,LAND_RECORD,AP-EAS-LAND-2051,Survey No. 378/3,East Godavari,Mandal 1
2.513330585269234,0.21289594149223315,2.382923876305463,0.0,5.0,130.10881082102225,6.617736528974407,2.1489080919727277,0,LEGITIMATE,SUPPLY_CHAIN,AP-AGRI-384-BATCH-1052,Cashew Raw Nut,East Godavari,Mandal 2
2.363199211109386,0.12174050465379133,1.6812716718053649,1.0,1.0,190.7130421889585,1.9522938118295807,0.9064415217625263,0,LEGITIMATE,SUPPLY_CHAIN,AP-AGRI-310-BATCH-1053,Cashew Raw Nut,Vizianagaram,Denkada
2.809613353830371,0.20652260103182618,2.080115032943567,0.0,1.0,38.42230735615248,16.36462211641959,0.9827261681617723,0,LEGITIMATE,SUPPLY_CHAIN,AP-AGRI-532-BATCH-1054,Cashew Raw Nut,Anakapalli,Mandal 1
1.5947658893458667,0.37501193985909786,2.7419940234769347,0.0,3.0,124.66204471322584,6.561886897886193,2.543209958317619,0,LEGITIMATE,SUPPLY_CHAIN,AP-AGRI-152-BATCH-1055,Banganapalle Mango,Kakinada,Mandal 1
1.9597598310972337,0.05460837356460531,5.0,0.0,1.0,273.6498910590964,19.234792004805634,1.6105382318279235,0,LEGITIMATE,CERTIFICATE,CUTM-CERT-2026-2056,Skill Competency Credential,Anakapalli,Mandal 2
1.6967902570572828,0.14297314571170402,1.5508758262837912,1.0,1.0,452.68599099274417,5.332691106510768,1.9904601716155153,0,LEGITIMATE,CERTIFICATE,CUTM-CERT-2026-2057,Organic Farming Certification,Vizianagaram,Vizianagaram Rural
2.106258574033909,0.20998124429264986,2.233047550438773,1.0,3.0,242.4896875466566,26.207155690362775,0.1,0,LEGITIMATE,LAND_RECORD,AP-KAK-LAND-2058,Survey No. 124/3,Kakinada,Mandal 1
0.9862998539020488,0.0838552715685541,1.0700804321081454,1.0,5.0,12.054569374607746,34.13874557808954,0.3658771341626289,0,LEGITIMATE,SUPPLY_CHAIN,AP-AGRI-725-BATCH-1059,Teja Red Chilli,Anakapalli,Mandal 1
7.946246284027888,0.7265432433332387,10.999165142837324,6.0,5.0,3.976935485051768,264.5111516292352,38.35416126645516,1,SUSPICIOUS,SUPPLY_CHAIN,AP-AGRI-418-BATCH-1060,Banganapalle Mango,East Godavari,Mandal 2
2.189573409925884,0.14323840947908212,5.0,1.0,1.0,191.6800289191292,3.9708074116082672,2.860826747170874,0,LEGITIMATE,CERTIFICATE,CUTM-CERT-2026-2061,Land Title Deed (Pattadar),Srikakulam,Etcherla
2.42662948738018,0.1358512645141763,3.099568985504817,1.0,1.0,259.5180160551757,1.6249494876197315,1.5346778583623266,0,LEGITIMATE,LAND_RECORD,AP-ANA-LAND-2062,Survey No. 75/3,Anakapalli,Mandal 1
2.0558321308499843,0.11103091513478575,2.1957465042969964,0.0,2.0,10.0,10.157171489164144,1.7183641194645087,0,LEGITIMATE,LAND_RECORD,AP-VIZ-LAND-2063,Survey No. 435/4,Vizianagaram,Gantyada
2.6910179381282644,0.18362582638209032,2.3967449551264286,2.0,3.0,117.71479353187189,21.008261909814077,1.195804061991881,0,LEGITIMATE,LAND_RECORD,AP-ANA-LAND-2064,Survey No. 14/3,Anakapalli,Mandal 1
1.6991806379617265,0.11817776688478335,2.1779739992809835,0.0,2.0,226.30318026683784,7.281073967554905,1.0503294561997571,0,LEGITIMATE,LAND_RECORD,AP-SRI-LAND-2065,Survey No. 79/4,Srikakulam,Laveru
1.3107486999948776,0.20275873714015166,5.0,1.0,3.0,66.55179452827463,6.358684906834694,1.4394461729626538,0,LEGITIMATE,LAND_RECORD,AP-KAK-LAND-2066,Survey No. 22/2,Kakinada,Mandal 1
0.8213232381408047,0.15086416678848122,5.0,1.0,3.0,259.4778838259745,4.278195870608656,0.594567357624099,0,LEGITIMATE,LAND_RECORD,AP-SRI-LAND-2067,Survey No. 114/1,Srikakulam,Ponduru
2.4772263910475076,0.1510589338241336,3.9147096235962957,0.0,3.0,65.5833712918098,4.020481218711658,1.039318571086935,0,LEGITIMATE,LAND_RECORD,AP-EAS-LAND-2068,Survey No. 44/4,East Godavari,Mandal 1
1.8834581027891746,0.2729886041518242,1.0535546994562648,0.0,2.0,153.77212855947857,24.354934068533204,2.244763235523433,0,LEGITIMATE,CERTIFICATE,CUTM-CERT-2026-2069,Skill Competency Credential,Kakinada,Mandal 1
1.19637742836712,0.17295128946340838,1.6003960852862287,0.0,4.0,245.16402038106955,9.60619561045171,2.3460295570965797,0,LEGITIMATE,LAND_RECORD,AP-KAK-LAND-2070,Survey No. 174/1,Kakinada,Mandal 2
1.8367267588493705,0.08862263451754876,2.7558902249435233,0.0,1.0,323.82988176165566,23.10751335071544,1.2531526437711984,0,LEGITIMATE,LAND_RECORD,AP-VIZ-LAND-2071,Survey No. 368/4,Vizianagaram,Cheepurupalli
4.7464394189664185,0.6780283671962256,13.696317210311978,4.0,4.0,2.2088509115485673,347.6033076557078,124.99087071373637,1,SUSPICIOUS,SUPPLY_CHAIN,AP-AGRI-316-BATCH-1072,Banganapalle Mango,Kakinada,Mandal 1
2.473860300740789,0.26447352150594816,1.5860235845249109,0.0,2.0,87.43075351118706,3.6116794067472124,2.1928495400070425,0,LEGITIMATE,LAND_RECORD,AP-SRI-LAND-2073,Survey No. 314/2,Srikakulam,Ponduru
1.6226357017363897,0.18938375295504292,4.131023804983382,0.0,4.0,52.41850263507018,8.903217985129377,1.2541070286142455,0,LEGITIMATE,SUPPLY_CHAIN,AP-AGRI-462-BATCH-1074,Teja Red Chilli,Kakinada,Mandal 2
0.3489115948060959,0.20067372328218794,5.0,0.0,3.0,288.75392850031045,43.17132645483874,0.5044051530321508,0,LEGITIMATE,CERTIFICATE,CUTM-CERT-2026-2075,B.Tech Degree Certificate,Vizianagaram,Gantyada
1.5127620186584236,0.09625218081910353,1.3586752200567604,0.0,1.0,146.88384467056426,52.12475318831171,1.5511849563736204,0,LEGITIMATE,LAND_RECORD,AP-VIS-LAND-2076,Survey No. 171/3,Visakhapatnam,Bheemunipatnam
2.9053638794873047,0.20838630312124237,2.637472001911075,0.0,2.0,213.86985867771267,31.61991478812645,1.515948970263559,0,LEGITIMATE,LAND_RECORD,AP-ANA-LAND-2077,Survey No. 228/1,Anakapalli,Mandal 1
1.906793758471728,0.19362586095736484,2.132289640841325,0.0,4.0,197.9732856296848,29.24265222466149,3.3970965056197366,0,LEGITIMATE,LAND_RECORD,AP-KAK-LAND-2078,Survey No. 251/4,Kakinada,Mandal 2
2.1374467848678678,0.11897696355605675,2.1438831017687523,0.0,2.0,210.37119467591364,13.712785737384552,1.919913060971266,0,LEGITIMATE,LAND_RECORD,AP-KAK-LAND-2079,Survey No. 55/1,Kakinada,Mandal 2
2.7244631588697166,0.18153901195536246,5.0,2.0,2.0,141.37296208295388,6.134775038636646,0.8254151106151072,0,LEGITIMATE,SUPPLY_CHAIN,AP-AGRI-114-BATCH-1080,Banganapalle Mango,Srikakulam,Etcherla
1.5163115141854677,0.17086035073129338,2.985086817085636,0.0,1.0,46.50415821377372,5.624709267437989,0.9983890053621187,0,LEGITIMATE,LAND_RECORD,AP-VIZ-LAND-2081,Survey No. 155/4,Vizianagaram,Gantyada
2.1408807365499074,0.24703069533785246,3.821669606778443,1.0,1.0,146.99069689660556,2.7719285302451,0.604747959052288,0,LEGITIMATE,LAND_RECORD,AP-EAS-LAND-2082,Survey No. 177/3,East Godavari,Mandal 1
9.11157196219963,0.5760146343333701,15.0,7.0,6.0,1.5175005853082468,222.24574677762786,74.67593909139221,1,SUSPICIOUS,LAND_RECORD,AP-VIS-LAND-2083,Survey No. 305/2,Visakhapatnam,Anandapuram
2.082767814514928,0.15949313357791967,1.4312772718781066,0.0,2.0,63.956124963156654,17.325418295682336,0.33603785095905936,0,LEGITIMATE,LAND_RECORD,AP-KAK-LAND-2084,Survey No. 221/2,Kakinada,Mandal 1
2.64876318578212,0.2467411654740302,2.987293553504954,0.0,2.0,76.57812996875391,34.96281927371713,2.6016992885315284,0,LEGITIMATE,LAND_RECORD,AP-VIS-LAND-2085,Survey No. 142/4,Visakhapatnam,Anandapuram
2.1935910103401453,0.0752608748681632,2.522275944725565,1.0,5.0,151.71750488165458,6.6818017667363145,0.1,0,LEGITIMATE,SUPPLY_CHAIN,AP-AGRI-425-BATCH-1086,Cashew Raw Nut,Visakhapatnam,Pendurthi
4.0,0.8941963153975518,4.051495452212748,3.0,11.0,4.831289698979403,286.11558658084203,99.35331553588473,1,SUSPICIOUS,LAND_RECORD,AP-VIS-LAND-2087,Survey No. 292/4,Visakhapatnam,Pendurthi
2.0713921988834105,0.15341048195501975,1.8260921071584293,1.0,1.0,78.54618436426564,0.5,0.8391320769365915,0,LEGITIMATE,SUPPLY_CHAIN,AP-AGRI-328-BATCH-1088,Mesta Jute,East Godavari,Mandal 2
1.4699326347850357,0.1268099507620104,2.544380237527921,0.0,1.0,85.20458788324208,35.92032566046866,0.7687298446625466,0,LEGITIMATE,CERTIFICATE,CUTM-CERT-2026-2089,Organic Farming Certification,Visakhapatnam,Padmanabham
1.9565168841422775,0.17510552160856974,3.6302315416914714,0.0,1.0,314.4424083677043,60.0,0.3449831215315835,0,LEGITIMATE,SUPPLY_CHAIN,AP-AGRI-525-BATCH-1090,Cashew Raw Nut,Kakinada,Mandal 2
1.352347626378767,0.14412170707276797,3.174459679684685,0.0,1.0,139.89238556705016,3.02260904642303,2.0885406654578453,0,LEGITIMATE,LAND_RECORD,AP-SRI-LAND-2091,Survey No. 256/3,Srikakulam,Ponduru
2.6402143807815253,0.07345306296962827,1.7464755753405765,2.0,1.0,124.14607804145332,25.5576404615493,0.8222668347623663,0,LEGITIMATE,LAND_RECORD,AP-KAK-LAND-2092,Survey No. 220/2,Kakinada,Mandal 2
0.9934258111062628,0.11635933252504872,4.20434885344449,1.0,1.0,199.39745941274018,16.597715696034616,0.5724515922601903,0,LEGITIMATE,SUPPLY_CHAIN,AP-AGRI-198-BATCH-1093,Cashew Raw Nut,Srikakulam,Ponduru
1.0206283706547064,0.21676204378952463,2.2060443731234307,0.0,1.0,199.19681837830265,31.059378613773056,1.535408189225736,0,LEGITIMATE,SUPPLY_CHAIN,AP-AGRI-655-BATCH-1094,Cashew Raw Nut,East Godavari,Mandal 1
1.4811305084975988,0.06771966072469841,3.3656675559303637,0.0,5.0,60.95098987372821,9.58787820680851,1.165902714714195,0,LEGITIMATE,CERTIFICATE,CUTM-CERT-2026-2095,Land Title Deed (Pattadar),Srikakulam,Etcherla
1.2543623222922062,0.1402555820757333,1.3626841861874959,0.0,1.0,37.14128347406795,12.6131163829381,0.5380321155492631,0,LEGITIMATE,LAND_RECORD,AP-ANA-LAND-2096,Survey No. 48/4,Anakapalli,Mandal 2
2.3639750474697507,0.3466594884589248,1.1064625777167405,0.0,3.0,158.33362816243704,13.191526233259628,1.1757995292177001,0,LEGITIMATE,LAND_RECORD,AP-ANA-LAND-2097,Survey No. 210/4,Anakapalli,Mandal 1
1.6861338556185648,0.057045247489592985,4.341368968647152,0.0,1.0,16.472401503692325,2.175407028630224,1.609066379231098,0,LEGITIMATE,LAND_RECORD,AP-ANA-LAND-2098,Survey No. 295/2,Anakapalli,Mandal 2
1.082212910555467,0.17599077750596676,1.617225302952826,1.0,3.0,164.41753637275409,16.57907505995913,1.0547038171194854,0,LEGITIMATE,CERTIFICATE,CUTM-CERT-2026-2099,Skill Competency Credential,Visakhapatnam,Pendurthi
3.012618123786961,0.2000540457276923,1.936482369794522,0.0,1.0,267.2590622494512,3.55384199374312,0.25427935363648146,0,LEGITIMATE,SUPPLY_CHAIN,AP-AGRI-109-BATCH-1100,Cashew Raw Nut,Vizianagaram,Bhogapuram
2.6747656869306438,0.049246954663509326,1.1435959270818439,0.0,2.0,696.1465110649226,0.5,1.1670220382429422,0,LEGITIMATE,CERTIFICATE,CUTM-CERT-2026-2101,Land Title Deed (Pattadar),Anakapalli,Mandal 2
2.8300443810952096,0.1685328355389214,0.8441911630720662,1.0,2.0,669.1208119419324,9.108849463907676,0.8534517171812561,0,LEGITIMATE,SUPPLY_CHAIN,AP-AGRI-631-BATCH-1102,Cashew Raw Nut,Srikakulam,Laveru
2.4782985091931007,0.18998304834366392,4.631265163248678,1.0,2.0,40.87654878538717,17.21097053802469,1.4963243387755383,0,LEGITIMATE,CERTIFICATE,CUTM-CERT-2026-2103,Land Title Deed (Pattadar),East Godavari,Mandal 1
2.452101109011971,0.1332774195178064,3.1857069566479743,0.0,2.0,71.66190858079676,5.218539916409618,2.48097352296097,0,LEGITIMATE,SUPPLY_CHAIN,AP-AGRI-462-BATCH-1104,Mesta Jute,Kakinada,Mandal 1
2.2306797368779927,0.13589072396085355,2.049028984809912,0.0,1.0,61.691399000962335,14.569805859521836,0.4294496899679998,0,LEGITIMATE,CERTIFICATE,CUTM-CERT-2026-2105,Skill Competency Credential,Srikakulam,Ponduru
1.2414820654670535,0.2507764682304325,1.9438355762214612,1.0,3.0,48.96486860267149,18.984058701134682,0.426786486917597,0,LEGITIMATE,CERTIFICATE,CUTM-CERT-2026-2106,Skill Competency Credential,Srikakulam,Laveru
2.211081416761955,0.05518523355741459,2.9625425279940507,0.0,1.0,84.84159862777089,9.03190620452157,1.7148458920007834,0,LEGITIMATE,CERTIFICATE,CUTM-CERT-2026-2107,B.Tech Degree Certificate,Kakinada,Mandal 2
7.053907905065249,0.8095280533944824,15.0,5.0,9.0,0.20129277379487792,205.8224286362875,58.91848754634131,1,SUSPICIOUS,CERTIFICATE,CUTM-CERT-2026-2108,Land Title Deed (Pattadar),Visakhapatnam,Bheemunipatnam
0.32496535686921857,0.18837524244780243,3.2954095648589923,0.0,1.0,773.7824821089606,16.933718873595026,0.8605041085218749,0,LEGITIMATE,SUPPLY_CHAIN,AP-AGRI-693-BATCH-1109,Teja Red Chilli,Kakinada,Mandal 2
1.4915433049011804,0.18355719142825985,2.4539291090883526,0.0,1.0,138.73539186777825,3.9102557153940087,1.2872031916636753,0,LEGITIMATE,SUPPLY_CHAIN,AP-AGRI-437-BATCH-1110,Teja Red Chilli,East Godavari,Mandal 2
2.1705893849880056,0.22443022860983136,1.6971656609960506,0.0,2.0,14.408334745765838,2.3575006752599625,1.0380716891303359,0,LEGITIMATE,SUPPLY_CHAIN,AP-AGRI-303-BATCH-1111,Teja Red Chilli,Anakapalli,Mandal 2
1.3015285706847428,0.14834349087150128,1.3316046272347315,0.0,4.0,340.75771018306654,15.033188443675375,2.516948807290057,0,LEGITIMATE,SUPPLY_CHAIN,AP-AGRI-437-BATCH-1112,Teja Red Chilli,Srikakulam,Ponduru
1.492008606829204,0.25126199401332444,0.8127292583412791,1.0,3.0,236.742929901025,6.5723972428321105,0.1,0,LEGITIMATE,SUPPLY_CHAIN,AP-AGRI-233-BATCH-1113,Banganapalle Mango,Kakinada,Mandal 1
1.651786338218924,0.1843172312901759,5.0,0.0,3.0,152.84039124273164,27.11639626642257,1.1189549061258448,0,LEGITIMATE,SUPPLY_CHAIN,AP-AGRI-593-BATCH-1114,Cashew Raw Nut,Srikakulam,Etcherla
2.872245223420737,0.08459532813360275,3.401641307678241,1.0,4.0,54.697785500394666,21.420863141828697,1.1497147005085808,0,LEGITIMATE,LAND_RECORD,AP-KAK-LAND-2115,Survey No. 362/4,Kakinada,Mandal 2
1.9933919255299877,0.09965244125323963,5.0,0.0,4.0,52.05515902357376,19.589891059934235,2.0257762084438924,0,LEGITIMATE,SUPPLY_CHAIN,AP-AGRI-796-BATCH-1116,Teja Red Chilli,Anakapalli,Mandal 2
1.386227602366226,0.20283540532387495,0.9671719643602543,2.0,1.0,23.533095442667122,25.250819223708657,0.6474480477803003,0,LEGITIMATE,CERTIFICATE,CUTM-CERT-2026-2117,Organic Farming Certification,Srikakulam,Laveru
2.19937592529694,0.26373015824657664,1.3205444487123286,0.0,1.0,91.07536531829143,23.402612658536498,1.2931830777809674,0,LEGITIMATE,SUPPLY_CHAIN,AP-AGRI-675-BATCH-1118,Banganapalle Mango,Srikakulam,Laveru
5.747484153726621,0.5026640663527169,4.71756617022167,8.0,5.0,2.8702310666471194,242.8316879639843,70.81995099149435,1,SUSPICIOUS,LAND_RECORD,AP-VIZ-LAND-2119,Survey No. 359/3,Vizianagaram,Denkada
1.0197681258524514,0.19613666892347212,1.5294228849672133,1.0,1.0,10.0,0.9575853202256515,0.9568782920629192,0,LEGITIMATE,CERTIFICATE,CUTM-CERT-2026-2120,B.Tech Degree Certificate,Anakapalli,Mandal 1
1.2922259345944171,0.01,2.3934755712671754,0.0,3.0,183.07095507465473,1.464742544734772,2.082461333431267,0,LEGITIMATE,SUPPLY_CHAIN,AP-AGRI-277-BATCH-1121,Cashew Raw Nut,Kakinada,Mandal 2
2.079841958706406,0.10492228596599443,1.9823372962183894,2.0,1.0,316.0465390014063,1.4008433782046794,1.9107748447264612,0,LEGITIMATE,LAND_RECORD,AP-VIZ-LAND-2122,Survey No. 21/4,Vizianagaram,Denkada
7.498121043769849,0.5083572249874183,8.699081566641018,4.0,4.0,7.989445683851545,280.20165708093515,120.25975378979898,1,SUSPICIOUS,SUPPLY_CHAIN,AP-AGRI-932-BATCH-1123,Teja Red Chilli,Visakhapatnam,Anandapuram
1.9646932781117845,0.17233932431468496,2.5300256864356823,0.0,5.0,120.2594627686286,40.36177735495583,1.2134907994309687,0,LEGITIMATE,SUPPLY_CHAIN,AP-AGRI-198-BATCH-1124,Mesta Jute,Srikakulam,Etcherla
0.17627249127414735,0.2376851386445744,2.5501870274126066,2.0,1.0,45.100166416825815,6.908709663095846,0.1,0,LEGITIMATE,SUPPLY_CHAIN,AP-AGRI-906-BATCH-1125,Teja Red Chilli,Anakapalli,Mandal 1
1.500923147564426,0.042255796097634746,0.7643340875411878,0.0,2.0,910.6154347768288,20.32609268181338,1.9185054824082741,0,LEGITIMATE,LAND_RECORD,AP-VIS-LAND-2126,Survey No. 213/1,Visakhapatnam,Pendurthi
1.7990251439896559,0.11777736471150083,3.400548168815106,1.0,2.0,28.45879447458946,4.763313270772698,0.9561916391032063,0,LEGITIMATE,LAND_RECORD,AP-EAS-LAND-2127,Survey No. 166/4,East Godavari,Mandal 2
1.0750423730219318,0.16850256181946915,1.2307917705332734,1.0,3.0,78.41715651323818,5.292619489906966,2.011442949744739,0,LEGITIMATE,CERTIFICATE,CUTM-CERT-2026-2128,Organic Farming Certification,East Godavari,Mandal 2
1.9481268129565352,0.19709121213899222,0.8030765389820588,0.0,2.0,10.0,36.998589278925124,1.648120791042748,0,LEGITIMATE,CERTIFICATE,CUTM-CERT-2026-2129,B.Tech Degree Certificate,Visakhapatnam,Padmanabham
1.83743713877533,0.2499218157498796,3.3082639297064755,0.0,1.0,162.18022327520436,25.106338055631632,2.059968947113572,0,LEGITIMATE,LAND_RECORD,AP-KAK-LAND-2130,Survey No. 396/4,Kakinada,Mandal 1
2.2554149514772908,0.15890803435184891,5.0,0.0,1.0,192.3727926075165,14.807680754687416,0.955616205409916,0,LEGITIMATE,CERTIFICATE,CUTM-CERT-2026-2131,B.Tech Degree Certificate,Visakhapatnam,Anandapuram
6.482044087583654,0.6473162853134868,15.0,6.0,4.0,2.8158469576853986,345.1801853323532,65.41019808096137,1,SUSPICIOUS,LAND_RECORD,AP-ANA-LAND-2132,Survey No. 448/4,Anakapalli,Mandal 1
2.2103556319514945,0.06542761006893805,1.1156286238557058,0.0,1.0,105.47482470259898,9.390148400202026,0.9214070389970195,0,LEGITIMATE,LAND_RECORD,AP-SRI-LAND-2133,Survey No. 286/4,Srikakulam,Laveru
1.824228311929679,0.09754052300541488,3.2157870429323117,1.0,2.0,153.30478001003897,1.048098022570395,1.0143855831097734,0,LEGITIMATE,SUPPLY_CHAIN,AP-AGRI-430-BATCH-1134,Cashew Raw Nut,East Godavari,Mandal 1
1.27377090653055,0.01655723200887227,2.6199349041387614,2.0,3.0,110.80037078618054,28.559447440041875,2.3962357353512176,0,LEGITIMATE,LAND_RECORD,AP-VIS-LAND-2135,Survey No. 134/2,Visakhapatnam,Bheemunipatnam
1.4504930810225936,0.18147014962032776,2.97605740469585,0.0,1.0,107.69278085618802,5.749860349814349,2.2843835196908406,0,LEGITIMATE,LAND_RECORD,AP-ANA-LAND-2136,Survey No. 81/1,Anakapalli,Mandal 2
2.4740724012746136,0.14587457284190292,1.0020234646440278,0.0,1.0,98.12071412178611,42.05459664602103,0.4085831471188699,0,LEGITIMATE,CERTIFICATE,CUTM-CERT-2026-2137,Skill Competency Credential,Vizianagaram,Cheepurupalli
7.7747768834962425,0.7065884344502747,4.863993632432763,8.0,8.0,1.6400750662163834,162.60588401930883,73.04019613680471,1,SUSPICIOUS,SUPPLY_CHAIN,AP-AGRI-349-BATCH-1138,Teja Red Chilli,Anakapalli,Mandal 2
1.2899726603183308,0.09820324572163847,2.316462673231991,0.0,1.0,306.7393850892984,3.41561231648832,1.0545454336346645,0,LEGITIMATE,LAND_RECORD,AP-VIZ-LAND-2139,Survey No. 192/4,Vizianagaram,Bhogapuram
4.0,0.9770756986994601,3.179890398662875,3.0,10.0,1.42232614807773,185.96029033826323,107.12384594047919,1,SUSPICIOUS,LAND_RECORD,AP-VIS-LAND-2140,Survey No. 358/3,Visakhapatnam,Pendurthi
1.6005811535321977,0.18915071511507273,3.9525904532460547,1.0,1.0,125.30645014180277,4.23468402682692,0.5313456369365952,0,LEGITIMATE,SUPPLY_CHAIN,AP-AGRI-286-BATCH-1141,Banganapalle Mango,Srikakulam,Laveru
8.38914595366677,0.8007115784206044,4.199363799912471,6.0,8.0,1.8257575456441275,120.0,56.72414326158177,1,SUSPICIOUS,SUPPLY_CHAIN,AP-AGRI-416-BATCH-1142,Mesta Jute,Kakinada,Mandal 1
2.291164553662697,0.2760542073736528,2.9424942051977054,0.0,1.0,31.463927149442586,8.622910994590438,1.422164045193937,0,LEGITIMATE,LAND_RECORD,AP-ANA-LAND-2143,Survey No. 307/4,Anakapalli,Mandal 2
1.6885705900339576,0.10035851034810707,2.1699547163285873,0.0,1.0,78.86750098322105,33.66354427024912,0.1,0,LEGITIMATE,LAND_RECORD,AP-EAS-LAND-2144,Survey No. 116/1,East Godavari,Mandal 1
0.22515135543387488,0.29647634310052523,1.3480121070295463,1.0,3.0,17.66629571633963,9.313058817014602,0.1,0,LEGITIMATE,SUPPLY_CHAIN,AP-AGRI-327-BATCH-1145,Teja Red Chilli,Anakapalli,Mandal 2
8.311485429990206,0.7960991004901574,9.312910461714203,3.0,4.0,1.2067679422613489,340.0436415707553,85.80483562568735,1,SUSPICIOUS,SUPPLY_CHAIN,AP-AGRI-368-BATCH-1146,Banganapalle Mango,Srikakulam,Ponduru
1.1539794906733127,0.15807494333881236,3.2330417272225382,0.0,3.0,109.19296344549288,15.188393647924677,2.516624050203151,0,LEGITIMATE,CERTIFICATE,CUTM-CERT-2026-2147,Skill Competency Credential,Anakapalli,Mandal 2
12.321323961234828,0.6361797720716474,7.564230212663092,5.0,10.0,4.25910301286813,326.39076578395554,105.03342437992711,1,SUSPICIOUS,LAND_RECORD,AP-SRI-LAND-2148,Survey No. 288/1,Srikakulam,Laveru
2.1149848389425836,0.07103558763704906,1.697816174950493,2.0,4.0,535.2122381102396,6.571151678694745,1.2781971463435355,0,LEGITIMATE,CERTIFICATE,CUTM-CERT-2026-2149,Organic Farming Certification,Kakinada,Mandal 1
12.922872930048005,0.7197954546668052,6.77255341983583,5.0,7.0,1.2543588130610415,467.6008922234802,89.55316930744085,1,SUSPICIOUS,CERTIFICATE,CUTM-CERT-2026-2150,B.Tech Degree Certificate,Srikakulam,Etcherla
2.0312029619316143,0.2383596020164454,2.4386982108020163,0.0,3.0,476.05959690995616,25.40880800017361,1.2328324925511382,0,LEGITIMATE,LAND_RECORD,AP-EAS-LAND-2151,Survey No. 104/3,East Godavari,Mandal 2
2.3244560490405983,0.23778620057622937,2.530436685366521,0.0,4.0,155.28224316003798,5.592982130050049,0.1,0,LEGITIMATE,LAND_RECORD,AP-VIZ-LAND-2152,Survey No. 374/4,Vizianagaram,Cheepurupalli
2.8304101965430934,0.05419293687726742,5.0,0.0,2.0,861.9771892569145,16.863458351188047,2.015140968933836,0,LEGITIMATE,SUPPLY_CHAIN,AP-AGRI-540-BATCH-1153,Cashew Raw Nut,Srikakulam,Etcherla
1.4231786579968944,0.14812616326393477,1.3662651256651717,0.0,2.0,125.67953981705868,10.120977536862382,0.1,0,LEGITIMATE,CERTIFICATE,CUTM-CERT-2026-2154,B.Tech Degree Certificate,Visakhapatnam,Anandapuram
2.4582026254185125,0.20314338416445085,2.2580910444522915,1.0,1.0,377.47120136226573,7.2472615893613535,1.1363438965057697,0,LEGITIMATE,LAND_RECORD,AP-ANA-LAND-2155,Survey No. 379/4,Anakapalli,Mandal 1
3.1536554396317307,0.09702041445403259,3.249688625902549,0.0,5.0,152.6154063319324,60.0,0.7307865685214903,0,LEGITIMATE,LAND_RECORD,AP-ANA-LAND-2156,Survey No. 303/4,Anakapalli,Mandal 1
1.1310623828190214,0.1366579412798411,4.482509108196057,0.0,2.0,10.0,15.763971455135923,2.6772554050411284,0,LEGITIMATE,SUPPLY_CHAIN,AP-AGRI-909-BATCH-1157,Teja Red Chilli,Anakapalli,Mandal 2
1.4595844636486683,0.20376914520771494,0.9492815792691831,1.0,5.0,21.151519396540316,45.41302365701918,2.2369725452310893,0,LEGITIMATE,CERTIFICATE,CUTM-CERT-2026-2158,Organic Farming Certification,Vizianagaram,Cheepurupalli
0.9256580205253632,0.19670292362343583,2.8708954718580153,0.0,1.0,34.54801731467586,5.8224942081165025,1.3859191699313687,0,LEGITIMATE,LAND_RECORD,AP-KAK-LAND-2159,Survey No. 215/4,Kakinada,Mandal 1
1.7964146932959502,0.11400236945082806,0.9162449638383054,0.0,1.0,220.34387326578374,6.3974821791043315,2.035370778571536,0,LEGITIMATE,LAND_RECORD,AP-EAS-LAND-2160,Survey No. 197/3,East Godavari,Mandal 1
1.3049148290339756,0.011201913436365368,1.6263521092583355,0.0,2.0,50.67263154289792,10.991154343780357,1.3659669922960875,0,LEGITIMATE,LAND_RECORD,AP-VIZ-LAND-2161,Survey No. 272/3,Vizianagaram,Gantyada
1.6799048428485563,0.2080823226431313,2.4230138481942616,0.0,3.0,516.8118269710993,39.9866146248945,1.5010055202258707,0,LEGITIMATE,CERTIFICATE,CUTM-CERT-2026-2162,Land Title Deed (Pattadar),Vizianagaram,Bhogapuram
3.0091451499149295,0.11384392161171931,2.170077678833808,0.0,1.0,132.24829032338556,32.128840234994925,2.0352229396859465,0,LEGITIMATE,SUPPLY_CHAIN,AP-AGRI-379-BATCH-1163,Cashew Raw Nut,East Godavari,Mandal 2
1.4372041103436077,0.11175335537969402,2.5180967386842354,0.0,1.0,260.3776533158898,16.996698867929357,0.1,0,LEGITIMATE,LAND_RECORD,AP-ANA-LAND-2164,Survey No. 233/1,Anakapalli,Mandal 1
1.8802091059167148,0.09303566670536292,1.6255399008969367,1.0,1.0,10.0,7.018745312022887,1.309349035124525,0,LEGITIMATE,CERTIFICATE,CUTM-CERT-2026-2165,Skill Competency Credential,Vizianagaram,Gantyada
2.5741953589351088,0.09092987352983134,2.6052314459124326,1.0,3.0,87.21689768224367,0.5,0.5074002225687484,0,LEGITIMATE,SUPPLY_CHAIN,AP-AGRI-612-BATCH-1166,Banganapalle Mango,Vizianagaram,Vizianagaram Rural
1.4350739569539006,0.10863886200365117,1.8490897171821332,0.0,5.0,41.74070021121639,8.732528716442719,2.452090678051273,0,LEGITIMATE,CERTIFICATE,CUTM-CERT-2026-2167,Land Title Deed (Pattadar),Kakinada,Mandal 1
1.904889689791096,0.20110075053407817,1.6308184489123247,2.0,2.0,755.3159834920818,9.321040204546904,1.1076690202310806,0,LEGITIMATE,LAND_RECORD,AP-VIZ-LAND-2168,Survey No. 72/2,Vizianagaram,Denkada
1.1563833997988722,0.04637270524271718,3.848799208474339,0.0,2.0,783.3342827498284,51.26501332223863,0.8581019745503862,0,LEGITIMATE,LAND_RECORD,AP-ANA-LAND-2169,Survey No. 68/3,Anakapalli,Mandal 1
2.3477911780006115,0.0984435388093827,3.397577314082679,0.0,3.0,195.65152383701565,0.5,1.841514016087579,0,LEGITIMATE,LAND_RECORD,AP-ANA-LAND-2170,Survey No. 63/2,Anakapalli,Mandal 1
1.3067287159910823,0.27347942848116424,2.170694808293232,1.0,5.0,730.5887338236101,5.67425261801988,0.16466611977596268,0,LEGITIMATE,LAND_RECORD,AP-VIS-LAND-2171,Survey No. 142/2,Visakhapatnam,Padmanabham
1.8774291858050745,0.2760301319548432,5.0,0.0,1.0,209.79735746952343,1.6842185972475399,0.8907506345066802,0,LEGITIMATE,CERTIFICATE,CUTM-CERT-2026-2172,Organic Farming Certification,Visakhapatnam,Bheemunipatnam
2.0209235025132384,0.08094514701245782,1.6057675283363573,1.0,1.0,503.38097302778664,10.808929249477606,1.913103017779847,0,LEGITIMATE,SUPPLY_CHAIN,AP-AGRI-359-BATCH-1173,Banganapalle Mango,Srikakulam,Laveru
1.9561854128843164,0.11284956862436411,1.2609287701028222,0.0,4.0,167.17241337619336,0.7641637029735077,1.8746968277073477,0,LEGITIMATE,LAND_RECORD,AP-KAK-LAND-2174,Survey No. 30/4,Kakinada,Mandal 2
1.5603613429352823,0.18842674367051035,1.6254685467000927,0.0,1.0,57.11756506984701,3.4035439623673156,1.0315448293816458,0,LEGITIMATE,SUPPLY_CHAIN,AP-AGRI-514-BATCH-1175,Cashew Raw Nut,East Godavari,Mandal 2
1.8894882822170997,0.11372493613051257,3.173486839695903,0.0,2.0,599.1951434708745,7.0510506535898125,1.1956085917800645,0,LEGITIMATE,SUPPLY_CHAIN,AP-AGRI-219-BATCH-1176,Teja Red Chilli,Vizianagaram,Bhogapuram
6.557175462013424,0.5812220186677287,5.912572601562648,8.0,5.0,4.613645446134116,283.4709601005541,73.36565356650108,1,SUSPICIOUS,SUPPLY_CHAIN,AP-AGRI-582-BATCH-1177,Cashew Raw Nut,East Godavari,Mandal 1
0.9943948435701032,0.12366324813127935,2.40078297182398,0.0,3.0,91.28189638054378,22.345090009628297,0.7682433865073917,0,LEGITIMATE,LAND_RECORD,AP-KAK-LAND-2178,Survey No. 398/2,Kakinada,Mandal 1
1.9981480116069927,0.15449645224713215,3.694881254404325,1.0,3.0,387.7863753514054,22.101618542434768,1.0083424868361215,0,LEGITIMATE,CERTIFICATE,CUTM-CERT-2026-2179,Land Title Deed (Pattadar),Visakhapatnam,Padmanabham
0.5735309990911204,0.1123342673779571,2.302475815667419,1.0,5.0,169.95854324667684,23.377432636230747,1.2464905393070975,0,LEGITIMATE,SUPPLY_CHAIN,AP-AGRI-351-BATCH-1180,Teja Red Chilli,Vizianagaram,Denkada
9.806137153023752,0.7408730925941939,15.0,4.0,4.0,3.7067796618914244,380.4735871856253,106.07236480010542,1,SUSPICIOUS,CERTIFICATE,CUTM-CERT-2026-2181,Organic Farming Certification,East Godavari,Mandal 1
1.9150734920841117,0.27016234014745044,2.0370306972450574,1.0,3.0,25.3007246670556,7.017892752094356,0.7569579226711813,0,LEGITIMATE,SUPPLY_CHAIN,AP-AGRI-645-BATCH-1182,Teja Red Chilli,East Godavari,Mandal 2
5.98859463792505,0.772016092914428,3.8205430543399443,3.0,7.0,0.1854707662836771,307.1951664419612,76.48191250762714,1,SUSPICIOUS,SUPPLY_CHAIN,AP-AGRI-174-BATCH-1183,Cashew Raw Nut,East Godavari,Mandal 1
0.9972175424827915,0.27895283819739924,1.7435889647008982,1.0,1.0,145.26361184576007,8.72800639250546,2.357490454144691,0,LEGITIMATE,LAND_RECORD,AP-SRI-LAND-2184,Survey No. 88/3,Srikakulam,Ranastalam
2.2320971063445807,0.03377939625902822,3.7746396625686542,1.0,3.0,64.50597956318767,7.6463092072152445,2.595501114740558,0,LEGITIMATE,SUPPLY_CHAIN,AP-AGRI-311-BATCH-1185,Banganapalle Mango,East Godavari,Mandal 2
2.013056710321182,0.2028029993432268,1.5237800728980493,0.0,1.0,470.24821769779214,18.171982208984836,1.0908158145916418,0,LEGITIMATE,LAND_RECORD,AP-KAK-LAND-2186,Survey No. 37/1,Kakinada,Mandal 1
13.503070133774767,0.8406461981950636,15.0,6.0,10.0,0.8598658712825407,261.8112422998013,113.26379775493601,1,SUSPICIOUS,CERTIFICATE,CUTM-CERT-2026-2187,Skill Competency Credential,Visakhapatnam,Anandapuram
1.8635197946265212,0.12892181998567717,1.6130491782546692,0.0,4.0,121.8806964359843,3.228281347805394,1.785575042468591,0,LEGITIMATE,LAND_RECORD,AP-VIS-LAND-2188,Survey No. 373/2,Visakhapatnam,Pendurthi
1.6074004241413213,0.28679551632096567,2.504682903297185,0.0,4.0,10.0,8.509089821553385,1.0119248784933739,0,LEGITIMATE,LAND_RECORD,AP-SRI-LAND-2189,Survey No. 429/4,Srikakulam,Ponduru
0.586753627753712,0.3477447260844375,2.5871641975012314,0.0,4.0,294.6162895835831,1.7633188438602985,2.105979734434906,0,LEGITIMATE,SUPPLY_CHAIN,AP-AGRI-753-BATCH-1190,Cashew Raw Nut,Anakapalli,Mandal 2
2.2884717873000033,0.0842486582765568,5.0,0.0,4.0,677.7015158051861,6.4540152626010485,1.112758593707432,0,LEGITIMATE,SUPPLY_CHAIN,AP-AGRI-358-BATCH-1191,Cashew Raw Nut,Vizianagaram,Denkada
2.376939733857104,0.2606976288954399,1.6545632303417297,0.0,5.0,242.9786288973774,0.5,2.5220310293032426,0,LEGITIMATE,SUPPLY_CHAIN,AP-AGRI-514-BATCH-1192,Cashew Raw Nut,Anakapalli,Mandal 1
2.1669314899689396,0.1125618949340566,2.273479009454382,0.0,1.0,24.111974307220176,57.15739398379826,0.5247368420986908,0,LEGITIMATE,SUPPLY_CHAIN,AP-AGRI-942-BATCH-1193,Banganapalle Mango,Vizianagaram,Cheepurupalli
1.7904472457432923,0.07791727765960384,2.942870652452486,0.0,1.0,31.851227648890614,8.016081826033776,0.436270119060849,0,LEGITIMATE,SUPPLY_CHAIN,AP-AGRI-496-BATCH-1194,Cashew Raw Nut,Vizianagaram,Vizianagaram Rural
11.310738184221332,1.0,15.0,4.0,7.0,1.420783350707356,240.15608768512462,79.85423197984709,1,SUSPICIOUS,CERTIFICATE,CUTM-CERT-2026-2195,Skill Competency Credential,Visakhapatnam,Pendurthi
1.8848245645096233,0.16165042514751077,1.7643707132070032,0.0,2.0,218.15830717049062,5.056241390945492,1.2759237969386337,0,LEGITIMATE,LAND_RECORD,AP-VIS-LAND-2196,Survey No. 393/1,Visakhapatnam,Padmanabham
0.1110537683493571,0.2299739215897591,2.455173184898157,0.0,3.0,59.065280449779216,5.086711447006886,1.3775837830568034,0,LEGITIMATE,SUPPLY_CHAIN,AP-AGRI-518-BATCH-1197,Mesta Jute,Srikakulam,Ranastalam
2.0340065899484,0.08721766022752069,4.349788401029268,0.0,1.0,10.0,25.47318587383101,1.1227131572788092,0,LEGITIMATE,CERTIFICATE,CUTM-CERT-2026-2198,Skill Competency Credential,East Godavari,Mandal 1
8.460658283697432,0.5,4.140784500196842,5.0,5.0,4.116726825102832,228.85032815870693,123.74476874054182,1,SUSPICIOUS,LAND_RECORD,AP-VIS-LAND-2199,Survey No. 353/4,Visakhapatnam,Padmanabham
1.1739577677457298,0.23365120961674124,3.0035420030010807,1.0,1.0,1000.0,22.81383181973309,0.82926284100056,0,LEGITIMATE,LAND_RECORD,AP-SRI-LAND-2200,Survey No. 434/1,Srikakulam,Ranastalam
2.101574702105518,0.15300185858716786,3.3077020574746725,0.0,4.0,163.4388887131167,6.950636783522629,0.3510984254977564,0,LEGITIMATE,LAND_RECORD,AP-VIZ-LAND-2201,Survey No. 400/3,Vizianagaram,Cheepurupalli
1.5638723865520459,0.21493885679972013,1.3753177047888916,0.0,4.0,51.45864270219968,14.482994637841042,2.006706588481415,0,LEGITIMATE,SUPPLY_CHAIN,AP-AGRI-961-BATCH-1202,Teja Red Chilli,Visakhapatnam,Pendurthi
1.828179551400324,0.17723523548012363,2.323919954461392,0.0,3.0,58.547770269849195,0.5,1.3653884732893888,0,LEGITIMATE,SUPPLY_CHAIN,AP-AGRI-434-BATCH-1203,Mesta Jute,Kakinada,Mandal 2
2.2894377121864213,0.1347942661679404,2.063525256247721,0.0,1.0,30.015773942051347,17.279401473152916,0.5892210338314563,0,LEGITIMATE,LAND_RECORD,AP-ANA-LAND-2204,Survey No. 388/1,Anakapalli,Mandal 1
2.8145413608654124,0.14573577048070765,1.7805765134463998,0.0,2.0,99.64077247510355,0.5,1.1674365192505258,0,LEGITIMATE,LAND_RECORD,AP-VIZ-LAND-2205,Survey No. 101/4,Vizianagaram,Bhogapuram
2.124358864222881,0.24862909946472073,5.0,0.0,2.0,461.023293849068,2.141321261880659,1.8254036780036005,0,LEGITIMATE,LAND_RECORD,AP-EAS-LAND-2206,Survey No. 179/4,East Godavari,Mandal 2
9.335556467849866,0.753861401382386,9.304692182463963,3.0,7.0,2.4537902499188124,412.18362234594326,87.82224152625534,1,SUSPICIOUS,LAND_RECORD,AP-VIZ-LAND-2207,Survey No. 118/1,Vizianagaram,Cheepurupalli
8.832547489209174,0.7432048810217936,8.939720953628337,3.0,7.0,0.7230370577158194,265.2130995517836,100.58240737496823,1,SUSPICIOUS,LAND_RECORD,AP-KAK-LAND-2208,Survey No. 191/1,Kakinada,Mandal 2
2.031728108497337,0.13081831896851265,3.0207374185642366,0.0,4.0,102.20815626710859,0.5,1.4177976653020286,0,LEGITIMATE,SUPPLY_CHAIN,AP-AGRI-229-BATCH-1209,Teja Red Chilli,Srikakulam,Laveru
1.869634231111017,0.25333491725269386,1.7543974073884556,0.0,1.0,305.7575059791951,1.1506515397282435,1.0652394360936708,0,LEGITIMATE,CERTIFICATE,CUTM-CERT-2026-2210,B.Tech Degree Certificate,Kakinada,Mandal 2
0.9032515552079177,0.2431955556150502,3.0070147953689634,0.0,2.0,112.53125462879206,8.068479636549116,1.674914732994562,0,LEGITIMATE,SUPPLY_CHAIN,AP-AGRI-428-BATCH-1211,Cashew Raw Nut,East Godavari,Mandal 2
1.334143204897914,0.19052665233522031,2.29788435895034,2.0,1.0,217.44602613943783,58.531333027068456,1.3816001609318678,0,LEGITIMATE,CERTIFICATE,CUTM-CERT-2026-2212,Skill Competency Credential,Anakapalli,Mandal 2
0.7084317352860738,0.2435416087256137,1.97758258811338,1.0,3.0,12.313618584962997,2.181924805416051,1.9097775965049535,0,LEGITIMATE,CERTIFICATE,CUTM-CERT-2026-2213,B.Tech Degree Certificate,East Godavari,Mandal 2
9.255293312839049,0.9921633226458715,3.2655294890487316,3.0,10.0,0.81526087701148,170.15563686739418,105.72229059613525,1,SUSPICIOUS,SUPPLY_CHAIN,AP-AGRI-827-BATCH-1214,Mesta Jute,Visakhapatnam,Bheemunipatnam
10.507957050452589,0.5588031341534063,15.0,5.0,5.0,14.0,257.7444453875912,141.50163356251562,1,SUSPICIOUS,SUPPLY_CHAIN,AP-AGRI-729-BATCH-1215,Teja Red Chilli,Srikakulam,Ranastalam
0.4441231471062095,0.2648004942391148,4.73777815991841,1.0,1.0,20.321220872949457,10.701226251022067,1.5333237854335926,0,LEGITIMATE,CERTIFICATE,CUTM-CERT-2026-2216,Skill Competency Credential,East Godavari,Mandal 2
1.7829918313604292,0.25140988486431237,1.9768171740936311,1.0,1.0,101.02119276894759,4.403659689175846,2.314288106568945,0,LEGITIMATE,SUPPLY_CHAIN,AP-AGRI-371-BATCH-1217,Teja Red Chilli,Anakapalli,Mandal 2
11.666897054742506,1.0,15.0,3.0,4.0,9.789404807632419,374.76424317229504,83.72896209566802,1,SUSPICIOUS,LAND_RECORD,AP-EAS-LAND-2218,Survey No. 444/1,East Godavari,Mandal 2
2.1461896587259974,0.12939830408721667,0.7586741478980146,0.0,4.0,161.0810968417059,17.178386295752553,2.6047632520068698,0,LEGITIMATE,LAND_RECORD,AP-VIZ-LAND-2219,Survey No. 329/2,Vizianagaram,Denkada
1.989240267497208,0.01,1.1782996300284685,0.0,3.0,17.807526764645587,8.738312351162351,0.8138443859114897,0,LEGITIMATE,SUPPLY_CHAIN,AP-AGRI-215-BATCH-1220,Banganapalle Mango,Vizianagaram,Gantyada
1.7601318211505297,0.09419542347229534,5.0,0.0,1.0,271.17838503499746,1.9393627661875414,1.2894367350371625,0,LEGITIMATE,CERTIFICATE,CUTM-CERT-2026-2221,Land Title Deed (Pattadar),Visakhapatnam,Padmanabham
2.710031216289271,0.061125512382742345,2.9995820090811027,0.0,1.0,677.1652958592367,21.10703543131542,0.919228062744819,0,LEGITIMATE,SUPPLY_CHAIN,AP-AGRI-700-BATCH-1222,Banganapalle Mango,Srikakulam,Laveru
9.587872974713177,0.5,7.316200757735172,3.0,4.0,0.484236770359731,120.0,137.6260365779621,1,SUSPICIOUS,LAND_RECORD,AP-VIS-LAND-2223,Survey No. 10/1,Visakhapatnam,Bheemunipatnam
1.0774161305955143,0.1697346519688595,3.6386763839016956,2.0,1.0,77.23110786659333,18.574436704094488,1.335822770170479,0,LEGITIMATE,SUPPLY_CHAIN,AP-AGRI-245-BATCH-1224,Teja Red Chilli,Kakinada,Mandal 2
2.487035824515681,0.06397692958229002,5.0,0.0,3.0,133.63146639730886,23.3341684259777,1.7106482865149855,0,LEGITIMATE,CERTIFICATE,CUTM-CERT-2026-2225,B.Tech Degree Certificate,Visakhapatnam,Bheemunipatnam
0.7073291529038901,0.21323147815729376,4.376708486930443,0.0,2.0,13.562587710534334,28.921763799400377,1.1988264851689534,0,LEGITIMATE,SUPPLY_CHAIN,AP-AGRI-765-BATCH-1226,Mesta Jute,East Godavari,Mandal 1
1.4739622845993456,0.07768965683353,3.810852099947319,0.0,1.0,177.36358581344936,8.548089737873633,1.7079998690047646,0,LEGITIMATE,LAND_RECORD,AP-SRI-LAND-2227,Survey No. 446/3,Srikakulam,Ponduru
2.8488621082077126,0.20348442746053885,0.9435326224833553,0.0,4.0,115.28577068511241,1.8626969313912516,0.1,0,LEGITIMATE,LAND_RECORD,AP-EAS-LAND-2228,Survey No. 406/1,East Godavari,Mandal 1
10.821440291407738,0.532059079960443,4.781455693649578,5.0,7.0,0.8657687682909635,272.32352823741115,93.66040434428363,1,SUSPICIOUS,LAND_RECORD,AP-VIS-LAND-2229,Survey No. 222/1,Visakhapatnam,Pendurthi
2.4777948482140366,0.15563353018618312,3.274305346585259,0.0,2.0,30.14048380972342,24.25187351738928,0.9301876314473665,0,LEGITIMATE,CERTIFICATE,CUTM-CERT-2026-2230,Organic Farming Certification,Vizianagaram,Gantyada
0.9021557448176349,0.1793066346920035,2.1032416861121535,0.0,2.0,56.22671352536177,15.07854072270523,1.6161765854573797,0,LEGITIMATE,LAND_RECORD,AP-VIZ-LAND-2231,Survey No. 350/1,Vizianagaram,Cheepurupalli
2.231185595802847,0.10867914062713337,1.1739486885239427,1.0,1.0,63.13377586488664,9.740812065714659,1.0309096073095108,0,LEGITIMATE,CERTIFICATE,CUTM-CERT-2026-2232,Skill Competency Credential,Kakinada,Mandal 2
2.4583953014738498,0.01,3.765676138034717,0.0,1.0,36.096985359255015,0.5,2.1561218437693426,0,LEGITIMATE,LAND_RECORD,AP-ANA-LAND-2233,Survey No. 397/4,Anakapalli,Mandal 1
9.384059578477569,0.7137532789110752,11.968903804760956,5.0,5.0,4.353896984740391,124.59870831336514,57.49508468613925,1,SUSPICIOUS,CERTIFICATE,CUTM-CERT-2026-2234,Skill Competency Credential,Visakhapatnam,Bheemunipatnam
2.2218567124145494,0.25627830486333847,2.6514489096248957,0.0,1.0,137.64905393620452,15.295765376036563,0.8927334371177649,0,LEGITIMATE,LAND_RECORD,AP-SRI-LAND-2235,Survey No. 379/1,Srikakulam,Ponduru
1.99736910717591,0.17424815079602643,1.5864595354894677,1.0,1.0,190.97450337192842,3.946970294572135,0.1,0,LEGITIMATE,SUPPLY_CHAIN,AP-AGRI-441-BATCH-1236,Teja Red Chilli,Visakhapatnam,Padmanabham
1.9625189227383792,0.128328509834325,1.7954643459770923,0.0,1.0,525.4700181832767,45.86202268243781,2.1744266814601634,0,LEGITIMATE,SUPPLY_CHAIN,AP-AGRI-705-BATCH-1237,Mesta Jute,Anakapalli,Mandal 1
2.042008605861106,0.1180223954968189,1.5586149328569703,1.0,1.0,62.882463994534824,33.405810022087536,1.0120612432944016,0,LEGITIMATE,SUPPLY_CHAIN,AP-AGRI-489-BATCH-1238,Cashew Raw Nut,Srikakulam,Laveru
1.2303590902264858,0.034641701148798956,2.348032013915796,0.0,5.0,150.33807066901468,35.60528051616142,1.4214551629537842,0,LEGITIMATE,SUPPLY_CHAIN,AP-AGRI-536-BATCH-1239,Cashew Raw Nut,Srikakulam,Laveru
2.3149081646998617,0.09479075670784431,1.5745862280034513,0.0,1.0,201.14226727751347,1.5333099739473264,0.986688302152231,0,LEGITIMATE,LAND_RECORD,AP-SRI-LAND-2240,Survey No. 122/2,Srikakulam,Etcherla
2.5924366018899248,0.17271248009403786,0.599245815402084,1.0,3.0,407.9478797264351,3.555211436827928,2.2461061660116917,0,LEGITIMATE,LAND_RECORD,AP-VIS-LAND-2241,Survey No. 220/2,Visakhapatnam,Anandapuram
7.521208651648733,0.7109389639688277,10.955280649274945,3.0,5.0,1.576475586835885,251.20789957216894,94.06598166601307,1,SUSPICIOUS,LAND_RECORD,AP-SRI-LAND-2242,Survey No. 267/2,Srikakulam,Ranastalam
1.289641313579474,0.04199207054988631,2.042705356132309,0.0,1.0,75.61058399886412,10.520002521848783,0.49303986011455536,0,LEGITIMATE,SUPPLY_CHAIN,AP-AGRI-995-BATCH-1243,Mesta Jute,Anakapalli,Mandal 1
2.136100382374128,0.1636500062831834,1.6215344606430333,0.0,1.0,14.180819048936442,5.388844468818274,1.1491423941158752,0,LEGITIMATE,SUPPLY_CHAIN,AP-AGRI-760-BATCH-1244,Cashew Raw Nut,Anakapalli,Mandal 1
0.9060884885208405,0.1342801263681514,5.0,0.0,3.0,118.56372056466292,2.95003342940265,1.9075490444410006,0,LEGITIMATE,LAND_RECORD,AP-VIZ-LAND-2245,Survey No. 344/2,Vizianagaram,Denkada
1.3002876231744613,0.1408177640798462,2.054132316948373,0.0,2.0,76.13735313796239,8.15187976212952,0.1,0,LEGITIMATE,SUPPLY_CHAIN,AP-AGRI-879-BATCH-1246,Teja Red Chilli,Anakapalli,Mandal 1
1.0476637903276003,0.19574873461093678,1.923435943156324,0.0,2.0,210.10020735285457,4.242663511569039,0.652105246978372,0,LEGITIMATE,LAND_RECORD,AP-EAS-LAND-2247,Survey No. 111/2,East Godavari,Mandal 2
1.4494786793701588,0.14401848627482178,3.2323489751564023,1.0,3.0,210.93115187216264,60.0,2.433264099313317,0,LEGITIMATE,LAND_RECORD,AP-EAS-LAND-2248,Survey No. 305/1,East Godavari,Mandal 1
1.9706267362811536,0.2703605374871382,2.4789853835862083,0.0,5.0,291.1372227640641,2.719918029542388,1.182738066707784,0,LEGITIMATE,LAND_RECORD,AP-KAK-LAND-2249,Survey No. 217/3,Kakinada,Mandal 2
2.1958222934183653,0.22897978823867277,1.662360051747321,0.0,4.0,224.18910608932865,6.98897785598497,1.7058478416733491,0,LEGITIMATE,SUPPLY_CHAIN,AP-AGRI-819-BATCH-1250,Mesta Jute,Srikakulam,Laveru
1.8945864163076576,0.031823362923117465,5.0,0.0,1.0,439.9668972914787,8.258618524066602,1.5912757593838431,0,LEGITIMATE,LAND_RECORD,AP-VIZ-LAND-2251,Survey No. 247/2,Vizianagaram,Cheepurupalli
1.5098688539148992,0.21683015951217846,1.5796392589035086,0.0,2.0,74.10517963871212,4.25308406022178,1.9671306339641397,0,LEGITIMATE,CERTIFICATE,CUTM-CERT-2026-2252,Skill Competency Credential,Vizianagaram,Vizianagaram Rural
9.653535286043656,0.5882888296677972,14.044360381956963,5.0,8.0,3.811763288586685,384.7892867555923,48.50450047599701,1,SUSPICIOUS,SUPPLY_CHAIN,AP-AGRI-471-BATCH-1253,Teja Red Chilli,East Godavari,Mandal 2
0.9678658619740045,0.2747052998239269,1.1482118845606115,1.0,2.0,289.6116314647506,7.444322069186719,1.6115595675528476,0,LEGITIMATE,SUPPLY_CHAIN,AP-AGRI-394-BATCH-1254,Cashew Raw Nut,Srikakulam,Ponduru
2.002383579082989,0.08803919507892835,1.0093884064216714,0.0,2.0,31.32484397182794,21.16206181105603,2.610181374183421,0,LEGITIMATE,LAND_RECORD,AP-SRI-LAND-2255,Survey No. 92/4,Srikakulam,Laveru
7.547772170801634,0.8658167068161023,12.72356500001563,7.0,4.0,0.3318239312391031,270.37888463940106,100.40521910462857,1,SUSPICIOUS,SUPPLY_CHAIN,AP-AGRI-717-BATCH-1256,Cashew Raw Nut,Visakhapatnam,Padmanabham
3.113791227897169,0.06862205271186869,1.4006844077211447,1.0,3.0,212.83825112337243,33.27133946808665,0.23974278921656544,0,LEGITIMATE,CERTIFICATE,CUTM-CERT-2026-2257,Organic Farming Certification,Anakapalli,Mandal 2
1.2118904661262304,0.1348355590768577,2.3398453068409446,2.0,2.0,135.49394335726566,18.530197734191034,0.8050483430411537,0,LEGITIMATE,SUPPLY_CHAIN,AP-AGRI-792-BATCH-1258,Cashew Raw Nut,Kakinada,Mandal 1
1.3685948382655244,0.036235858708789384,2.943752222152605,2.0,4.0,526.4021431895553,60.0,1.0444421989285215,0,LEGITIMATE,LAND_RECORD,AP-ANA-LAND-2259,Survey No. 242/4,Anakapalli,Mandal 2
2.3202779198424097,0.11890934551465454,5.0,1.0,1.0,67.2911066016474,3.028943698240357,1.1219556307579426,0,LEGITIMATE,LAND_RECORD,AP-ANA-LAND-2260,Survey No. 318/2,Anakapalli,Mandal 1
1.002399699235898,0.013082147221563256,1.8345094551723706,0.0,1.0,24.076249047751695,31.646395149358565,3.0767292662034063,0,LEGITIMATE,LAND_RECORD,AP-ANA-LAND-2261,Survey No. 91/3,Anakapalli,Mandal 1
2.913316608541216,0.15513094419025228,2.044064861428127,1.0,4.0,73.47851747979063,4.276584892883252,3.021682889929309,0,LEGITIMATE,LAND_RECORD,AP-VIS-LAND-2262,Survey No. 226/3,Visakhapatnam,Bheemunipatnam
2.3367760102489705,0.18962183568548782,2.3001898222879653,0.0,1.0,284.93372878350465,16.374681191298475,1.5215959041471305,0,LEGITIMATE,SUPPLY_CHAIN,AP-AGRI-480-BATCH-1263,Teja Red Chilli,Visakhapatnam,Anandapuram
0.1,0.10890909914280719,0.7206600295115043,0.0,1.0,25.69921708975728,18.99494020031699,2.0891622643463967,0,LEGITIMATE,LAND_RECORD,AP-VIZ-LAND-2264,Survey No. 74/3,Vizianagaram,Cheepurupalli
1.0590247426151136,0.1803750064491187,2.989661847403938,1.0,2.0,124.19151871214063,3.554311017652756,0.1,0,LEGITIMATE,CERTIFICATE,CUTM-CERT-2026-2265,Land Title Deed (Pattadar),East Godavari,Mandal 2
1.9708730722848464,0.26487952142141713,2.825556359765957,0.0,5.0,28.603089970014814,6.007503309844499,1.727974551136163,0,LEGITIMATE,LAND_RECORD,AP-SRI-LAND-2266,Survey No. 410/1,Srikakulam,Ponduru
7.686117107089934,0.8215743189596003,15.0,3.0,4.0,10.436810539669297,314.9444866212362,48.73197873761038,1,SUSPICIOUS,SUPPLY_CHAIN,AP-AGRI-849-BATCH-1267,Banganapalle Mango,Visakhapatnam,Anandapuram
2.0194596932151367,0.16756679417439552,3.556445037147883,1.0,1.0,72.47150675848125,0.5239355623872836,1.2252911638861965,0,LEGITIMATE,CERTIFICATE,CUTM-CERT-2026-2268,Organic Farming Certification,Vizianagaram,Vizianagaram Rural
1.5366907501389306,0.05378427312791759,5.0,0.0,3.0,23.25149678047251,7.189458124413843,1.268577820193028,0,LEGITIMATE,LAND_RECORD,AP-VIZ-LAND-2269,Survey No. 239/2,Vizianagaram,Gantyada
2.555215327320817,0.10264169538160159,3.9011833690597104,0.0,1.0,57.28805789991764,49.2776546220426,1.3954803256931603,0,LEGITIMATE,LAND_RECORD,AP-VIZ-LAND-2270,Survey No. 361/2,Vizianagaram,Bhogapuram
2.256223698982128,0.1605438741608656,1.6449058223522997,0.0,3.0,463.89247876494557,9.825250489755588,0.5217279433778176,0,LEGITIMATE,SUPPLY_CHAIN,AP-AGRI-320-BATCH-1271,Banganapalle Mango,Anakapalli,Mandal 1
11.572302788092586,0.674197349190434,15.0,7.0,5.0,0.1,474.3941958130507,104.69020791486875,1,SUSPICIOUS,LAND_RECORD,AP-EAS-LAND-2272,Survey No. 234/4,East Godavari,Mandal 2
1.1778418807383573,0.19407395047148324,1.4704410923440232,0.0,2.0,410.1568871183249,3.9527792965507764,1.381737736460385,0,LEGITIMATE,SUPPLY_CHAIN,AP-AGRI-610-BATCH-1273,Teja Red Chilli,Srikakulam,Ponduru
1.8979470184273795,0.06262541383304333,3.044352378297978,1.0,1.0,20.871750169871543,34.32113665542908,0.7798373987237543,0,LEGITIMATE,CERTIFICATE,CUTM-CERT-2026-2274,Land Title Deed (Pattadar),Kakinada,Mandal 2
1.5881661683706874,0.2529473810116402,0.9856058186770204,0.0,5.0,122.4760009399824,19.645485422555375,1.2174078726378617,0,LEGITIMATE,SUPPLY_CHAIN,AP-AGRI-783-BATCH-1275,Mesta Jute,East Godavari,Mandal 2
0.979594965183629,0.1664328421569008,2.562655294647295,0.0,2.0,18.510718719310525,50.45818522679909,2.1578110570637152,0,LEGITIMATE,CERTIFICATE,CUTM-CERT-2026-2276,Land Title Deed (Pattadar),Vizianagaram,Bhogapuram
1.5113641894566887,0.1906927634414479,2.083037496508852,0.0,5.0,35.15253727769467,1.8745975323145356,0.1,0,LEGITIMATE,LAND_RECORD,AP-EAS-LAND-2277,Survey No. 290/3,East Godavari,Mandal 2
0.6194722941361288,0.24835005741200833,2.3574733746653957,2.0,3.0,106.10961988000744,21.20998595540824,1.2770472652858367,0,LEGITIMATE,LAND_RECORD,AP-EAS-LAND-2278,Survey No. 358/3,East Godavari,Mandal 1
12.60944606952874,0.8777848903147772,6.286701662889731,3.0,7.0,4.852832956592582,227.19232843504722,84.5019099420975,1,SUSPICIOUS,LAND_RECORD,AP-ANA-LAND-2279,Survey No. 289/4,Anakapalli,Mandal 1
1.42286007766758,0.14687208630267576,4.054652106486488,0.0,1.0,120.40750204462626,3.529056925286506,2.60268239408786,0,LEGITIMATE,SUPPLY_CHAIN,AP-AGRI-214-BATCH-1280,Banganapalle Mango,Srikakulam,Etcherla
2.501221778356055,0.1556090526986573,2.068746739775642,1.0,2.0,64.89287663913461,4.118740840248822,1.4437671977260071,0,LEGITIMATE,LAND_RECORD,AP-SRI-LAND-2281,Survey No. 133/3,Srikakulam,Etcherla
1.6745413621851717,0.22540748967198337,3.1629740166917744,0.0,5.0,60.558517194387015,1.3551942313429546,0.46795779545055916,0,LEGITIMATE,LAND_RECORD,AP-KAK-LAND-2282,Survey No. 304/1,Kakinada,Mandal 2
2.8614580527077353,0.05787251732736351,1.3815617921076737,0.0,1.0,397.7695685866769,8.53963899166904,0.7315979175204903,0,LEGITIMATE,CERTIFICATE,CUTM-CERT-2026-2283,B.Tech Degree Certificate,East Godavari,Mandal 1
8.26488322112583,0.7831463090370369,10.185080402549646,3.0,12.0,0.7348546056206806,326.64239116482446,113.7181649583929,1,SUSPICIOUS,LAND_RECORD,AP-KAK-LAND-2284,Survey No. 162/2,Kakinada,Mandal 1
9.30387340256504,0.8330395719868952,8.469015005091357,3.0,9.0,1.236009898572684,315.4160397125039,55.84186509571451,1,SUSPICIOUS,LAND_RECORD,AP-ANA-LAND-2285,Survey No. 16/1,Anakapalli,Mandal 2
6.500502329841325,0.7995753652158217,7.7011704943172035,6.0,7.0,0.2922161579198883,280.22672091242276,68.40302546877695,1,SUSPICIOUS,LAND_RECORD,AP-EAS-LAND-2286,Survey No. 444/3,East Godavari,Mandal 1
1.8681893890704475,0.1478053316653021,1.8602229073962127,0.0,3.0,37.137713636569345,14.381144542337111,0.8193531475718021,0,LEGITIMATE,LAND_RECORD,AP-KAK-LAND-2287,Survey No. 378/3,Kakinada,Mandal 1
1.5793779270803434,0.32872744646381846,2.561526136563381,2.0,2.0,26.21564920713769,7.884387344674886,0.9231850530447664,0,LEGITIMATE,LAND_RECORD,AP-KAK-LAND-2288,Survey No. 268/2,Kakinada,Mandal 1
2.9212452239246405,0.18871858351612217,2.239582022093711,0.0,1.0,291.25234374971086,28.72070423300486,0.24108343944742439,0,LEGITIMATE,LAND_RECORD,AP-EAS-LAND-2289,Survey No. 165/1,East Godavari,Mandal 2
2.1909842714919563,0.12163299621989135,4.213254718912045,0.0,2.0,39.7706625203002,1.6910825450719653,0.1,0,LEGITIMATE,LAND_RECORD,AP-VIS-LAND-2290,Survey No. 18/4,Visakhapatnam,Anandapuram
0.7730683282263067,0.01,1.6100977591938885,0.0,1.0,279.75028501061274,6.9572788080496135,0.9802720921538862,0,LEGITIMATE,CERTIFICATE,CUTM-CERT-2026-2291,Land Title Deed (Pattadar),Srikakulam,Etcherla
8.07338255644896,0.7012315274411509,4.654969083082461,3.0,6.0,0.38653129966483707,380.0016847503322,69.41865295448058,1,SUSPICIOUS,LAND_RECORD,AP-SRI-LAND-2292,Survey No. 209/3,Srikakulam,Etcherla
1.5068058792524732,0.1688095954521332,2.301567827474492,2.0,2.0,407.3592639994819,2.420742935906391,1.0336842065507141,0,LEGITIMATE,SUPPLY_CHAIN,AP-AGRI-649-BATCH-1293,Teja Red Chilli,Anakapalli,Mandal 1
1.7641620217283822,0.29532215969120845,4.064349785353325,1.0,2.0,245.32168689377662,41.40780556013011,1.7808375466321675,0,LEGITIMATE,SUPPLY_CHAIN,AP-AGRI-945-BATCH-1294,Mesta Jute,Anakapalli,Mandal 2
2.0289069081525204,0.08958244644663835,2.6028793216653296,1.0,1.0,642.7609481957136,9.982180083473912,0.7277250123626835,0,LEGITIMATE,SUPPLY_CHAIN,AP-AGRI-540-BATCH-1295,Banganapalle Mango,Srikakulam,Ranastalam
0.9865443410859991,0.1328962510520035,5.0,0.0,1.0,42.03548808795136,29.67682041276812,0.18258827431339109,0,LEGITIMATE,CERTIFICATE,CUTM-CERT-2026-2296,B.Tech Degree Certificate,East Godavari,Mandal 2
1.7165818138704558,0.17053075048652236,3.4969811393991774,0.0,2.0,192.42926213905739,3.8983886030607606,1.3881350671934451,0,LEGITIMATE,LAND_RECORD,AP-EAS-LAND-2297,Survey No. 256/4,East Godavari,Mandal 2
1.9121334153219527,0.19807674277599174,0.8727747705502659,1.0,2.0,180.1913245813517,2.3457076761831117,0.3680748522596352,0,LEGITIMATE,LAND_RECORD,AP-EAS-LAND-2298,Survey No. 434/1,East Godavari,Mandal 2
2.6440975346217632,0.2534807974767496,2.0883480474214617,1.0,5.0,203.67458793719388,5.198965933839582,1.3761303793831532,0,LEGITIMATE,LAND_RECORD,AP-VIZ-LAND-2299,Survey No. 339/4,Vizianagaram,Bhogapuram
0.7250505510517167,0.23306319431870554,2.02567721431889,2.0,3.0,243.54237733690888,8.190556352924741,2.721360835519352,0,LEGITIMATE,LAND_RECORD,AP-ANA-LAND-2300,Survey No. 420/3,Anakapalli,Mandal 1
1.1412145328525294,0.06379509369061397,3.246657118239613,0.0,5.0,158.64933253473237,17.64149361652254,2.0196904941766944,0,LEGITIMATE,CERTIFICATE,CUTM-CERT-2026-2301,Organic Farming Certification,Kakinada,Mandal 1
1.4714183618580934,0.23873358491937052,3.2105885804156475,0.0,1.0,187.4749598576039,11.992997776306792,1.2576514819916376,0,LEGITIMATE,SUPPLY_CHAIN,AP-AGRI-866-BATCH-1302,Cashew Raw Nut,Vizianagaram,Cheepurupalli
1.8365213230602735,0.15919471292648102,4.128851335874985,0.0,3.0,238.74713553399735,33.48316229683418,0.48678865573817665,0,LEGITIMATE,LAND_RECORD,AP-EAS-LAND-2303,Survey No. 40/1,East Godavari,Mandal 2
1.9770193704789292,0.16729637410581505,2.935677202746866,2.0,3.0,195.9922662314841,28.483050115536034,0.8716452871992367,0,LEGITIMATE,LAND_RECORD,AP-VIZ-LAND-2304,Survey No. 268/1,Vizianagaram,Gantyada
1.581351190840891,0.3970809755888227,2.50258223761819,1.0,3.0,10.0,18.612738291276493,0.13630204256637413,0,LEGITIMATE,CERTIFICATE,CUTM-CERT-2026-2305,Land Title Deed (Pattadar),Vizianagaram,Denkada
10.50020334440433,1.0,15.0,3.0,5.0,3.462808298113676,207.11073468877163,29.93483943573669,1,SUSPICIOUS,SUPPLY_CHAIN,AP-AGRI-632-BATCH-1306,Mesta Jute,Srikakulam,Laveru
11.170857442378583,0.7674396206056593,11.071968208483801,4.0,5.0,5.997865664542106,281.999841591721,78.6321925298975,1,SUSPICIOUS,LAND_RECORD,AP-VIZ-LAND-2307,Survey No. 284/1,Vizianagaram,Denkada
9.831518209484633,0.7616364910673529,15.0,3.0,4.0,1.2978620019202478,304.2126576574443,66.69836350842228,1,SUSPICIOUS,CERTIFICATE,CUTM-CERT-2026-2308,B.Tech Degree Certificate,Visakhapatnam,Anandapuram
2.8617548599974736,0.21038895139792343,3.654455725679056,0.0,1.0,161.18998296863938,9.52236459673188,1.8393014316784662,0,LEGITIMATE,SUPPLY_CHAIN,AP-AGRI-179-BATCH-1309,Banganapalle Mango,Kakinada,Mandal 2
0.5575265582505102,0.12551047612320368,1.189279151844544,0.0,3.0,15.651357447684886,6.603546204082448,0.1,0,LEGITIMATE,LAND_RECORD,AP-VIS-LAND-2310,Survey No. 283/4,Visakhapatnam,Pendurthi
2.1802079878136364,0.26819149319797353,2.277905966288528,1.0,3.0,26.911458408827112,12.621977973070003,1.4890490196702846,0,LEGITIMATE,LAND_RECORD,AP-VIS-LAND-2311,Survey No. 221/4,Visakhapatnam,Bheemunipatnam
1.2804655342017943,0.12828988056546203,2.034839616775351,0.0,4.0,29.61281401328589,1.8681956828072803,0.1,0,LEGITIMATE,SUPPLY_CHAIN,AP-AGRI-342-BATCH-1312,Banganapalle Mango,East Godavari,Mandal 1
10.907441887466407,0.7987751311583586,7.749006649194413,3.0,4.0,0.13590247585494533,271.05891404369777,112.77065297380744,1,SUSPICIOUS,LAND_RECORD,AP-SRI-LAND-2313,Survey No. 18/4,Srikakulam,Laveru
3.1657087920884095,0.08226047256927839,1.1309932627577834,0.0,5.0,347.24869379379436,15.854081049298305,1.6647026514116368,0,LEGITIMATE,CERTIFICATE,CUTM-CERT-2026-2314,Skill Competency Credential,Kakinada,Mandal 1
2.6921130518588674,0.01,2.5514469465653957,0.0,1.0,301.5107112681239,12.910447974218044,2.1867948385967932,0,LEGITIMATE,SUPPLY_CHAIN,AP-AGRI-750-BATCH-1315,Banganapalle Mango,Srikakulam,Ponduru
10.917090377939692,0.5782115802492921,15.0,6.0,11.0,8.88770303362929,306.96945291581306,117.8687096801211,1,SUSPICIOUS,SUPPLY_CHAIN,AP-AGRI-420-BATCH-1316,Teja Red Chilli,Visakhapatnam,Pendurthi
7.440729129123314,0.6093507735979117,14.494455817075211,3.0,9.0,1.1459449434002593,259.97652391492704,96.9355741902024,1,SUSPICIOUS,SUPPLY_CHAIN,AP-AGRI-574-BATCH-1317,Cashew Raw Nut,Anakapalli,Mandal 2
0.7877595019280819,0.14943065158971874,3.8108851452615884,1.0,1.0,119.50526237806028,23.136732151267953,2.4907956203588153,0,LEGITIMATE,CERTIFICATE,CUTM-CERT-2026-2318,Organic Farming Certification,Srikakulam,Etcherla
2.1134696017058974,0.02822405798468572,3.700946781505547,0.0,1.0,108.45136206878509,19.96319056854198,1.5097586845629214,0,LEGITIMATE,LAND_RECORD,AP-SRI-LAND-2319,Survey No. 179/2,Srikakulam,Etcherla
1.9606372008245245,0.2296507844894266,2.8218936351831703,2.0,4.0,116.42261883038351,0.9829569261532158,1.2069149644927186,0,LEGITIMATE,LAND_RECORD,AP-VIS-LAND-2320,Survey No. 226/2,Visakhapatnam,Pendurthi
1.3109236948106193,0.15997578221210773,4.095880233282828,0.0,1.0,551.973876806648,22.22957843455172,1.725891860966907,0,LEGITIMATE,SUPPLY_CHAIN,AP-AGRI-530-BATCH-1321,Teja Red Chilli,Kakinada,Mandal 2
2.0445454357923007,0.01,1.4735710114473166,0.0,1.0,210.15439712101173,3.5364907587689465,0.1,0,LEGITIMATE,LAND_RECORD,AP-EAS-LAND-2322,Survey No. 321/1,East Godavari,Mandal 1
2.3866885975260668,0.12930352786514157,1.8823744427010343,0.0,1.0,55.22535381742519,12.239055316446057,0.8409688670724684,0,LEGITIMATE,SUPPLY_CHAIN,AP-AGRI-463-BATCH-1323,Teja Red Chilli,Srikakulam,Ranastalam
2.7094598084502457,0.1853963683975769,4.3105605214457725,1.0,1.0,21.3987616736074,6.417371320849026,0.1,0,LEGITIMATE,SUPPLY_CHAIN,AP-AGRI-488-BATCH-1324,Cashew Raw Nut,Anakapalli,Mandal 1
1.658541728227417,0.10188313507527952,2.2638997014100926,0.0,1.0,64.47731906000921,8.652785219369475,1.9711379540365113,0,LEGITIMATE,LAND_RECORD,AP-VIS-LAND-2325,Survey No. 239/2,Visakhapatnam,Bheemunipatnam
1.6571519908928058,0.11850900229623645,1.9670934990025633,0.0,1.0,77.61575799313123,27.096200735970704,0.6922295143510371,0,LEGITIMATE,LAND_RECORD,AP-KAK-LAND-2326,Survey No. 167/3,Kakinada,Mandal 2
2.25826166991345,0.09190844778509122,4.2288181777336185,0.0,1.0,265.85391829725654,11.383070394429216,0.5065918005143863,0,LEGITIMATE,SUPPLY_CHAIN,AP-AGRI-295-BATCH-1327,Cashew Raw Nut,Visakhapatnam,Pendurthi
1.6009453133719336,0.12602775487557075,1.7418204917074513,0.0,1.0,10.570975639687603,1.4474098505219857,1.8054988649075665,0,LEGITIMATE,LAND_RECORD,AP-SRI-LAND-2328,Survey No. 117/1,Srikakulam,Ponduru
0.643768596274513,0.11587160135527202,1.5759136674699832,0.0,3.0,72.49107819781274,60.0,1.0078808870577334,0,LEGITIMATE,LAND_RECORD,AP-KAK-LAND-2329,Survey No. 291/4,Kakinada,Mandal 2
1.9786493917991121,0.17621971759615596,2.309031788507531,1.0,2.0,33.35062732745467,10.515966148855066,1.7290518612904924,0,LEGITIMATE,LAND_RECORD,AP-VIS-LAND-2330,Survey No. 446/1,Visakhapatnam,Bheemunipatnam
1.3446054657160855,0.11728807278329684,2.1004751452098667,0.0,5.0,70.6622404847432,13.187238744703775,1.9426223562275386,0,LEGITIMATE,LAND_RECORD,AP-ANA-LAND-2331,Survey No. 72/4,Anakapalli,Mandal 1
0.8741102713519184,0.12381556557959808,3.675679984845569,2.0,1.0,10.0,4.277145719853817,1.215403562941229,0,LEGITIMATE,SUPPLY_CHAIN,AP-AGRI-777-BATCH-1332,Teja Red Chilli,Kakinada,Mandal 1
1.4095600578074037,0.13118794827084515,3.3502502570279815,1.0,1.0,38.48102635523324,9.607322415161743,1.3911128464622897,0,LEGITIMATE,CERTIFICATE,CUTM-CERT-2026-2333,B.Tech Degree Certificate,Anakapalli,Mandal 2
1.455841069524161,0.2342115534092449,3.621897895153089,0.0,2.0,298.3753439137842,4.450957239588841,0.7146429047441774,0,LEGITIMATE,SUPPLY_CHAIN,AP-AGRI-421-BATCH-1334,Banganapalle Mango,Vizianagaram,Cheepurupalli
1.0754453201715515,0.013777711048535202,1.613826738866018,0.0,1.0,249.56044766121195,7.962564909591992,2.0543957866144993,0,LEGITIMATE,SUPPLY_CHAIN,AP-AGRI-878-BATCH-1335,Teja Red Chilli,East Godavari,Mandal 1
5.850609864279168,0.5451233219817149,1.5,5.0,7.0,0.1,246.05861063294904,25.716889494705782,1,SUSPICIOUS,LAND_RECORD,AP-VIS-LAND-2336,Survey No. 216/3,Visakhapatnam,Pendurthi
2.1077456242118955,0.14237713703888522,1.8875963199830943,0.0,4.0,193.47056458057676,21.438846213165938,0.8694416376195233,0,LEGITIMATE,CERTIFICATE,CUTM-CERT-2026-2337,B.Tech Degree Certificate,Visakhapatnam,Bheemunipatnam
2.178792127563172,0.11054225235952714,1.9083445102249756,1.0,1.0,340.0923332196669,5.161072238194324,0.43562859459665704,0,LEGITIMATE,CERTIFICATE,CUTM-CERT-2026-2338,Organic Farming Certification,Visakhapatnam,Padmanabham
2.2375596408737075,0.2132272465427763,3.4222860422145507,0.0,2.0,44.716573171718885,19.69869301228638,1.0004736745637939,0,LEGITIMATE,CERTIFICATE,CUTM-CERT-2026-2339,Land Title Deed (Pattadar),Visakhapatnam,Padmanabham
1.7406046278365932,0.15935841872191095,3.75183835186892,1.0,2.0,681.9019500887653,3.830245923816309,0.9448584789363721,0,LEGITIMATE,LAND_RECORD,AP-KAK-LAND-2340,Survey No. 37/1,Kakinada,Mandal 2
2.085625323816887,0.18598522612452273,5.0,0.0,3.0,44.852326844671026,8.331037385803109,0.9763167935549892,0,LEGITIMATE,LAND_RECORD,AP-EAS-LAND-2341,Survey No. 110/4,East Godavari,Mandal 2
0.1,0.11299828928457395,2.967362959272632,0.0,2.0,242.66160339561762,43.058019030621956,1.6383288651966283,0,LEGITIMATE,LAND_RECORD,AP-VIS-LAND-2342,Survey No. 379/4,Visakhapatnam,Anandapuram
1.602042975596701,0.20528500526935017,1.0229033070198195,0.0,1.0,337.468567724493,19.9913562306635,1.7460797101439134,0,LEGITIMATE,LAND_RECORD,AP-SRI-LAND-2343,Survey No. 292/1,Srikakulam,Laveru
0.49670839273024203,0.3014439108338035,1.576689465519161,1.0,1.0,49.54006337658352,6.50633684692214,1.7898735484743535,0,LEGITIMATE,LAND_RECORD,AP-ANA-LAND-2344,Survey No. 391/4,Anakapalli,Mandal 1
0.8368604879789141,0.12037035122711143,3.9022412015056274,1.0,1.0,166.60897414390627,26.55824993697927,0.9217814860623261,0,LEGITIMATE,CERTIFICATE,CUTM-CERT-2026-2345,B.Tech Degree Certificate,Vizianagaram,Denkada
1.4276857542400698,0.06623266233868363,2.2242393800185942,2.0,1.0,264.3754785131045,29.62322549713117,1.647502269747189,0,LEGITIMATE,LAND_RECORD,AP-VIZ-LAND-2346,Survey No. 360/4,Vizianagaram,Denkada
2.204181804263475,0.021499454536369422,1.509267484011581,0.0,3.0,591.5231241917763,23.18985290754708,0.1,0,LEGITIMATE,LAND_RECORD,AP-VIS-LAND-2347,Survey No. 247/2,Visakhapatnam,Pendurthi
2.481725889752181,0.20180592824493485,0.7564454691937577,0.0,3.0,226.2265769867385,2.940727933577834,2.8167216003687834,0,LEGITIMATE,CERTIFICATE,CUTM-CERT-2026-2348,Skill Competency Credential,Srikakulam,Laveru
2.4902954218725375,0.07444616972775267,1.801361687730067,1.0,2.0,107.78537452412803,1.2579296927334551,0.5610582918258691,0,LEGITIMATE,CERTIFICATE,CUTM-CERT-2026-2349,Skill Competency Credential,Srikakulam,Ranastalam
12.057673313226784,0.7942259041823025,15.0,4.0,8.0,5.875122241471736,281.25740727220517,96.160727236071,1,SUSPICIOUS,LAND_RECORD,AP-SRI-LAND-2350,Survey No. 394/2,Srikakulam,Etcherla
2.3869424426154415,0.17319083807347205,4.439933983619652,0.0,1.0,104.1349387723858,60.0,0.4545507751215181,0,LEGITIMATE,LAND_RECORD,AP-SRI-LAND-2351,Survey No. 246/2,Srikakulam,Etcherla
2.5845884559822165,0.3077756761555051,2.7231628986778023,1.0,4.0,111.29450946431035,2.1696758185557377,3.4376128081293915,0,LEGITIMATE,CERTIFICATE,CUTM-CERT-2026-2352,Organic Farming Certification,Visakhapatnam,Anandapuram
0.8265201990173208,0.13179764677094236,1.0324736453862435,0.0,3.0,34.69045968389272,21.588119614619476,1.5477423824195435,0,LEGITIMATE,CERTIFICATE,CUTM-CERT-2026-2353,B.Tech Degree Certificate,East Godavari,Mandal 2
2.029857580982077,0.12141559517865474,2.0422876987852807,0.0,4.0,897.1775141650246,9.352461476416442,1.9364654066172977,0,LEGITIMATE,SUPPLY_CHAIN,AP-AGRI-684-BATCH-1354,Teja Red Chilli,Anakapalli,Mandal 2
1.4106656288056123,0.2558003465218498,1.3335823704127876,0.0,5.0,228.14122680976237,60.0,0.990470321663595,0,LEGITIMATE,LAND_RECORD,AP-VIS-LAND-2355,Survey No. 155/3,Visakhapatnam,Anandapuram
1.6449247189884397,0.01,4.638457484706232,1.0,1.0,451.0354791031886,4.026854616860784,2.2172770925828855,0,LEGITIMATE,SUPPLY_CHAIN,AP-AGRI-731-BATCH-1356,Banganapalle Mango,Vizianagaram,Gantyada
2.6851778665366255,0.22515363374385447,1.5709335237148276,0.0,1.0,445.8970322565357,43.608836480063765,0.9564654078421022,0,LEGITIMATE,SUPPLY_CHAIN,AP-AGRI-315-BATCH-1357,Cashew Raw Nut,Visakhapatnam,Padmanabham
2.063231058735828,0.23457514161930926,1.860779241537546,0.0,1.0,72.37942359878942,23.231140637767986,1.1443655979735354,0,LEGITIMATE,LAND_RECORD,AP-SRI-LAND-2358,Survey No. 167/4,Srikakulam,Ranastalam
2.244605662770083,0.060613791835898004,4.278060602756044,1.0,1.0,125.18788735471996,5.045780084255013,2.1139986263408796,0,LEGITIMATE,LAND_RECORD,AP-KAK-LAND-2359,Survey No. 358/2,Kakinada,Mandal 2
0.9632487179913282,0.06841918516948291,5.0,2.0,2.0,19.373651669171615,3.5778721469268713,2.059513686769292,0,LEGITIMATE,CERTIFICATE,CUTM-CERT-2026-2360,Skill Competency Credential,Vizianagaram,Vizianagaram Rural
2.039056079875762,0.135801801032513,3.6492888415801144,0.0,1.0,431.3903745475183,3.993001916075991,2.136019441653553,0,LEGITIMATE,SUPPLY_CHAIN,AP-AGRI-985-BATCH-1361,Cashew Raw Nut,East Godavari,Mandal 1
3.08583946982492,0.07727176891173153,1.82845899195838,0.0,1.0,346.4753555765658,17.683907999577958,0.1,0,LEGITIMATE,LAND_RECORD,AP-ANA-LAND-2362,Survey No. 348/4,Anakapalli,Mandal 1
2.283339747847438,0.173753269658889,3.020345044173854,1.0,1.0,15.828462575284082,0.85365946969966,1.2247446938677815,0,LEGITIMATE,SUPPLY_CHAIN,AP-AGRI-312-BATCH-1363,Mesta Jute,Anakapalli,Mandal 2
0.6653605371842941,0.23072798429872043,2.7449109569200165,0.0,3.0,38.97068756077116,15.106679122378289,1.4780134713111266,0,LEGITIMATE,SUPPLY_CHAIN,AP-AGRI-718-BATCH-1364,Mesta Jute,East Godavari,Mandal 2
2.3115422837970514,0.03225501189406514,4.452636376699137,1.0,4.0,131.32527101060757,10.094025857672046,2.20104639665764,0,LEGITIMATE,LAND_RECORD,AP-ANA-LAND-2365,Survey No. 310/1,Anakapalli,Mandal 1
0.5835997834040076,0.01,1.3860647078702972,0.0,1.0,78.79687079549544,8.689733963387953,1.6153630939879533,0,LEGITIMATE,LAND_RECORD,AP-ANA-LAND-2366,Survey No. 35/2,Anakapalli,Mandal 2
1.6621800109072633,0.2274180309423579,2.583038937392489,0.0,1.0,234.02192108698713,1.94019409361162,1.4956450000002657,0,LEGITIMATE,LAND_RECORD,AP-ANA-LAND-2367,Survey No. 12/1,Anakapalli,Mandal 1
0.9468308577034604,0.16178578643891764,4.636876221218544,0.0,2.0,61.995311815387474,6.6877033996011175,0.1,0,LEGITIMATE,CERTIFICATE,CUTM-CERT-2026-2368,B.Tech Degree Certificate,Visakhapatnam,Pendurthi
1.0684694032895885,0.13868778633396975,2.049463003267923,1.0,3.0,52.311637797687375,3.71245452826196,0.16891997609669485,0,LEGITIMATE,LAND_RECORD,AP-ANA-LAND-2369,Survey No. 245/4,Anakapalli,Mandal 1
1.396346895436415,0.17214557834646566,3.2987454220431376,0.0,1.0,521.1362812529092,17.489556030954287,2.132008949814541,0,LEGITIMATE,CERTIFICATE,CUTM-CERT-2026-2370,B.Tech Degree Certificate,East Godavari,Mandal 1
11.746254140485688,0.6474016043319576,5.9567904201962145,3.0,7.0,2.615537711542668,289.32079536561434,88.53296221120415,1,SUSPICIOUS,SUPPLY_CHAIN,AP-AGRI-782-BATCH-1371,Cashew Raw Nut,Srikakulam,Ponduru
1.2437803814124617,0.01,1.3444379767364205,0.0,1.0,50.08475480179653,4.844915370726414,1.0905056885066646,0,LEGITIMATE,CERTIFICATE,CUTM-CERT-2026-2372,Land Title Deed (Pattadar),East Godavari,Mandal 1
0.6414332597703714,0.05878345146790735,1.52803964909644,0.0,4.0,322.8860383510936,1.3920863623107969,1.573821014804118,0,LEGITIMATE,CERTIFICATE,CUTM-CERT-2026-2373,Land Title Deed (Pattadar),East Godavari,Mandal 2
9.016741747599397,0.8580114849119298,5.491792502823266,8.0,11.0,1.0856669793320564,274.87291406313284,79.7953870660334,1,SUSPICIOUS,CERTIFICATE,CUTM-CERT-2026-2374,Land Title Deed (Pattadar),Kakinada,Mandal 1
1.7181838695140332,0.06411074166899464,2.6004553506560586,0.0,1.0,201.20170751294683,18.72512249125834,2.4397221757751666,0,LEGITIMATE,CERTIFICATE,CUTM-CERT-2026-2375,B.Tech Degree Certificate,Visakhapatnam,Anandapuram
1.6432988281836505,0.06250103506266634,2.622523392154471,1.0,3.0,10.0,2.45057024306907,1.5337795635356237,0,LEGITIMATE,LAND_RECORD,AP-VIS-LAND-2376,Survey No. 213/1,Visakhapatnam,Bheemunipatnam
1.134984561562593,0.18816281017811665,2.032739687114672,0.0,2.0,402.8292347158378,30.269402365820774,0.7717288681053669,0,LEGITIMATE,LAND_RECORD,AP-KAK-LAND-2377,Survey No. 296/3,Kakinada,Mandal 2
2.7547035608697366,0.1068371854463088,3.0684071191480595,0.0,3.0,255.743257760245,37.504542387397905,0.985206379368644,0,LEGITIMATE,LAND_RECORD,AP-KAK-LAND-2378,Survey No. 286/1,Kakinada,Mandal 2
0.8956824122378172,0.07771724427389821,2.865187399474717,0.0,2.0,20.546116896557994,2.9626950594224395,0.5242190541412663,0,LEGITIMATE,SUPPLY_CHAIN,AP-AGRI-239-BATCH-1379,Mesta Jute,Kakinada,Mandal 1
2.0680200154695347,0.17329641609051946,2.7279895289274285,0.0,3.0,204.37875724268866,4.896921413449164,1.2747601516350022,0,LEGITIMATE,LAND_RECORD,AP-VIS-LAND-2380,Survey No. 256/4,Visakhapatnam,Bheemunipatnam
1.765051862309623,0.04292940709409243,4.113183011672972,0.0,1.0,25.364291264584814,3.1698406349995247,1.6879835570984412,0,LEGITIMATE,LAND_RECORD,AP-VIZ-LAND-2381,Survey No. 411/3,Vizianagaram,Vizianagaram Rural
9.213990093331997,1.0,5.694502455174897,3.0,10.0,2.09870281232836,205.09269792166498,93.8703953406199,1,SUSPICIOUS,LAND_RECORD,AP-VIS-LAND-2382,Survey No. 48/4,Visakhapatnam,Anandapuram
1.5092499178742202,0.01,1.6087703404415177,1.0,1.0,621.3456934320182,2.5159314940319675,1.8546605720712148,0,LEGITIMATE,SUPPLY_CHAIN,AP-AGRI-274-BATCH-1383,Cashew Raw Nut,Anakapalli,Mandal 1
1.264125305799201,0.13440160911041704,1.7725892539260406,0.0,2.0,179.1297296096451,9.901616280023298,2.069366097652395,0,LEGITIMATE,LAND_RECORD,AP-ANA-LAND-2384,Survey No. 119/4,Anakapalli,Mandal 2
8.983783807577957,1.0,15.0,3.0,7.0,3.3167240034971215,183.06653022314623,106.65980046057454,1,SUSPICIOUS,LAND_RECORD,AP-VIZ-LAND-2385,Survey No. 333/3,Vizianagaram,Vizianagaram Rural
1.5448932234148773,0.1203431692421516,3.2019719257503567,0.0,2.0,86.64075739845524,19.909038627804645,0.6033971355880045,0,LEGITIMATE,SUPPLY_CHAIN,AP-AGRI-616-BATCH-1386,Mesta Jute,Srikakulam,Laveru
3.0560590382202513,0.1449344112231232,1.2999036179630898,0.0,3.0,40.64860014817178,1.3214631792612321,1.3165939192312295,0,LEGITIMATE,SUPPLY_CHAIN,AP-AGRI-596-BATCH-1387,Teja Red Chilli,Visakhapatnam,Padmanabham
1.131645728008425,0.08176497457661822,2.6289151380115805,1.0,1.0,282.5694512634573,12.206233497010409,0.45710494691612047,0,LEGITIMATE,CERTIFICATE,CUTM-CERT-2026-2388,B.Tech Degree Certificate,Srikakulam,Ranastalam
1.9691618038745866,0.10940795388796598,1.6083328493533295,0.0,2.0,345.022267498795,10.795384051468472,0.4431758497281273,0,LEGITIMATE,SUPPLY_CHAIN,AP-AGRI-357-BATCH-1389,Cashew Raw Nut,Visakhapatnam,Padmanabham
2.1217941685104913,0.20412916414212204,2.8696430881509998,2.0,2.0,70.49033210737716,7.286206668256604,0.9152017755902224,0,LEGITIMATE,SUPPLY_CHAIN,AP-AGRI-910-BATCH-1390,Teja Red Chilli,Visakhapatnam,Pendurthi
0.25006884026989806,0.08869477203074355,3.90939411476917,0.0,1.0,372.4523098987744,6.640119582640271,1.56183766888968,0,LEGITIMATE,LAND_RECORD,AP-KAK-LAND-2391,Survey No. 13/1,Kakinada,Mandal 2
3.2904729784198086,0.11962588233214615,1.9406134172430751,0.0,2.0,131.94707991421228,4.028319652885009,2.3582761761442237,0,LEGITIMATE,LAND_RECORD,AP-SRI-LAND-2392,Survey No. 67/3,Srikakulam,Ponduru
0.6156261455811658,0.27559987879991577,2.5154950257872946,1.0,1.0,208.72869047842542,1.3745711972008872,0.44459363995928824,0,LEGITIMATE,SUPPLY_CHAIN,AP-AGRI-596-BATCH-1393,Cashew Raw Nut,East Godavari,Mandal 2
2.1073606752507033,0.29217462722061793,3.108371394850181,0.0,4.0,191.72398631466032,1.1606045543288364,3.0161546221138016,0,LEGITIMATE,LAND_RECORD,AP-VIZ-LAND-2394,Survey No. 148/4,Vizianagaram,Vizianagaram Rural
3.697521869052828,0.08321190777827984,3.3421985513995067,1.0,1.0,59.35777093394176,11.90993345488426,1.0666396849622444,0,LEGITIMATE,CERTIFICATE,CUTM-CERT-2026-2395,Skill Competency Credential,Vizianagaram,Denkada
0.7624702217900257,0.18123639456431057,2.5440826752006256,0.0,2.0,86.27160692906922,3.0949222375518133,0.6459467893765359,0,LEGITIMATE,CERTIFICATE,CUTM-CERT-2026-2396,Land Title Deed (Pattadar),Vizianagaram,Vizianagaram Rural
1.5313393520045784,0.1144878690864995,2.5883499236134453,0.0,2.0,81.34806912328459,31.192829920499733,1.6594796740198148,0,LEGITIMATE,LAND_RECORD,AP-VIZ-LAND-2397,Survey No. 421/3,Vizianagaram,Bhogapuram
1.2794882398312053,0.22716405457914668,3.5337145508672463,1.0,2.0,116.58477100647325,4.489281469979472,0.8587379761305213,0,LEGITIMATE,SUPPLY_CHAIN,AP-AGRI-165-BATCH-1398,Banganapalle Mango,Srikakulam,Ponduru
1.101503611729182,0.01,2.7699704439732207,2.0,4.0,265.56495375008376,18.746235920190163,0.7920409492975456,0,LEGITIMATE,LAND_RECORD,AP-VIS-LAND-2399,Survey No. 430/1,Visakhapatnam,Bheemunipatnam
1.8196155309181137,0.05010059114338307,1.117338289031919,0.0,1.0,453.3246678633705,10.710239872615144,0.9651100905619596,0,LEGITIMATE,LAND_RECORD,AP-VIZ-LAND-2400,Survey No. 433/1,Vizianagaram,Cheepurupalli
2.6228546035561457,0.2123063773696825,1.3209153036974552,0.0,3.0,80.39786085761209,8.862490339675256,1.553363846654252,0,LEGITIMATE,LAND_RECORD,AP-SRI-LAND-2401,Survey No. 198/4,Srikakulam,Laveru
0.6200818778306343,0.25328232441473086,1.4637335678259566,0.0,4.0,196.4775351777323,13.190776300411425,0.4898960927684629,0,LEGITIMATE,SUPPLY_CHAIN,AP-AGRI-602-BATCH-1402,Banganapalle Mango,Visakhapatnam,Pendurthi
1.7082393445185915,0.11975685666148186,2.0362036889149975,0.0,1.0,40.52763935246924,7.140210781690633,1.826705799082164,0,LEGITIMATE,CERTIFICATE,CUTM-CERT-2026-2403,Organic Farming Certification,Anakapalli,Mandal 1
1.2949093765200068,0.13113326049486548,2.8403908643906735,0.0,2.0,182.72114890819626,43.456900354488305,0.8451890576202858,0,LEGITIMATE,LAND_RECORD,AP-EAS-LAND-2404,Survey No. 242/2,East Godavari,Mandal 1
1.7516034456917025,0.16720785086552287,4.855807760495527,0.0,3.0,228.6569998289557,2.3607880281476583,1.4704631925732639,0,LEGITIMATE,SUPPLY_CHAIN,AP-AGRI-124-BATCH-1405,Banganapalle Mango,Vizianagaram,Denkada
0.972964652449826,0.11653852877089524,1.780973672857504,0.0,5.0,358.42224062362453,12.608619498975546,2.93787748197089,0,LEGITIMATE,LAND_RECORD,AP-KAK-LAND-2406,Survey No. 408/3,Kakinada,Mandal 1
1.7458506741254023,0.21159167850198116,1.4791915294419324,0.0,2.0,392.74867070140095,22.127738211782606,2.4906173034310797,0,LEGITIMATE,LAND_RECORD,AP-ANA-LAND-2407,Survey No. 173/1,Anakapalli,Mandal 1
5.849580262830097,0.6236193027719573,8.662797254608881,4.0,4.0,1.4019718112419,323.13031918184794,104.19212806944088,1,SUSPICIOUS,SUPPLY_CHAIN,AP-AGRI-120-BATCH-1408,Mesta Jute,Kakinada,Mandal 2
2.5790761241621847,0.1143144497232933,2.951962864177439,0.0,2.0,19.375815250746825,5.754643069386975,0.772199378086641,0,LEGITIMATE,SUPPLY_CHAIN,AP-AGRI-330-BATCH-1409,Banganapalle Mango,East Godavari,Mandal 1
2.703394633624822,0.16794315195335396,2.17938125582828,1.0,1.0,105.97854211122923,60.0,1.481358214332532,0,LEGITIMATE,SUPPLY_CHAIN,AP-AGRI-379-BATCH-1410,Mesta Jute,Visakhapatnam,Pendurthi
2.7826749744465897,0.06202733233245268,2.2395095247157584,0.0,3.0,278.1899107544149,12.422410062339585,0.266952507388732,0,LEGITIMATE,CERTIFICATE,CUTM-CERT-2026-2411,Skill Competency Credential,Vizianagaram,Cheepurupalli
2.3570446068209634,0.17435484182510524,2.9549606365115624,0.0,2.0,323.88238182537407,5.603233219680963,0.8734024732085071,0,LEGITIMATE,LAND_RECORD,AP-KAK-LAND-2412,Survey No. 164/2,Kakinada,Mandal 2
1.6229829875775181,0.22966869794978886,3.4321905449635257,1.0,2.0,244.12546772899907,5.189381453585231,0.16281636922362153,0,LEGITIMATE,SUPPLY_CHAIN,AP-AGRI-705-BATCH-1413,Banganapalle Mango,Vizianagaram,Denkada
0.6223714627462813,0.23135816385902847,4.048750660127122,0.0,1.0,259.7171930062104,14.35501855747122,0.1,0,LEGITIMATE,LAND_RECORD,AP-VIS-LAND-2414,Survey No. 314/3,Visakhapatnam,Anandapuram
0.1,0.2352548139776038,1.3377721264434161,0.0,2.0,149.28200832340406,20.29445512748175,1.8786971234529477,0,LEGITIMATE,CERTIFICATE,CUTM-CERT-2026-2415,Land Title Deed (Pattadar),Vizianagaram,Bhogapuram
0.8082105351821882,0.01,1.7573023789379172,1.0,4.0,32.39164595166578,10.985538665048603,1.4410482325711054,0,LEGITIMATE,LAND_RECORD,AP-VIS-LAND-2416,Survey No. 365/2,Visakhapatnam,Anandapuram
2.5414566172274244,0.01,0.9804977258441268,0.0,3.0,18.324308802856525,14.852704151376873,1.960216310668993,0,LEGITIMATE,LAND_RECORD,AP-VIZ-LAND-2417,Survey No. 53/1,Vizianagaram,Cheepurupalli
1.9630146140960179,0.19664865085261946,1.7360938027197894,0.0,1.0,311.53667266179093,25.97928135066594,0.1,0,LEGITIMATE,SUPPLY_CHAIN,AP-AGRI-688-BATCH-1418,Banganapalle Mango,Visakhapatnam,Pendurthi
9.799052327338275,0.7212168628841374,13.605902784807222,5.0,4.0,2.9017867921337137,440.6809929415733,80.28703524411563,1,SUSPICIOUS,LAND_RECORD,AP-VIZ-LAND-2419,Survey No. 13/4,Vizianagaram,Cheepurupalli
1.8059539387062076,0.14131706938518745,1.4165987208825914,0.0,1.0,135.95905031495536,8.684182602521654,1.7403443770214206,0,LEGITIMATE,SUPPLY_CHAIN,AP-AGRI-411-BATCH-1420,Mesta Jute,Srikakulam,Etcherla
1.8489437066963776,0.21617382396969775,2.6330006389291576,1.0,2.0,42.543080434457465,15.643410443207863,0.4627331010637644,0,LEGITIMATE,CERTIFICATE,CUTM-CERT-2026-2421,Land Title Deed (Pattadar),Vizianagaram,Bhogapuram
1.8423279136821578,0.04429087426837845,1.6087193684893601,0.0,3.0,572.0900025941723,8.671454192924287,0.1,0,LEGITIMATE,LAND_RECORD,AP-SRI-LAND-2422,Survey No. 436/1,Srikakulam,Laveru
7.1014154384282335,0.5451120263632645,15.0,7.0,5.0,2.195862855781764,330.99946912264227,107.8302554124733,1,SUSPICIOUS,SUPPLY_CHAIN,AP-AGRI-117-BATCH-1423,Mesta Jute,Kakinada,Mandal 1
1.0163248873106316,0.2957644177074274,1.3653036859402046,0.0,1.0,27.69146673768438,23.881795185980035,0.41043207509855184,0,LEGITIMATE,CERTIFICATE,CUTM-CERT-2026-2424,Skill Competency Credential,Srikakulam,Ponduru
10.84780941376446,0.7284999146916632,15.0,5.0,9.0,2.557230061718528,398.97154491360857,62.69838942887192,1,SUSPICIOUS,SUPPLY_CHAIN,AP-AGRI-403-BATCH-1425,Banganapalle Mango,Kakinada,Mandal 2
9.120792098888996,0.9350207783822054,4.037728442129592,4.0,7.0,1.321315302658586,333.9247872900763,98.72085863069435,1,SUSPICIOUS,LAND_RECORD,AP-EAS-LAND-2426,Survey No. 210/3,East Godavari,Mandal 1
12.321895423440704,0.7769240040611605,12.867878599380791,6.0,4.0,4.567907364378025,164.48793173047912,36.06385915839821,1,SUSPICIOUS,CERTIFICATE,CUTM-CERT-2026-2427,Organic Farming Certification,Srikakulam,Laveru
9.578500494200048,0.5,5.9565252762702015,3.0,5.0,5.262120201311373,288.9780652336985,139.26902706296005,1,SUSPICIOUS,SUPPLY_CHAIN,AP-AGRI-456-BATCH-1428,Cashew Raw Nut,Vizianagaram,Denkada
2.377098943669486,0.14658535230180186,1.7748049510784545,1.0,3.0,236.76896408671578,14.85613901947778,1.6388328890825918,0,LEGITIMATE,SUPPLY_CHAIN,AP-AGRI-476-BATCH-1429,Teja Red Chilli,East Godavari,Mandal 2
8.105252455758563,0.9218009145801158,11.88318396390214,3.0,5.0,0.9354697993389358,305.7138619008554,137.89609254978237,1,SUSPICIOUS,SUPPLY_CHAIN,AP-AGRI-179-BATCH-1430,Mesta Jute,Anakapalli,Mandal 1
3.1560618137006617,0.013261911687187544,5.0,0.0,1.0,123.71489289476784,5.101210761353306,1.0079487476812758,0,LEGITIMATE,LAND_RECORD,AP-KAK-LAND-2431,Survey No. 84/4,Kakinada,Mandal 1
1.6283055078405233,0.16722421039532095,3.0393556421305212,1.0,2.0,94.83840876297018,1.8384733382291012,0.1,0,LEGITIMATE,CERTIFICATE,CUTM-CERT-2026-2432,Skill Competency Credential,Visakhapatnam,Bheemunipatnam
1.6675289613445161,0.14240277515258626,1.1147508364253724,0.0,1.0,215.82544375074667,9.845960221841954,2.2764898291314064,0,LEGITIMATE,LAND_RECORD,AP-VIZ-LAND-2433,Survey No. 201/4,Vizianagaram,Bhogapuram
2.8331643336374563,0.0601634360714296,4.261722687502908,1.0,4.0,151.21777849019747,0.5720325660259946,1.1446613364427278,0,LEGITIMATE,CERTIFICATE,CUTM-CERT-2026-2434,Land Title Deed (Pattadar),Visakhapatnam,Anandapuram
1.8214420448160922,0.19414870172250334,1.6657574704868001,0.0,4.0,56.423278670084585,10.38347942192839,0.4604753625105745,0,LEGITIMATE,CERTIFICATE,CUTM-CERT-2026-2435,Organic Farming Certification,Kakinada,Mandal 1
1.326787886023042,0.24903069503349845,1.9528491258734904,0.0,5.0,482.6647176589403,16.801456532957523,1.5918135405113027,0,LEGITIMATE,CERTIFICATE,CUTM-CERT-2026-2436,Land Title Deed (Pattadar),East Godavari,Mandal 2
8.99898350690048,0.7460059872066896,2.1692085438763655,7.0,4.0,0.1773080920160541,333.53632445962324,97.31431904735682,1,SUSPICIOUS,LAND_RECORD,AP-ANA-LAND-2437,Survey No. 250/4,Anakapalli,Mandal 1
2.785237302919602,0.23570436311436926,5.0,0.0,2.0,25.09369751024894,9.231759522888547,0.986705742823706,0,LEGITIMATE,LAND_RECORD,AP-VIZ-LAND-2438,Survey No. 218/3,Vizianagaram,Vizianagaram Rural
0.9443379812220679,0.18573292122231227,2.564390216169391,0.0,1.0,60.050379538117795,44.75069465478475,0.9634195568100533,0,LEGITIMATE,LAND_RECORD,AP-VIS-LAND-2439,Survey No. 20/1,Visakhapatnam,Padmanabham
1.6236158352551804,0.18125800208711168,3.1872992988869298,0.0,2.0,488.6909068717345,16.468536114768824,0.6475994700699502,0,LEGITIMATE,LAND_RECORD,AP-SRI-LAND-2440,Survey No. 288/3,Srikakulam,Etcherla
2.2430005402251147,0.24126502314891046,4.23775240329072,0.0,1.0,86.91915890916381,6.376537105463976,1.3977713420959772,0,LEGITIMATE,LAND_RECORD,AP-ANA-LAND-2441,Survey No. 314/3,Anakapalli,Mandal 2
1.7326747441536674,0.01,1.6115584606365856,0.0,2.0,210.3413717356739,60.0,2.4889551483489774,0,LEGITIMATE,SUPPLY_CHAIN,AP-AGRI-717-BATCH-1442,Banganapalle Mango,Anakapalli,Mandal 1
2.229869423978837,0.2275843589913396,3.829769817385092,0.0,1.0,445.72178756206074,27.100905049234516,1.437243889038452,0,LEGITIMATE,LAND_RECORD,AP-VIZ-LAND-2443,Survey No. 88/1,Vizianagaram,Cheepurupalli
2.73533027000852,0.04775293098305572,2.6021975241384103,0.0,3.0,109.0408321811965,7.455734273554771,0.27219502783112326,0,LEGITIMATE,CERTIFICATE,CUTM-CERT-2026-2444,Organic Farming Certification,Visakhapatnam,Pendurthi
0.16646871610618685,0.1897074427472585,1.910884203109995,1.0,3.0,24.779771112383283,7.739876319405986,0.27296670335429263,0,LEGITIMATE,LAND_RECORD,AP-KAK-LAND-2445,Survey No. 286/4,Kakinada,Mandal 1
0.1,0.34141413784145935,2.885076739188523,1.0,1.0,139.11796850524976,15.817386290541132,1.5007732862601049,0,LEGITIMATE,LAND_RECORD,AP-SRI-LAND-2446,Survey No. 391/1,Srikakulam,Ranastalam
1.5655804790099577,0.08779152578013863,1.0982077015243281,1.0,4.0,277.91913719429755,10.836525593592139,0.1420091822792544,0,LEGITIMATE,SUPPLY_CHAIN,AP-AGRI-748-BATCH-1447,Mesta Jute,East Godavari,Mandal 1
5.994417159956894,0.6496813199779278,2.580779744024976,8.0,7.0,7.07762412375268,368.91575029457414,87.56686792890949,1,SUSPICIOUS,LAND_RECORD,AP-KAK-LAND-2448,Survey No. 226/1,Kakinada,Mandal 2
1.63169396205076,0.10729632482726331,1.5305934917822368,0.0,3.0,98.53974207771417,26.864215082399312,1.1816338292410817,0,LEGITIMATE,SUPPLY_CHAIN,AP-AGRI-998-BATCH-1449,Cashew Raw Nut,Vizianagaram,Cheepurupalli
0.9041113296519858,0.20295580715444134,2.1232320247225043,1.0,1.0,296.2276993250697,34.68029858346305,1.5964706045063337,0,LEGITIMATE,SUPPLY_CHAIN,AP-AGRI-545-BATCH-1450,Banganapalle Mango,Vizianagaram,Cheepurupalli
1.4952147689392263,0.2047230330493905,3.717661472008649,0.0,1.0,168.3497073275862,42.22765795542804,1.6100469547797354,0,LEGITIMATE,SUPPLY_CHAIN,AP-AGRI-797-BATCH-1451,Cashew Raw Nut,Srikakulam,Ponduru
2.1892526916762054,0.14928529056864234,1.454973832817479,1.0,2.0,88.76706618461014,5.975202671450351,0.5616941771532554,0,LEGITIMATE,SUPPLY_CHAIN,AP-AGRI-664-BATCH-1452,Mesta Jute,Kakinada,Mandal 2
0.1,0.1228315979514745,3.306034602904764,1.0,1.0,177.3513532741177,4.570219340929129,2.1009699090781453,0,LEGITIMATE,CERTIFICATE,CUTM-CERT-2026-2453,B.Tech Degree Certificate,Vizianagaram,Vizianagaram Rural
0.3409184915080681,0.20501537480942256,1.7420697114880708,0.0,2.0,115.36211458717491,21.077166904549962,1.3746985062029138,0,LEGITIMATE,CERTIFICATE,CUTM-CERT-2026-2454,B.Tech Degree Certificate,Kakinada,Mandal 1
2.253875807867099,0.2125702591275792,0.9011182584886644,0.0,1.0,49.934447943816956,33.418321106645685,1.704689211344634,0,LEGITIMATE,LAND_RECORD,AP-EAS-LAND-2455,Survey No. 66/4,East Godavari,Mandal 1
0.7059809582621055,0.08902432551702008,1.862080222023593,0.0,3.0,372.23685532387805,0.6653071599832673,2.2821312757243355,0,LEGITIMATE,LAND_RECORD,AP-EAS-LAND-2456,Survey No. 59/3,East Godavari,Mandal 2
1.9628733479482927,0.20314829393919448,2.7821680855091455,0.0,1.0,308.63365383389794,6.608680343616,1.4189078920928224,0,LEGITIMATE,CERTIFICATE,CUTM-CERT-2026-2457,Land Title Deed (Pattadar),East Godavari,Mandal 2
1.8163487212801888,0.17543989555312378,4.307919191469645,0.0,2.0,119.42329013717941,51.83582354239462,1.311736065821137,0,LEGITIMATE,LAND_RECORD,AP-EAS-LAND-2458,Survey No. 81/3,East Godavari,Mandal 2
1.8407920316548125,0.23220648564430574,1.5170077005302498,0.0,3.0,20.43433764288877,0.9377348740945792,0.2601038907407778,0,LEGITIMATE,SUPPLY_CHAIN,AP-AGRI-577-BATCH-1459,Cashew Raw Nut,Anakapalli,Mandal 2
1.800937892728141,0.14511861191772735,2.6640719203765024,0.0,1.0,631.491081599785,7.659308295008096,1.2360864009707173,0,LEGITIMATE,SUPPLY_CHAIN,AP-AGRI-535-BATCH-1460,Teja Red Chilli,Anakapalli,Mandal 1
0.6877717050748926,0.04133892841129684,1.311501418537235,0.0,1.0,19.90936692084038,9.205856938069285,1.874737230608191,0,LEGITIMATE,LAND_RECORD,AP-EAS-LAND-2461,Survey No. 151/1,East Godavari,Mandal 2
1.7906089491526338,0.2281332295982504,1.132131384359987,0.0,1.0,106.14355668870277,31.88902031952505,2.3631300030299665,0,LEGITIMATE,LAND_RECORD,AP-VIS-LAND-2462,Survey No. 433/3,Visakhapatnam,Anandapuram
6.835787266036695,0.8440002857404926,7.326957710061223,4.0,5.0,3.008040644637278,261.26407536146473,26.924117395002185,1,SUSPICIOUS,SUPPLY_CHAIN,AP-AGRI-431-BATCH-1463,Teja Red Chilli,Srikakulam,Ponduru
2.32531583706452,0.16131355786724352,1.558114535447412,0.0,2.0,10.0,0.5714871669839646,2.017584155462264,0,LEGITIMATE,LAND_RECORD,AP-ANA-LAND-2464,Survey No. 432/3,Anakapalli,Mandal 1
3.2671991251578074,0.2190470014436284,3.5554601695678305,0.0,2.0,441.2621272086604,8.190666155164505,2.3099433313380815,0,LEGITIMATE,LAND_RECORD,AP-EAS-LAND-2465,Survey No. 133/2,East Godavari,Mandal 1
1.4293551036553382,0.11302983398620435,1.9112569146581393,0.0,2.0,46.45523930934542,31.010288067680705,1.0059915307692473,0,LEGITIMATE,CERTIFICATE,CUTM-CERT-2026-2466,B.Tech Degree Certificate,Kakinada,Mandal 2
1.5493883183478996,0.16545452638505587,1.9583228788312392,0.0,1.0,454.31740719419065,9.385383881463861,3.0416480587440615,0,LEGITIMATE,CERTIFICATE,CUTM-CERT-2026-2467,Skill Competency Credential,Vizianagaram,Denkada
2.6314075652833555,0.19569392530328378,5.0,0.0,1.0,18.001619880343593,12.919790105891124,1.4672901063868302,0,LEGITIMATE,SUPPLY_CHAIN,AP-AGRI-570-BATCH-1468,Banganapalle Mango,Kakinada,Mandal 1
0.8170116313364758,0.01,1.9315608625664777,0.0,1.0,41.83183419749964,7.165935412240146,2.775720969290778,0,LEGITIMATE,LAND_RECORD,AP-EAS-LAND-2469,Survey No. 88/1,East Godavari,Mandal 1
2.481564457940863,0.1958689976138356,2.509819095559605,0.0,4.0,147.81071326942043,14.858866517345705,0.15810275754751935,0,LEGITIMATE,LAND_RECORD,AP-VIS-LAND-2470,Survey No. 281/4,Visakhapatnam,Anandapuram
10.231299602148416,0.7196231196985774,2.265513869628987,3.0,10.0,1.1105102672380205,254.21823859345642,20.0,1,SUSPICIOUS,CERTIFICATE,CUTM-CERT-2026-2471,Skill Competency Credential,East Godavari,Mandal 1
0.6890311894412309,0.0845201918071692,2.6374071954597857,0.0,1.0,14.601036953485984,4.185849859233648,0.3496265660896941,0,LEGITIMATE,LAND_RECORD,AP-EAS-LAND-2472,Survey No. 303/2,East Godavari,Mandal 1
1.5826612166628395,0.11067673390742674,1.549160367706914,0.0,2.0,172.83671005069417,3.451316350160358,0.6647711201254265,0,LEGITIMATE,CERTIFICATE,CUTM-CERT-2026-2473,Skill Competency Credential,Visakhapatnam,Bheemunipatnam
7.194165814431571,0.6538262772285213,15.0,5.0,4.0,0.9922327836203828,287.5901923691431,98.04716588746058,1,SUSPICIOUS,SUPPLY_CHAIN,AP-AGRI-593-BATCH-1474,Teja Red Chilli,Vizianagaram,Vizianagaram Rural
1.8816800663985098,0.2036982409290959,3.8690273540544404,0.0,3.0,20.528553954060662,4.4649212011800135,1.4535715211877642,0,LEGITIMATE,LAND_RECORD,AP-ANA-LAND-2475,Survey No. 42/2,Anakapalli,Mandal 2
1.4069618812519815,0.16947191331204314,2.6622625008735765,1.0,2.0,374.82832924386616,26.22245606632508,2.623248166285106,0,LEGITIMATE,SUPPLY_CHAIN,AP-AGRI-624-BATCH-1476,Banganapalle Mango,Anakapalli,Mandal 1
2.4927087542163973,0.19654803514456629,2.794488876460877,2.0,2.0,48.67039593847701,16.585988378109878,1.009072575215402,0,LEGITIMATE,CERTIFICATE,CUTM-CERT-2026-2477,Organic Farming Certification,Srikakulam,Laveru
2.3892740468230436,0.12907504791468785,2.9242692353909407,0.0,1.0,22.516341401651463,31.624261568140327,0.3587496043692491,0,LEGITIMATE,CERTIFICATE,CUTM-CERT-2026-2478,Land Title Deed (Pattadar),Vizianagaram,Bhogapuram
1.3839197534608854,0.08526992120471681,2.155715889092553,0.0,2.0,12.767963517505086,43.034906578322556,1.8903492847881052,0,LEGITIMATE,SUPPLY_CHAIN,AP-AGRI-167-BATCH-1479,Cashew Raw Nut,Vizianagaram,Denkada
1.525572142890488,0.1585958962157853,1.5973168921022578,0.0,3.0,30.041836020706196,19.40299116797387,3.130462989415895,0,LEGITIMATE,LAND_RECORD,AP-VIS-LAND-2480,Survey No. 41/2,Visakhapatnam,Bheemunipatnam
2.5875307451956178,0.20508893607831102,2.435537984518592,1.0,4.0,15.014330804080215,0.5,1.0581596113316132,0,LEGITIMATE,SUPPLY_CHAIN,AP-AGRI-905-BATCH-1481,Teja Red Chilli,Visakhapatnam,Anandapuram
1.9297279545907675,0.0526717027768476,1.214151088510764,0.0,2.0,47.363207473672624,10.11255448306476,2.0900254802899676,0,LEGITIMATE,SUPPLY_CHAIN,AP-AGRI-200-BATCH-1482,Mesta Jute,Kakinada,Mandal 1
2.02358018465386,0.01,2.685495215632405,0.0,2.0,136.9435986469168,2.456065361328432,1.8615223190979255,0,LEGITIMATE,SUPPLY_CHAIN,AP-AGRI-371-BATCH-1483,Cashew Raw Nut,Vizianagaram,Vizianagaram Rural
0.8076210808883013,0.07881677389622418,1.1870938321269227,1.0,1.0,451.50545840350304,2.8475429994041734,1.9086481116603093,0,LEGITIMATE,LAND_RECORD,AP-KAK-LAND-2484,Survey No. 123/3,Kakinada,Mandal 2
1.52332909849757,0.13927782233525074,0.9221935821629964,0.0,2.0,94.98987102990763,10.084878636775679,0.8002750415320352,0,LEGITIMATE,CERTIFICATE,CUTM-CERT-2026-2485,Organic Farming Certification,East Godavari,Mandal 2
12.507262232105749,0.6183518497631173,7.157887798598437,4.0,10.0,9.382523720693785,352.82533778005717,122.92395718805975,1,SUSPICIOUS,SUPPLY_CHAIN,AP-AGRI-888-BATCH-1486,Mesta Jute,East Godavari,Mandal 2
1.7673889107624625,0.18754885276966193,2.02981272264123,0.0,1.0,25.948590997901306,0.8190743763343248,0.9255931047869754,0,LEGITIMATE,LAND_RECORD,AP-VIS-LAND-2487,Survey No. 90/3,Visakhapatnam,Bheemunipatnam
1.7231860728588715,0.26193091053568696,1.2448933818733532,1.0,3.0,91.82556695615203,9.70035522081558,1.4601981594121516,0,LEGITIMATE,LAND_RECORD,AP-EAS-LAND-2488,Survey No. 323/1,East Godavari,Mandal 1
1.5650748423169478,0.1511257666298804,5.0,0.0,4.0,24.705288733834674,3.688069754630585,1.099498824439464,0,LEGITIMATE,LAND_RECORD,AP-EAS-LAND-2489,Survey No. 228/2,East Godavari,Mandal 2
1.6979326793378289,0.12300561967150603,1.4161691111595338,0.0,1.0,103.14025813313872,2.9001448499108684,1.1082950868406132,0,LEGITIMATE,LAND_RECORD,AP-EAS-LAND-2490,Survey No. 63/3,East Godavari,Mandal 1
2.1012109512702875,0.11252594416804337,1.809765680532208,0.0,2.0,34.028171212181526,4.163579927466528,1.2839704391614892,0,LEGITIMATE,LAND_RECORD,AP-ANA-LAND-2491,Survey No. 228/2,Anakapalli,Mandal 2
1.198555786997101,0.24280742773148406,1.2983988103520931,0.0,3.0,341.7817218852132,10.232730796994895,0.5734975239541817,0,LEGITIMATE,SUPPLY_CHAIN,AP-AGRI-273-BATCH-1492,Mesta Jute,Vizianagaram,Cheepurupalli
2.50890107247388,0.18880750947976901,1.009064577975235,0.0,3.0,88.76813564339862,58.069626550689975,1.1644751613686546,0,LEGITIMATE,LAND_RECORD,AP-VIZ-LAND-2493,Survey No. 36/2,Vizianagaram,Gantyada
2.065496024055614,0.18875627513987375,5.0,0.0,4.0,10.0,3.6510281750680034,2.3729740592177335,0,LEGITIMATE,LAND_RECORD,AP-EAS-LAND-2494,Survey No. 434/3,East Godavari,Mandal 1
9.41711940456519,0.7776254236528672,8.372259461483639,4.0,5.0,9.638827600749892,484.0392345578168,114.64129573398282,1,SUSPICIOUS,LAND_RECORD,AP-EAS-LAND-2495,Survey No. 445/3,East Godavari,Mandal 2
1.5376109759716734,0.01,2.5152900926733626,0.0,1.0,63.23330227567382,8.84829518899706,0.988458238748699,0,LEGITIMATE,LAND_RECORD,AP-KAK-LAND-2496,Survey No. 420/1,Kakinada,Mandal 1
0.6784183212587525,0.057706006688019146,1.3873170804855472,0.0,1.0,100.37985338645736,7.662191231387759,1.4079672033202923,0,LEGITIMATE,LAND_RECORD,AP-VIS-LAND-2497,Survey No. 123/1,Visakhapatnam,Padmanabham
2.505257539690591,0.18372934639278637,4.820840256236422,0.0,2.0,107.26255438554311,4.0571974430227655,1.4190393052360304,0,LEGITIMATE,LAND_RECORD,AP-EAS-LAND-2498,Survey No. 220/2,East Godavari,Mandal 2
3.839703726205131,0.07794462530298586,1.4812924874595614,0.0,4.0,213.89227330710364,1.1350427716658351,0.12408024287960617,0,LEGITIMATE,SUPPLY_CHAIN,AP-AGRI-605-BATCH-1499,Banganapalle Mango,Kakinada,Mandal 1
9.354902880152615,0.7968492885532317,1.5408005960865918,4.0,12.0,3.124884344426363,443.3385889504458,97.51749651497161,1,SUSPICIOUS,LAND_RECORD,AP-VIS-LAND-2500,Survey No. 135/2,Visakhapatnam,Bheemunipatnam
2.2800243246922633,0.09943313417528712,3.62309576960859,1.0,2.0,60.4249288287923,9.067787729996182,1.1712777987226588,0,LEGITIMATE,SUPPLY_CHAIN,AP-AGRI-578-BATCH-1501,Teja Red Chilli,Kakinada,Mandal 2
2.806443857941524,0.29258350341637696,2.919048543069465,0.0,3.0,593.4872079111381,1.2475504787958975,0.8323952148150223,0,LEGITIMATE,LAND_RECORD,AP-SRI-LAND-2502,Survey No. 281/1,Srikakulam,Ranastalam
2.751454420206928,0.11534138747015829,3.0147795729845894,0.0,1.0,176.85676954568825,15.756732207651723,1.4134644826317915,0,LEGITIMATE,LAND_RECORD,AP-SRI-LAND-2503,Survey No. 219/4,Srikakulam,Ponduru
2.109781936942837,0.01,2.795486328836368,1.0,2.0,10.0,19.20321877907336,0.1,0,LEGITIMATE,LAND_RECORD,AP-KAK-LAND-2504,Survey No. 211/2,Kakinada,Mandal 1
1.6686303063500836,0.15819778936825254,2.147580729394093,0.0,1.0,224.69069100463236,16.27413513897665,0.6856854810724754,0,LEGITIMATE,LAND_RECORD,AP-EAS-LAND-2505,Survey No. 223/3,East Godavari,Mandal 1
1.770194965268889,0.1360660350223041,1.0988139520718287,0.0,4.0,182.50953217410571,3.423201237762576,1.0410824657409983,0,LEGITIMATE,SUPPLY_CHAIN,AP-AGRI-862-BATCH-1506,Banganapalle Mango,East Godavari,Mandal 2
2.1113087727366633,0.21975803997752058,2.4745457666862776,0.0,3.0,62.87384094159352,54.55846783308579,1.0027049014366294,0,LEGITIMATE,SUPPLY_CHAIN,AP-AGRI-786-BATCH-1507,Cashew Raw Nut,East Godavari,Mandal 1
2.1592398677540268,0.08496207802878554,2.1535084287118673,0.0,1.0,257.43687811135095,27.706259438217852,2.3398764966518324,0,LEGITIMATE,SUPPLY_CHAIN,AP-AGRI-578-BATCH-1508,Banganapalle Mango,Anakapalli,Mandal 1
2.0215459831713156,0.125464216973925,2.8960537112455347,0.0,2.0,73.16184135598029,19.050188220016313,0.899016310905213,0,LEGITIMATE,LAND_RECORD,AP-ANA-LAND-2509,Survey No. 98/2,Anakapalli,Mandal 1
10.191219895465338,0.6784533037218482,14.494742909800289,4.0,9.0,2.816556852303466,233.16495292452925,101.64867579517639,1,SUSPICIOUS,LAND_RECORD,AP-VIS-LAND-2510,Survey No. 25/2,Visakhapatnam,Bheemunipatnam
1.2923417548249727,0.06323115020510094,2.355340419938482,0.0,1.0,10.0,6.9021324329327935,1.2276441021712872,0,LEGITIMATE,CERTIFICATE,CUTM-CERT-2026-2511,B.Tech Degree Certificate,Kakinada,Mandal 2
1.1079609953957759,0.21745394480181351,0.9329462111843091,0.0,4.0,89.43642250072737,7.144566215987983,0.5681349344546751,0,LEGITIMATE,LAND_RECORD,AP-SRI-LAND-2512,Survey No. 112/1,Srikakulam,Laveru
10.121344336802455,0.9596128157068413,8.158568801016859,4.0,12.0,1.0423586362279047,276.2716154323315,84.66538649022003,1,SUSPICIOUS,LAND_RECORD,AP-VIS-LAND-2513,Survey No. 116/3,Visakhapatnam,Bheemunipatnam
2.1916782594313164,0.04196628655556915,1.5696829425858845,0.0,2.0,10.0,19.60300083622777,1.6729659961094399,0,LEGITIMATE,LAND_RECORD,AP-KAK-LAND-2514,Survey No. 306/2,Kakinada,Mandal 2
2.1152220946306692,0.02674124029887344,1.3124262240647446,0.0,3.0,16.623215463093125,17.202659290212896,3.1045676218830094,0,LEGITIMATE,CERTIFICATE,CUTM-CERT-2026-2515,Skill Competency Credential,East Godavari,Mandal 2
2.3766271923133275,0.08104141157493,1.1814019956740522,0.0,5.0,22.17232463624208,0.7533681168346789,1.538055052945987,0,LEGITIMATE,CERTIFICATE,CUTM-CERT-2026-2516,Skill Competency Credential,Vizianagaram,Bhogapuram
2.2889964417600535,0.08347817818668989,2.1845712991447623,0.0,1.0,170.67833884034098,5.255207260449002,2.219821553371995,0,LEGITIMATE,LAND_RECORD,AP-KAK-LAND-2517,Survey No. 249/2,Kakinada,Mandal 1
1.6573526972128168,0.01975662288390309,1.268620057612785,0.0,1.0,195.91168974585358,3.8737473508874127,0.8764810809719079,0,LEGITIMATE,LAND_RECORD,AP-SRI-LAND-2518,Survey No. 242/1,Srikakulam,Etcherla
4.0,0.8021499584321591,4.796784508373216,3.0,7.0,7.94488633453488,189.91749273669308,94.42505539985494,1,SUSPICIOUS,SUPPLY_CHAIN,AP-AGRI-927-BATCH-1519,Cashew Raw Nut,East Godavari,Mandal 2
1.4112709468266889,0.13110959265776115,2.6048449487351113,0.0,5.0,268.85298919233,11.71497538174003,0.41148213006136725,0,LEGITIMATE,LAND_RECORD,AP-EAS-LAND-2520,Survey No. 12/4,East Godavari,Mandal 1
2.562452247697555,0.15501586425893712,2.1567374465728077,0.0,2.0,101.54691111472697,30.206973903022945,0.24758274612289677,0,LEGITIMATE,LAND_RECORD,AP-ANA-LAND-2521,Survey No. 137/2,Anakapalli,Mandal 2
1.6525169899457903,0.23879757144845598,1.4854009934516916,0.0,1.0,703.331161607046,26.19375965647689,1.4004882209261849,0,LEGITIMATE,LAND_RECORD,AP-KAK-LAND-2522,Survey No. 43/2,Kakinada,Mandal 1
2.039088885658357,0.16962968071962656,2.530323726068161,0.0,2.0,245.6266571146278,3.3063874527214523,0.6665625943029141,0,LEGITIMATE,LAND_RECORD,AP-SRI-LAND-2523,Survey No. 161/2,Srikakulam,Ponduru
0.7039686494736401,0.0761216176053357,2.7135111095913973,1.0,4.0,25.07027108054053,7.589098186409506,1.5739368538827456,0,LEGITIMATE,LAND_RECORD,AP-ANA-LAND-2524,Survey No. 266/1,Anakapalli,Mandal 1
1.9743252856148594,0.24131846144825742,1.3270314169443886,0.0,2.0,126.06210434501351,7.873616547109003,1.840857193653856,0,LEGITIMATE,SUPPLY_CHAIN,AP-AGRI-373-BATCH-1525,Mesta Jute,East Godavari,Mandal 1
1.5918736461116552,0.22836682729247784,5.0,1.0,1.0,133.35638973748596,60.0,1.5068495527342596,0,LEGITIMATE,SUPPLY_CHAIN,AP-AGRI-749-BATCH-1526,Teja Red Chilli,Srikakulam,Laveru
2.016734057336417,0.24121675831493883,2.9703101378825827,1.0,2.0,466.9994275409339,0.9431174677222589,1.4285635573849573,0,LEGITIMATE,SUPPLY_CHAIN,AP-AGRI-642-BATCH-1527,Mesta Jute,East Godavari,Mandal 1
2.5896132001445116,0.12754132793194306,3.210156799781032,0.0,1.0,450.8566222796296,2.563690047875917,1.3999115154234065,0,LEGITIMATE,LAND_RECORD,AP-KAK-LAND-2528,Survey No. 447/2,Kakinada,Mandal 1
0.888143518215875,0.12759450984952997,1.5025467261311831,0.0,1.0,289.2361402086585,15.10326716261489,2.3689491019773463,0,LEGITIMATE,LAND_RECORD,AP-KAK-LAND-2529,Survey No. 171/4,Kakinada,Mandal 2
4.0,0.9960714831613277,10.661779743967058,3.0,8.0,3.278042433552286,309.9861914796767,116.63798817501619,1,SUSPICIOUS,CERTIFICATE,CUTM-CERT-2026-2530,Organic Farming Certification,Visakhapatnam,Padmanabham
1.5397983123900136,0.21151726972589963,2.099922328926981,1.0,3.0,61.53557425148359,18.57640935083301,2.871241266623061,0,LEGITIMATE,LAND_RECORD,AP-VIZ-LAND-2531,Survey No. 401/2,Vizianagaram,Cheepurupalli
1.3366518412533441,0.1576351230790189,3.4717997758392922,1.0,3.0,54.98093967445559,17.411680911900707,1.4332228381774117,0,LEGITIMATE,LAND_RECORD,AP-EAS-LAND-2532,Survey No. 93/4,East Godavari,Mandal 1
1.5625190612811892,0.15413586571428917,2.720659895872672,1.0,2.0,86.68935122813377,60.0,1.1986810540810031,0,LEGITIMATE,LAND_RECORD,AP-EAS-LAND-2533,Survey No. 324/1,East Godavari,Mandal 1
2.4100001445637327,0.1038402902897973,1.802782604583315,1.0,4.0,108.32059491895518,11.489249085638024,0.9397019886678866,0,LEGITIMATE,LAND_RECORD,AP-KAK-LAND-2534,Survey No. 212/1,Kakinada,Mandal 2
1.680714693185057,0.15138677033210457,2.2889007262809447,1.0,1.0,24.115105506929396,7.937602013956116,1.0566010857150534,0,LEGITIMATE,LAND_RECORD,AP-VIS-LAND-2535,Survey No. 361/3,Visakhapatnam,Padmanabham
3.3700442186820894,0.07395710342514061,1.8565028407192319,1.0,2.0,84.88704726091919,1.160106103532373,1.563596946325854,0,LEGITIMATE,LAND_RECORD,AP-SRI-LAND-2536,Survey No. 435/4,Srikakulam,Laveru
6.953664239603853,0.5184401879150766,15.0,3.0,8.0,2.9809808571141727,295.66800709781165,114.38163906059988,1,SUSPICIOUS,SUPPLY_CHAIN,AP-AGRI-419-BATCH-1537,Mesta Jute,Vizianagaram,Vizianagaram Rural
2.931346777155845,0.03966805989211296,5.0,0.0,2.0,17.41914940190822,38.69490362728339,0.38292995843668787,0,LEGITIMATE,LAND_RECORD,AP-KAK-LAND-2538,Survey No. 261/4,Kakinada,Mandal 2
1.5996439351115317,0.1567729024586211,2.412904462888961,2.0,1.0,30.56694059682866,44.27112940270033,1.9465144243209174,0,LEGITIMATE,SUPPLY_CHAIN,AP-AGRI-730-BATCH-1539,Mesta Jute,Srikakulam,Laveru
0.5180157410494135,0.13557543817203727,1.1229268963339467,0.0,5.0,54.91271580544911,52.62341690352263,2.1137692396333185,0,LEGITIMATE,SUPPLY_CHAIN,AP-AGRI-618-BATCH-1540,Mesta Jute,Kakinada,Mandal 2
2.727602710212387,0.12550383368227616,2.2544027834760714,0.0,1.0,478.1780978139633,3.0503287362770526,0.6686931212352881,0,LEGITIMATE,LAND_RECORD,AP-VIS-LAND-2541,Survey No. 282/1,Visakhapatnam,Pendurthi
2.030960477060085,0.19519338250183296,1.9363732793477393,0.0,1.0,826.5867083621571,2.7773877178636877,1.3567960906135514,0,LEGITIMATE,CERTIFICATE,CUTM-CERT-2026-2542,Organic Farming Certification,Anakapalli,Mandal 2
1.2039239675699624,0.31087408899204116,1.9521823265575795,0.0,3.0,103.59235847612125,5.966978487256423,0.7960763496385669,0,LEGITIMATE,CERTIFICATE,CUTM-CERT-2026-2543,B.Tech Degree Certificate,East Godavari,Mandal 2
2.0462294858794423,0.1429108843797466,1.2836625169901503,0.0,1.0,139.58302845865032,33.78397785883885,1.2026435472670187,0,LEGITIMATE,LAND_RECORD,AP-SRI-LAND-2544,Survey No. 18/4,Srikakulam,Etcherla
1.6665442597463884,0.08680109169059176,3.152532018700494,0.0,2.0,83.17360872310486,19.76891018293829,1.1839274950659042,0,LEGITIMATE,SUPPLY_CHAIN,AP-AGRI-402-BATCH-1545,Mesta Jute,Visakhapatnam,Bheemunipatnam
1.5141279609216916,0.1875859938563973,1.4436157580953612,1.0,1.0,366.54028110198544,23.634997812505052,2.1334408422329103,0,LEGITIMATE,SUPPLY_CHAIN,AP-AGRI-812-BATCH-1546,Banganapalle Mango,Anakapalli,Mandal 1
2.735049035424163,0.15687947845980998,1.2829846035527135,0.0,1.0,128.9503669212895,12.220260184766481,0.1,0,LEGITIMATE,SUPPLY_CHAIN,AP-AGRI-639-BATCH-1547,Banganapalle Mango,East Godavari,Mandal 2
14.159600673174129,0.55625552039689,11.862784479803768,7.0,7.0,2.185704339310701,206.35111891553657,126.85055618915129,1,SUSPICIOUS,LAND_RECORD,AP-KAK-LAND-2548,Survey No. 283/2,Kakinada,Mandal 2
1.9187945815999685,0.20125832881623362,3.871258479658668,1.0,1.0,90.6932587508774,33.86508893464289,2.002292228036424,0,LEGITIMATE,LAND_RECORD,AP-SRI-LAND-2549,Survey No. 278/2,Srikakulam,Ranastalam
2.3162608979269605,0.11722808573055984,1.22722819036562,0.0,2.0,236.24158078890542,21.653724961987788,0.6850453551495553,0,LEGITIMATE,LAND_RECORD,AP-SRI-LAND-2550,Survey No. 209/3,Srikakulam,Ponduru
1.1002014399314333,0.13083062756522823,3.448115210380461,0.0,4.0,415.6963109939625,0.5936459900173116,1.2108171409014927,0,LEGITIMATE,LAND_RECORD,AP-EAS-LAND-2551,Survey No. 258/2,East Godavari,Mandal 2
0.6992302249982916,0.011871465510097712,2.8289373884341606,0.0,4.0,648.3456677820751,5.226333622607278,0.22150288011765362,0,LEGITIMATE,LAND_RECORD,AP-VIZ-LAND-2552,Survey No. 240/3,Vizianagaram,Cheepurupalli
3.3608122889866836,0.2472385933198155,1.8342912713532378,0.0,2.0,132.2341657532207,9.04719162749774,0.8563696144822472,0,LEGITIMATE,CERTIFICATE,CUTM-CERT-2026-2553,B.Tech Degree Certificate,East Godavari,Mandal 1
2.337122068322859,0.103852122148135,1.9114171212609068,0.0,1.0,12.60666435502552,1.5591595048088542,0.9250148891534635,0,LEGITIMATE,LAND_RECORD,AP-KAK-LAND-2554,Survey No. 84/4,Kakinada,Mandal 2
2.3175888706106633,0.21314932445357643,1.4887323993946053,1.0,2.0,96.15836356401731,8.23990475028428,2.4509349394892443,0,LEGITIMATE,LAND_RECORD,AP-ANA-LAND-2555,Survey No. 432/2,Anakapalli,Mandal 2
6.433967642783994,0.5874493829583948,15.0,4.0,11.0,0.8522102471141498,391.61280668343727,66.03263263964658,1,SUSPICIOUS,LAND_RECORD,AP-KAK-LAND-2556,Survey No. 305/1,Kakinada,Mandal 1
0.8884743451963775,0.3022325969819334,1.1926599925342265,0.0,2.0,309.99915752718385,27.921357892284977,0.9823906072958923,0,LEGITIMATE,LAND_RECORD,AP-VIZ-LAND-2557,Survey No. 173/4,Vizianagaram,Gantyada
0.9763696963994887,0.20579906495368,1.268727105584044,0.0,3.0,143.63595166433683,20.646114176949535,1.5244818107698197,0,LEGITIMATE,SUPPLY_CHAIN,AP-AGRI-660-BATCH-1558,Banganapalle Mango,East Godavari,Mandal 2
1.7658971186489174,0.05712704348906088,3.3302590987570753,0.0,3.0,131.10531907285886,18.618425078126847,2.717680759116501,0,LEGITIMATE,CERTIFICATE,CUTM-CERT-2026-2559,Land Title Deed (Pattadar),Kakinada,Mandal 1
1.101927220678963,0.13815420763617967,3.817736959981392,0.0,1.0,286.4051579618997,26.08263797710454,0.4774282787936298,0,LEGITIMATE,LAND_RECORD,AP-ANA-LAND-2560,Survey No. 177/4,Anakapalli,Mandal 2
6.325440887076462,0.8729381189059071,15.0,3.0,6.0,1.2695137063918065,458.27520292791826,56.31069151963757,1,SUSPICIOUS,LAND_RECORD,AP-ANA-LAND-2561,Survey No. 417/4,Anakapalli,Mandal 2
3.0496178814504917,0.11715728095879879,1.5799269256970272,0.0,2.0,135.1110524030112,4.23867481067391,1.6270728132599483,0,LEGITIMATE,LAND_RECORD,AP-SRI-LAND-2562,Survey No. 70/2,Srikakulam,Etcherla
1.0944749352635188,0.2011948932640633,1.2951759943060814,0.0,4.0,172.26813721971365,6.471202161266296,1.0510956999763847,0,LEGITIMATE,CERTIFICATE,CUTM-CERT-2026-2563,B.Tech Degree Certificate,Anakapalli,Mandal 2
2.671944472120311,0.3161369060687219,1.052264837363554,2.0,3.0,162.39909711306626,16.529914930263846,1.5666677069126491,0,LEGITIMATE,LAND_RECORD,AP-SRI-LAND-2564,Survey No. 371/4,Srikakulam,Ponduru
2.172616429887344,0.07475758275990267,2.692350560624635,1.0,1.0,289.35459166302746,14.481168458262033,1.116273974330722,0,LEGITIMATE,LAND_RECORD,AP-EAS-LAND-2565,Survey No. 309/3,East Godavari,Mandal 1
2.087148410975686,0.1980873469931435,1.9613267445622264,0.0,1.0,151.90440819042232,14.990472014210141,2.953366357720841,0,LEGITIMATE,LAND_RECORD,AP-SRI-LAND-2566,Survey No. 421/2,Srikakulam,Ponduru
2.573275450781771,0.27526236249626035,1.0440623257575448,2.0,1.0,313.2889587234281,22.753024614142298,2.3380707683182504,0,LEGITIMATE,LAND_RECORD,AP-ANA-LAND-2567,Survey No. 289/4,Anakapalli,Mandal 1
8.652102626258571,0.6256024658764707,3.869658440094929,6.0,8.0,1.8217547918797274,327.1757685723238,102.73927488138467,1,SUSPICIOUS,LAND_RECORD,AP-KAK-LAND-2568,Survey No. 391/3,Kakinada,Mandal 1
1.8915349315380812,0.18145838215878618,1.3403964166817586,1.0,5.0,646.8841591796116,15.619334527736328,2.4551547938794993,0,LEGITIMATE,CERTIFICATE,CUTM-CERT-2026-2569,Skill Competency Credential,Anakapalli,Mandal 1
1.287400233018547,0.19182750085992242,1.2030619431121155,0.0,2.0,413.0493377403453,16.555580020134396,1.5050658520996212,0,LEGITIMATE,LAND_RECORD,AP-VIS-LAND-2570,Survey No. 384/1,Visakhapatnam,Bheemunipatnam
1.9658687721034722,0.17076334124572307,1.9499244800332993,0.0,1.0,207.96459546908486,20.03751081770712,0.36251336370538734,0,LEGITIMATE,LAND_RECORD,AP-KAK-LAND-2571,Survey No. 279/4,Kakinada,Mandal 2
0.5885298761449473,0.09465842055981494,1.676830429879045,0.0,4.0,22.69933694703992,5.963520925787104,0.6301260186424787,0,LEGITIMATE,LAND_RECORD,AP-VIZ-LAND-2572,Survey No. 384/1,Vizianagaram,Vizianagaram Rural
2.6693719977696677,0.09851511000394816,1.7330668255749817,0.0,2.0,432.83408249532033,6.505021895409158,1.0423573784886215,0,LEGITIMATE,LAND_RECORD,AP-VIS-LAND-2573,Survey No. 245/1,Visakhapatnam,Padmanabham
1.9735632925963125,0.10995054832090774,1.5419156997024333,1.0,1.0,37.957332905918676,7.16240310133635,1.2836887176926681,0,LEGITIMATE,CERTIFICATE,CUTM-CERT-2026-2574,Land Title Deed (Pattadar),Visakhapatnam,Pendurthi
1.3865050902255596,0.11771263051845327,4.036186616614579,0.0,1.0,208.70115367231912,1.0688411017032555,1.10001667096158,0,LEGITIMATE,SUPPLY_CHAIN,AP-AGRI-696-BATCH-1575,Mesta Jute,East Godavari,Mandal 2
1.7524138208109166,0.06276421979596179,2.4835806636805127,0.0,4.0,289.8312228232635,2.083339883608172,1.155745147171802,0,LEGITIMATE,CERTIFICATE,CUTM-CERT-2026-2576,Land Title Deed (Pattadar),Vizianagaram,Bhogapuram
2.2947947486293354,0.1456236450520583,2.164681662627688,0.0,3.0,10.0,60.0,1.9597082326824347,0,LEGITIMATE,CERTIFICATE,CUTM-CERT-2026-2577,Land Title Deed (Pattadar),Srikakulam,Ponduru
0.8131263997365329,0.19730565830819874,1.7985076089856658,0.0,2.0,257.58062097564215,8.473779371186188,1.2897877454735658,0,LEGITIMATE,SUPPLY_CHAIN,AP-AGRI-304-BATCH-1578,Teja Red Chilli,Anakapalli,Mandal 2
1.928840481890096,0.13758957683740797,3.660053624407244,0.0,1.0,12.321044881853465,1.7526621491127559,0.5899203194083016,0,LEGITIMATE,SUPPLY_CHAIN,AP-AGRI-804-BATCH-1579,Banganapalle Mango,Vizianagaram,Vizianagaram Rural
2.1754078784266255,0.21605367626429275,3.84809045928097,0.0,2.0,13.762637137874956,10.01089769087723,1.6048472163944276,0,LEGITIMATE,SUPPLY_CHAIN,AP-AGRI-712-BATCH-1580,Banganapalle Mango,Anakapalli,Mandal 1
1.4926622629265438,0.28019210715717485,2.576774251708733,1.0,3.0,46.91674557790879,11.398895542429736,1.3928243991604472,0,LEGITIMATE,SUPPLY_CHAIN,AP-AGRI-439-BATCH-1581,Banganapalle Mango,Visakhapatnam,Padmanabham
1.5854040650990595,0.2921375877694097,1.539136535531347,0.0,1.0,537.6398421696292,0.5,0.1,0,LEGITIMATE,SUPPLY_CHAIN,AP-AGRI-272-BATCH-1582,Mesta Jute,Vizianagaram,Vizianagaram Rural
2.263457074207227,0.0954708357975653,3.312229428576036,1.0,1.0,166.19940233923668,35.79949262752844,1.9466054145842069,0,LEGITIMATE,SUPPLY_CHAIN,AP-AGRI-896-BATCH-1583,Cashew Raw Nut,Vizianagaram,Bhogapuram
0.7702193359305769,0.122146416733066,2.231704334928292,0.0,3.0,353.7864557773402,35.50718928632494,2.815948215039594,0,LEGITIMATE,LAND_RECORD,AP-VIS-LAND-2584,Survey No. 348/4,Visakhapatnam,Anandapuram
1.539659793075097,0.14267679844654335,2.0486371396881307,0.0,3.0,14.662835210985078,2.729486879853172,1.9366371820746195,0,LEGITIMATE,SUPPLY_CHAIN,AP-AGRI-879-BATCH-1585,Cashew Raw Nut,Anakapalli,Mandal 1
1.441430089649924,0.13284999122359087,1.8767690543763578,0.0,3.0,120.66312656946677,6.62994262623169,0.7537012447437836,0,LEGITIMATE,LAND_RECORD,AP-VIZ-LAND-2586,Survey No. 244/4,Vizianagaram,Gantyada
1.2168742940427921,0.08333899267702027,1.784381950138685,0.0,2.0,639.128339950046,27.432746041996,2.4186121036026877,0,LEGITIMATE,SUPPLY_CHAIN,AP-AGRI-749-BATCH-1587,Teja Red Chilli,East Godavari,Mandal 1
2.649932880249951,0.23658815438333883,1.5933084783477283,1.0,3.0,58.492356676991,10.552479552245192,1.705056231019149,0,LEGITIMATE,SUPPLY_CHAIN,AP-AGRI-815-BATCH-1588,Cashew Raw Nut,Kakinada,Mandal 2
1.6222261253665533,0.12473684110759954,1.6935684653009495,0.0,1.0,10.0,8.5250917998315,1.680575615435246,0,LEGITIMATE,SUPPLY_CHAIN,AP-AGRI-959-BATCH-1589,Mesta Jute,Anakapalli,Mandal 2
4.295735134426013,1.0,8.67789327038067,4.0,9.0,1.498224315527258,318.9469641890776,114.69572295638336,1,SUSPICIOUS,SUPPLY_CHAIN,AP-AGRI-476-BATCH-1590,Teja Red Chilli,Kakinada,Mandal 1
2.226133030557108,0.17356742740467032,1.7558617522327646,0.0,1.0,285.6966164151111,39.143882761010644,0.1,0,LEGITIMATE,SUPPLY_CHAIN,AP-AGRI-551-BATCH-1591,Banganapalle Mango,Visakhapatnam,Pendurthi
2.131161038619233,0.10458222853978387,0.5786825012770834,0.0,3.0,83.03998726870786,7.132892874481923,0.1,0,LEGITIMATE,SUPPLY_CHAIN,AP-AGRI-518-BATCH-1592,Mesta Jute,Vizianagaram,Vizianagaram Rural
1.1073233159776952,0.15087884108220204,2.653823623831007,0.0,4.0,99.48818660116709,60.0,1.1133692406972557,0,LEGITIMATE,LAND_RECORD,AP-EAS-LAND-2593,Survey No. 72/3,East Godavari,Mandal 2
1.0852683875251747,0.15540443872646595,1.4427829029084247,1.0,2.0,57.84843371959302,4.3923197453162395,2.076306160992048,0,LEGITIMATE,LAND_RECORD,AP-KAK-LAND-2594,Survey No. 14/1,Kakinada,Mandal 2
0.9460869786109349,0.15151929493120866,3.97861265917352,0.0,2.0,166.12448624677108,24.777104295645085,0.7581219241373187,0,LEGITIMATE,LAND_RECORD,AP-ANA-LAND-2595,Survey No. 32/1,Anakapalli,Mandal 2
1.73401621202321,0.15758614877843005,5.0,1.0,1.0,32.136646978221485,14.34708578135637,0.1,0,LEGITIMATE,LAND_RECORD,AP-VIS-LAND-2596,Survey No. 401/4,Visakhapatnam,Anandapuram
0.719462358234543,0.14548471224903142,1.3162542697372268,2.0,1.0,295.5802917549493,7.100219832140991,0.1,0,LEGITIMATE,LAND_RECORD,AP-VIS-LAND-2597,Survey No. 14/3,Visakhapatnam,Padmanabham
8.188005355864004,0.8476135348013142,3.026641370559346,3.0,11.0,2.9977203297352024,238.2738638992566,95.81960420665763,1,SUSPICIOUS,SUPPLY_CHAIN,AP-AGRI-838-BATCH-1598,Banganapalle Mango,Anakapalli,Mandal 2
1.3827377702406833,0.2683672298920748,5.0,1.0,1.0,115.32937595831261,15.444284741936986,2.1521424369532096,0,LEGITIMATE,SUPPLY_CHAIN,AP-AGRI-108-BATCH-1599,Banganapalle Mango,Srikakulam,Etcherla
7.732126378005219,0.5929627635243232,1.9417328228100474,3.0,7.0,0.6784345906541708,380.6691794519974,116.94277551922008,1,SUSPICIOUS,LAND_RECORD,AP-EAS-LAND-2600,Survey No. 335/3,East Godavari,Mandal 1
1.481511563761454,0.10070458080074443,2.6688069560800733,0.0,1.0,118.41187989777374,59.128649803554424,1.4538739721954999,0,LEGITIMATE,CERTIFICATE,CUTM-CERT-2026-2601,Organic Farming Certification,East Godavari,Mandal 2
2.1167768932857145,0.19962979151450863,3.8142317616300083,0.0,3.0,188.81376989971085,3.5266601444924763,2.329809498117725,0,LEGITIMATE,LAND_RECORD,AP-SRI-LAND-2602,Survey No. 354/3,Srikakulam,Ponduru
2.0896546220331498,0.26729622557005456,2.8179362313894836,1.0,2.0,189.85889107467955,24.984024278975188,1.9790283899501173,0,LEGITIMATE,SUPPLY_CHAIN,AP-AGRI-176-BATCH-1603,Mesta Jute,Visakhapatnam,Bheemunipatnam
1.7750724846669363,0.11619512137610027,0.7458705494750981,0.0,3.0,53.890098894128116,5.508655869815085,1.0421451602313523,0,LEGITIMATE,LAND_RECORD,AP-SRI-LAND-2604,Survey No. 347/1,Srikakulam,Etcherla
2.09223037111941,0.18171268017656542,3.255913114148949,0.0,2.0,406.93312515092396,25.59896128088687,0.7434226141511018,0,LEGITIMATE,SUPPLY_CHAIN,AP-AGRI-978-BATCH-1605,Banganapalle Mango,Srikakulam,Ranastalam
0.590875703765356,0.22685874460755712,1.325365871052381,0.0,2.0,79.04475282728455,8.87558286003631,1.8702302042566872,0,LEGITIMATE,LAND_RECORD,AP-EAS-LAND-2606,Survey No. 358/4,East Godavari,Mandal 2
0.9949401540933457,0.13348433932715684,4.168595666021085,2.0,1.0,78.28463873757744,1.2087302073944448,1.016735350363241,0,LEGITIMATE,LAND_RECORD,AP-KAK-LAND-2607,Survey No. 265/2,Kakinada,Mandal 1
7.802435616279152,0.886615447693812,10.286142045650378,3.0,9.0,1.378151516828561,326.8291942977843,109.83018527670117,1,SUSPICIOUS,LAND_RECORD,AP-EAS-LAND-2608,Survey No. 269/1,East Godavari,Mandal 1
1.9241772802458583,0.17591922050177156,3.17951996572314,1.0,5.0,240.25621378716764,1.8415008629758756,1.417322722394209,0,LEGITIMATE,SUPPLY_CHAIN,AP-AGRI-276-BATCH-1609,Teja Red Chilli,Srikakulam,Ponduru
1.7938437173601,0.04651961125292993,1.674942704027333,0.0,1.0,303.79140343852856,60.0,0.1,0,LEGITIMATE,CERTIFICATE,CUTM-CERT-2026-2610,Skill Competency Credential,Kakinada,Mandal 1
9.196601306770464,0.784249235053001,5.213462117984573,3.0,10.0,9.996415144760586,258.29463086189725,50.9030052487652,1,SUSPICIOUS,SUPPLY_CHAIN,AP-AGRI-698-BATCH-1611,Teja Red Chilli,Vizianagaram,Denkada
2.245834398360547,0.05488958771219159,1.1357173196911774,0.0,4.0,188.793266855369,22.00391697669876,0.8596964547265076,0,LEGITIMATE,SUPPLY_CHAIN,AP-AGRI-717-BATCH-1612,Mesta Jute,Visakhapatnam,Anandapuram
1.2917894316093164,0.07279898201763917,3.4005113356417715,0.0,2.0,10.0,14.753989824013573,2.493001388746206,0,LEGITIMATE,LAND_RECORD,AP-VIS-LAND-2613,Survey No. 444/2,Visakhapatnam,Bheemunipatnam
2.196331431002383,0.1250688452840224,1.3275448408817647,0.0,5.0,18.33314416361358,9.047171974934102,1.6823752303724857,0,LEGITIMATE,SUPPLY_CHAIN,AP-AGRI-638-BATCH-1614,Mesta Jute,Kakinada,Mandal 2
2.5591606126509765,0.1274904006475439,1.06649543924758,1.0,5.0,221.23002379876732,2.8261503518566276,1.4845227146209206,0,LEGITIMATE,CERTIFICATE,CUTM-CERT-2026-2615,B.Tech Degree Certificate,Visakhapatnam,Anandapuram
1.4256320632470096,0.06410380698257591,2.591753696718888,1.0,2.0,1000.0,17.70865151901161,0.6455938015466279,0,LEGITIMATE,LAND_RECORD,AP-ANA-LAND-2616,Survey No. 131/3,Anakapalli,Mandal 1
1.546717224040961,0.01567116579010261,1.946717433094196,0.0,2.0,141.51524047931963,48.39139040056874,1.1119589844460127,0,LEGITIMATE,LAND_RECORD,AP-VIZ-LAND-2617,Survey No. 104/4,Vizianagaram,Vizianagaram Rural
1.5441712841200426,0.2272903744803285,0.8949574401132573,1.0,1.0,81.64786129434772,41.48872532341928,0.3167367183944413,0,LEGITIMATE,LAND_RECORD,AP-KAK-LAND-2618,Survey No. 132/1,Kakinada,Mandal 1
5.939466361973622,0.5876374967284828,4.907844115568245,8.0,8.0,12.114510538725183,275.4718115417068,55.76275085754216,1,SUSPICIOUS,LAND_RECORD,AP-VIZ-LAND-2619,Survey No. 196/4,Vizianagaram,Cheepurupalli
1.6831504489240046,0.1430636239326301,1.7246280634313629,0.0,1.0,48.45138520364661,60.0,2.4284249188751743,0,LEGITIMATE,LAND_RECORD,AP-KAK-LAND-2620,Survey No. 341/1,Kakinada,Mandal 1
1.8080118073640263,0.14197618660452732,2.1935673244144116,1.0,1.0,49.31866408121843,13.780175431197666,0.8896255421138033,0,LEGITIMATE,SUPPLY_CHAIN,AP-AGRI-614-BATCH-1621,Banganapalle Mango,Srikakulam,Ranastalam
2.298383916093736,0.2319805387000618,2.596300492761741,1.0,2.0,205.51321356660185,6.000218240894621,0.8393653484907786,0,LEGITIMATE,SUPPLY_CHAIN,AP-AGRI-899-BATCH-1622,Teja Red Chilli,Kakinada,Mandal 2
7.03768047441627,0.9072349373085027,5.6967934585921665,5.0,4.0,1.490017911524107,247.77337439359636,105.41094765077358,1,SUSPICIOUS,LAND_RECORD,AP-ANA-LAND-2623,Survey No. 313/4,Anakapalli,Mandal 2
9.449808217001122,0.8979357424526889,10.177540952148993,5.0,4.0,0.4802883644923676,412.22093654017164,121.28327079809287,1,SUSPICIOUS,CERTIFICATE,CUTM-CERT-2026-2624,Skill Competency Credential,Vizianagaram,Vizianagaram Rural
2.0551675265949614,0.1276623264630653,2.304766326927851,1.0,1.0,26.935078274454867,18.601656439740594,0.9133363097552887,0,LEGITIMATE,CERTIFICATE,CUTM-CERT-2026-2625,B.Tech Degree Certificate,Anakapalli,Mandal 2
1.969151165173726,0.18239858551397414,3.6102434509078525,0.0,1.0,10.0,2.9060620025729347,0.8628001440299644,0,LEGITIMATE,SUPPLY_CHAIN,AP-AGRI-378-BATCH-1626,Banganapalle Mango,Vizianagaram,Cheepurupalli
3.0399388695873784,0.2973720526854611,1.9776511425886725,0.0,3.0,906.3748389014507,17.257324628340466,1.517619808835335,0,LEGITIMATE,CERTIFICATE,CUTM-CERT-2026-2627,Organic Farming Certification,Kakinada,Mandal 2
2.0350888798531166,0.2812283275118649,1.4235045596440798,0.0,4.0,468.5481340548931,8.183994041336877,1.061312410314291,0,LEGITIMATE,CERTIFICATE,CUTM-CERT-2026-2628,B.Tech Degree Certificate,East Godavari,Mandal 1
0.5183659219067289,0.17592713778560376,1.5107617626717018,0.0,4.0,524.3903900470888,10.040895307377887,1.3316547563079832,0,LEGITIMATE,LAND_RECORD,AP-EAS-LAND-2629,Survey No. 106/2,East Godavari,Mandal 2
1.5317688752048086,0.059046193487165236,5.0,1.0,4.0,299.9108452457504,38.73754130220103,0.8415284601530366,0,LEGITIMATE,CERTIFICATE,CUTM-CERT-2026-2630,Organic Farming Certification,East Godavari,Mandal 2
1.4869896398690374,0.09109815067693315,1.5725056825819983,1.0,4.0,36.014137022118966,38.945562659726065,0.7254006460946281,0,LEGITIMATE,LAND_RECORD,AP-SRI-LAND-2631,Survey No. 29/4,Srikakulam,Ponduru
2.6157152748830237,0.14554519578800046,4.779234595163609,0.0,2.0,134.3162002649369,3.4029421833895572,1.8953546692511036,0,LEGITIMATE,LAND_RECORD,AP-VIS-LAND-2632,Survey No. 17/4,Visakhapatnam,Pendurthi
2.841178802780104,0.09925352051795636,1.9519149857199807,0.0,1.0,498.8935461389614,45.2881139654986,1.6262937663792263,0,LEGITIMATE,LAND_RECORD,AP-ANA-LAND-2633,Survey No. 307/2,Anakapalli,Mandal 2
0.30756760348808365,0.2203163222160714,2.0605714385989193,0.0,3.0,246.58447570058982,2.4790241095327987,2.3297784230451937,0,LEGITIMATE,SUPPLY_CHAIN,AP-AGRI-689-BATCH-1634,Banganapalle Mango,East Godavari,Mandal 1
1.8325902313295026,0.12494768488733753,3.844975742550292,0.0,3.0,235.65714046334827,24.88317949134175,1.3414275098766597,0,LEGITIMATE,CERTIFICATE,CUTM-CERT-2026-2635,Land Title Deed (Pattadar),Vizianagaram,Denkada
3.0612193634230023,0.27234507831738364,2.4337806122609913,2.0,1.0,59.774135429750736,3.0793591167374954,1.126781546514232,0,LEGITIMATE,LAND_RECORD,AP-VIZ-LAND-2636,Survey No. 424/3,Vizianagaram,Denkada
1.7591121292989222,0.25625252967166373,1.7622746792617472,0.0,3.0,20.863419809170505,7.63219415377616,0.2618674325865482,0,LEGITIMATE,SUPPLY_CHAIN,AP-AGRI-179-BATCH-1637,Cashew Raw Nut,Visakhapatnam,Bheemunipatnam
1.924082956864199,0.011971659039383714,1.1583641723505118,0.0,4.0,161.88528841493286,7.460883380526444,1.221248548784818,0,LEGITIMATE,LAND_RECORD,AP-VIS-LAND-2638,Survey No. 31/2,Visakhapatnam,Anandapuram
2.635533000299464,0.14282153840707051,4.988109406467776,1.0,1.0,29.031061315684216,2.120181151518531,0.9494938845465726,0,LEGITIMATE,CERTIFICATE,CUTM-CERT-2026-2639,Land Title Deed (Pattadar),Vizianagaram,Bhogapuram
2.7454375846668597,0.1967335258681832,1.532503424211475,0.0,2.0,55.61209095924876,1.0455428520602068,0.48170885704548927,0,LEGITIMATE,LAND_RECORD,AP-EAS-LAND-2640,Survey No. 151/4,East Godavari,Mandal 1
1.5510111791002759,0.1374862816685361,2.662404836356846,0.0,4.0,78.4949764553447,8.963877057847828,1.3985726721767113,0,LEGITIMATE,SUPPLY_CHAIN,AP-AGRI-410-BATCH-1641,Cashew Raw Nut,East Godavari,Mandal 1
1.7967569194429582,0.2973004491541523,2.025117844123979,1.0,2.0,41.883221860374384,2.10208242070761,0.1,0,LEGITIMATE,SUPPLY_CHAIN,AP-AGRI-675-BATCH-1642,Banganapalle Mango,Kakinada,Mandal 2
0.8010045184696313,0.07658328203997923,5.0,0.0,2.0,12.033776316530796,9.11876852879869,0.1275270015879333,0,LEGITIMATE,LAND_RECORD,AP-VIS-LAND-2643,Survey No. 181/4,Visakhapatnam,Bheemunipatnam
1.6942636856751496,0.1498199804396674,5.0,1.0,2.0,198.16297314666159,35.5422678176171,1.4170855701300673,0,LEGITIMATE,CERTIFICATE,CUTM-CERT-2026-2644,Skill Competency Credential,Visakhapatnam,Padmanabham
2.062543506324638,0.09609186494555513,3.361446452898034,0.0,3.0,337.16103195859296,29.412304990102125,1.9494772181660616,0,LEGITIMATE,CERTIFICATE,CUTM-CERT-2026-2645,Land Title Deed (Pattadar),Visakhapatnam,Bheemunipatnam
1.1418451537519982,0.11076302714450316,1.608331302936543,0.0,1.0,141.74768478146146,0.6038174009647287,1.603274805267719,0,LEGITIMATE,LAND_RECORD,AP-KAK-LAND-2646,Survey No. 413/1,Kakinada,Mandal 1
2.0638634499867607,0.15033063061238927,2.675148835521009,0.0,3.0,432.25564173936317,5.910307396362496,1.9898445552636839,0,LEGITIMATE,SUPPLY_CHAIN,AP-AGRI-901-BATCH-1647,Teja Red Chilli,Anakapalli,Mandal 1
1.737475718109486,0.12958686599828365,1.7522795455384563,0.0,1.0,330.65399660323027,1.416230567092807,1.9169598714343743,0,LEGITIMATE,CERTIFICATE,CUTM-CERT-2026-2648,Land Title Deed (Pattadar),Vizianagaram,Gantyada
1.0496262133968468,0.01,2.212194568092278,0.0,1.0,47.3946548170005,7.335363453514498,1.3020368076667936,0,LEGITIMATE,LAND_RECORD,AP-ANA-LAND-2649,Survey No. 70/3,Anakapalli,Mandal 1
1.9578918876571265,0.07071149475301196,4.50066166270047,1.0,3.0,87.37661760031816,2.8983937729208904,0.1,0,LEGITIMATE,LAND_RECORD,AP-VIZ-LAND-2650,Survey No. 115/3,Vizianagaram,Gantyada
0.9629122480876723,0.20502089052798977,3.445852087475265,0.0,4.0,193.3089926408053,5.592650164962191,2.083969019918661,0,LEGITIMATE,SUPPLY_CHAIN,AP-AGRI-861-BATCH-1651,Mesta Jute,Srikakulam,Ranastalam
1.5151393758592087,0.1851612915433143,2.6414383533267656,1.0,1.0,56.90974151417852,1.3067581414511364,2.495349961857908,0,LEGITIMATE,SUPPLY_CHAIN,AP-AGRI-243-BATCH-1652,Cashew Raw Nut,Kakinada,Mandal 2
1.348943015850884,0.10663968771792232,3.6440183823779804,0.0,1.0,794.6933570527974,3.0368731103630453,2.002705050964826,0,LEGITIMATE,SUPPLY_CHAIN,AP-AGRI-302-BATCH-1653,Mesta Jute,Vizianagaram,Denkada
7.136078401132573,0.7351205819868657,8.84409096165134,3.0,6.0,1.8581234808029228,323.05272621344784,21.20136056869501,1,SUSPICIOUS,SUPPLY_CHAIN,AP-AGRI-563-BATCH-1654,Teja Red Chilli,East Godavari,Mandal 1
1.757072957919807,0.0376166761911738,2.8897792262845967,0.0,1.0,101.78676717625343,3.3174316025098376,0.3110320575980139,0,LEGITIMATE,SUPPLY_CHAIN,AP-AGRI-432-BATCH-1655,Cashew Raw Nut,Kakinada,Mandal 1
2.534537727380385,0.08418383815367192,2.7886110542362332,1.0,2.0,269.8817700665371,28.9770312697001,0.9429301158823455,0,LEGITIMATE,LAND_RECORD,AP-ANA-LAND-2656,Survey No. 271/1,Anakapalli,Mandal 1
2.0900866032931975,0.10301433897889768,2.431539689438867,1.0,5.0,190.23978263167967,8.549481820266127,1.0655560224277925,0,LEGITIMATE,LAND_RECORD,AP-ANA-LAND-2657,Survey No. 216/1,Anakapalli,Mandal 2
2.2337913758377352,0.06311723575726819,4.388959019424139,0.0,2.0,69.25182127930859,17.747503868938598,1.6930483730010837,0,LEGITIMATE,LAND_RECORD,AP-VIS-LAND-2658,Survey No. 198/4,Visakhapatnam,Padmanabham
2.4046796095887317,0.18472078587600854,1.5364748131642219,1.0,1.0,63.27231732224612,13.799488413746015,1.5010495760510203,0,LEGITIMATE,LAND_RECORD,AP-EAS-LAND-2659,Survey No. 129/4,East Godavari,Mandal 1
1.6783136099337685,0.11042012555794302,1.6787721476740234,0.0,2.0,123.891806365529,24.19938754488694,1.3928002371317405,0,LEGITIMATE,SUPPLY_CHAIN,AP-AGRI-949-BATCH-1660,Banganapalle Mango,Kakinada,Mandal 1
0.7029760365901871,0.01,2.2057678528254168,0.0,2.0,664.0320708185213,59.64777436523711,1.0398506258094584,0,LEGITIMATE,CERTIFICATE,CUTM-CERT-2026-2661,Skill Competency Credential,Anakapalli,Mandal 1
9.462582850800878,0.7864776496337,7.718972633329919,5.0,11.0,8.034109134157909,354.03233060380353,48.09544833463222,1,SUSPICIOUS,LAND_RECORD,AP-ANA-LAND-2662,Survey No. 124/4,Anakapalli,Mandal 1
1.6209175500614237,0.11803608467292571,2.784740949953224,1.0,1.0,79.16633594558809,0.5,0.1,0,LEGITIMATE,SUPPLY_CHAIN,AP-AGRI-775-BATCH-1663,Teja Red Chilli,East Godavari,Mandal 2
1.979134795072956,0.21066824261152522,5.0,1.0,5.0,490.1987955660274,60.0,1.0905324218577013,0,LEGITIMATE,LAND_RECORD,AP-VIZ-LAND-2664,Survey No. 188/4,Vizianagaram,Gantyada
1.1861974552826884,0.04803052783875951,1.022325867979497,0.0,3.0,36.918844865022834,30.990889863062367,1.7343485337444258,0,LEGITIMATE,LAND_RECORD,AP-KAK-LAND-2665,Survey No. 17/3,Kakinada,Mandal 1
2.4061780468920073,0.10318492408583907,1.9641584236601757,0.0,4.0,127.50757835707361,2.072470014986296,2.0437565018444372,0,LEGITIMATE,CERTIFICATE,CUTM-CERT-2026-2666,B.Tech Degree Certificate,Visakhapatnam,Bheemunipatnam
1.1242541636338657,0.12327034132957532,2.234448975914953,0.0,3.0,292.3744206900045,2.4647224617564456,0.7328799412087972,0,LEGITIMATE,LAND_RECORD,AP-VIS-LAND-2667,Survey No. 282/1,Visakhapatnam,Anandapuram
1.9807601763258866,0.32486910131341,1.0864210964077181,0.0,4.0,179.63396531536947,10.397213410881244,1.6591444922931424,0,LEGITIMATE,SUPPLY_CHAIN,AP-AGRI-966-BATCH-1668,Teja Red Chilli,Srikakulam,Ponduru
2.347645239692363,0.1511744111911769,2.2775530384807237,0.0,1.0,10.0,8.659401923938404,1.7024462741937811,0,LEGITIMATE,LAND_RECORD,AP-VIS-LAND-2669,Survey No. 396/2,Visakhapatnam,Bheemunipatnam
2.2659096654194,0.19391862992615286,1.5481658221096262,1.0,1.0,235.6696229041596,14.445003689156914,1.2372753336848274,0,LEGITIMATE,LAND_RECORD,AP-SRI-LAND-2670,Survey No. 69/3,Srikakulam,Ranastalam
3.0275837186907566,0.12435676973299617,1.317458072748492,0.0,3.0,41.82616201731109,14.450181136487231,1.4103737142137307,0,LEGITIMATE,SUPPLY_CHAIN,AP-AGRI-779-BATCH-1671,Cashew Raw Nut,Visakhapatnam,Bheemunipatnam
1.686040702357175,0.01,1.7821941503046557,0.0,4.0,50.31399022880404,3.3174561183749782,1.3766360796383807,0,LEGITIMATE,SUPPLY_CHAIN,AP-AGRI-135-BATCH-1672,Mesta Jute,Kakinada,Mandal 2
10.541219460860265,0.9749219921973716,15.0,5.0,6.0,2.4360699943277475,256.9465764633932,116.02365261891498,1,SUSPICIOUS,SUPPLY_CHAIN,AP-AGRI-544-BATCH-1673,Mesta Jute,Srikakulam,Ranastalam
2.9054298520871424,0.19482633425858054,1.7519610361405966,0.0,3.0,107.58823379161642,40.62620637999886,0.417738996882841,0,LEGITIMATE,CERTIFICATE,CUTM-CERT-2026-2674,Land Title Deed (Pattadar),Anakapalli,Mandal 2
1.7698064872513648,0.175635961107683,1.375698270029981,0.0,5.0,27.835416128488582,10.705326521964123,1.6877492342271692,0,LEGITIMATE,CERTIFICATE,CUTM-CERT-2026-2675,Land Title Deed (Pattadar),East Godavari,Mandal 2
1.0409283494366435,0.24031928807696137,3.766090433203617,0.0,2.0,85.71773383709521,16.87212482465593,1.154577378289005,0,LEGITIMATE,SUPPLY_CHAIN,AP-AGRI-200-BATCH-1676,Teja Red Chilli,Visakhapatnam,Padmanabham
9.338590166956985,0.6372673307230383,5.397233496487422,3.0,11.0,0.8852841692412189,177.59723771093076,51.78129521554459,1,SUSPICIOUS,LAND_RECORD,AP-VIS-LAND-2677,Survey No. 422/1,Visakhapatnam,Bheemunipatnam
1.863409434831222,0.19823495550041778,1.110975350775801,0.0,5.0,762.4905805031937,2.2925814069881394,1.6824001572903118,0,LEGITIMATE,LAND_RECORD,AP-ANA-LAND-2678,Survey No. 106/2,Anakapalli,Mandal 2
1.8372087433045072,0.11556333332304335,0.9350148371362357,1.0,4.0,241.05436869935974,10.461582103786869,0.1,0,LEGITIMATE,SUPPLY_CHAIN,AP-AGRI-627-BATCH-1679,Cashew Raw Nut,Kakinada,Mandal 2
1.5028761031526716,0.17040656350942068,1.0968216773614912,0.0,4.0,592.0356461994273,1.8886277041782693,1.254341460075815,0,LEGITIMATE,SUPPLY_CHAIN,AP-AGRI-116-BATCH-1680,Banganapalle Mango,Srikakulam,Laveru
5.897442192362162,0.7881364404417268,5.560249244667533,3.0,11.0,9.085514510811132,318.7004188142139,76.95946750223038,1,SUSPICIOUS,LAND_RECORD,AP-KAK-LAND-2681,Survey No. 325/1,Kakinada,Mandal 1
0.9163274907999843,0.05944108479384311,1.6321542576974084,0.0,3.0,22.90895822999672,8.01523544084083,1.4813451331766279,0,LEGITIMATE,LAND_RECORD,AP-VIS-LAND-2682,Survey No. 126/4,Visakhapatnam,Pendurthi
1.4571748719691537,0.14134133293416212,1.7919179158372869,0.0,1.0,119.94612095126742,1.010815994358859,0.1,0,LEGITIMATE,LAND_RECORD,AP-VIS-LAND-2683,Survey No. 304/3,Visakhapatnam,Padmanabham
0.9751874638195942,0.18812823738591838,2.5610752103636516,1.0,2.0,50.17705518614053,5.286273173182049,1.6230141085677081,0,LEGITIMATE,LAND_RECORD,AP-VIS-LAND-2684,Survey No. 146/4,Visakhapatnam,Pendurthi
1.6743365507021797,0.08734561106278659,4.36518958268081,0.0,1.0,43.18663751743474,7.27987944918511,1.0853407209209345,0,LEGITIMATE,LAND_RECORD,AP-SRI-LAND-2685,Survey No. 441/4,Srikakulam,Ponduru
10.118565694776171,0.8045428196358789,15.0,8.0,7.0,0.14634406122324464,368.72692635775854,57.708651848977084,1,SUSPICIOUS,CERTIFICATE,CUTM-CERT-2026-2686,Skill Competency Credential,Srikakulam,Ranastalam
2.608718425274687,0.07050416983148133,1.5896509934068173,0.0,2.0,296.4971101451799,15.901683799150456,0.9020683563260099,0,LEGITIMATE,SUPPLY_CHAIN,AP-AGRI-536-BATCH-1687,Cashew Raw Nut,Srikakulam,Ranastalam
5.629612942882273,0.7513982705350877,15.0,6.0,10.0,3.3321157886174313,315.07190638171807,57.363451393857545,1,SUSPICIOUS,CERTIFICATE,CUTM-CERT-2026-2688,Land Title Deed (Pattadar),East Godavari,Mandal 2
5.7809069972921545,0.9704675782548748,11.783131139240522,4.0,6.0,1.8848556262958924,286.25969520634277,51.170849404793806,1,SUSPICIOUS,SUPPLY_CHAIN,AP-AGRI-536-BATCH-1689,Mesta Jute,East Godavari,Mandal 2
2.6598945685961057,0.09648725279972645,1.99289948756104,0.0,3.0,87.07952720015956,12.18660163743712,1.3496221470275431,0,LEGITIMATE,LAND_RECORD,AP-SRI-LAND-2690,Survey No. 155/2,Srikakulam,Etcherla
2.479797304776038,0.08406954229284186,2.975200137141161,0.0,2.0,408.98121049925084,33.01019086578029,0.7115662496102182,0,LEGITIMATE,SUPPLY_CHAIN,AP-AGRI-689-BATCH-1691,Mesta Jute,Kakinada,Mandal 1
1.6579602106431166,0.217836699477096,1.8518817178261828,1.0,2.0,83.34382619078902,21.28194311498519,1.5601258551606767,0,LEGITIMATE,CERTIFICATE,CUTM-CERT-2026-2692,Land Title Deed (Pattadar),Srikakulam,Etcherla
1.9908516844024902,0.2594775515012104,1.5773937207240363,1.0,3.0,483.35590751296536,10.803726670915797,0.6865084296852144,0,LEGITIMATE,SUPPLY_CHAIN,AP-AGRI-551-BATCH-1693,Cashew Raw Nut,Vizianagaram,Gantyada
11.178960479386502,0.5388467369593717,4.029455206580032,8.0,11.0,0.4442219060086483,330.94696605024393,98.84597452773635,1,SUSPICIOUS,LAND_RECORD,AP-SRI-LAND-2694,Survey No. 404/2,Srikakulam,Ranastalam
7.92915921682482,0.8037545274563416,10.43098763231708,6.0,7.0,4.923957461354675,308.84304041350896,97.44402620937984,1,SUSPICIOUS,SUPPLY_CHAIN,AP-AGRI-416-BATCH-1695,Banganapalle Mango,Visakhapatnam,Bheemunipatnam
1.9664149216325946,0.01,1.1085827791182075,1.0,3.0,281.0630792569025,39.28684736848288,0.9863370890137619,0,LEGITIMATE,LAND_RECORD,AP-SRI-LAND-2696,Survey No. 96/3,Srikakulam,Etcherla
2.953175798322331,0.15042582883613603,3.709035734470662,0.0,2.0,60.7323055818884,8.649555400022606,0.1,0,LEGITIMATE,LAND_RECORD,AP-SRI-LAND-2697,Survey No. 263/3,Srikakulam,Laveru
3.206128770329597,0.11122153907608048,1.8350663019271245,0.0,2.0,43.853995371226745,5.359912929499955,1.2260360254095395,0,LEGITIMATE,LAND_RECORD,AP-SRI-LAND-2698,Survey No. 125/4,Srikakulam,Ranastalam
8.653379048757381,0.8425438765899054,1.7680028690108347,6.0,11.0,0.23720656436885368,324.5973166101455,58.029877707601116,1,SUSPICIOUS,LAND_RECORD,AP-SRI-LAND-2699,Survey No. 347/3,Srikakulam,Ponduru
1.3005122130407516,0.01,1.5951887902409578,1.0,1.0,292.0687853020301,8.082443619088648,1.7013423059615569,0,LEGITIMATE,CERTIFICATE,CUTM-CERT-2026-2700,Organic Farming Certification,East Godavari,Mandal 2
1.2678669379667662,0.21191129447278925,3.4615140741738344,0.0,3.0,36.95712187167593,1.127646077764815,2.678958181254063,0,LEGITIMATE,LAND_RECORD,AP-KAK-LAND-2701,Survey No. 328/4,Kakinada,Mandal 2
2.5699857552394585,0.22355389413175886,1.9568598230620309,0.0,4.0,136.28400116149945,26.429896887044148,0.16853885501409804,0,LEGITIMATE,LAND_RECORD,AP-VIS-LAND-2702,Survey No. 231/1,Visakhapatnam,Pendurthi
1.6035796872133552,0.12775229656096726,1.579698796238349,1.0,2.0,84.48193839702257,13.628368907959349,2.074589745883755,0,LEGITIMATE,SUPPLY_CHAIN,AP-AGRI-827-BATCH-1703,Cashew Raw Nut,Vizianagaram,Denkada
1.9640806248890872,0.11057121848835524,2.014929482504468,2.0,1.0,142.40358648121065,0.5,0.6601218958707348,0,LEGITIMATE,CERTIFICATE,CUTM-CERT-2026-2704,Organic Farming Certification,Anakapalli,Mandal 2
2.160787282030568,0.11078222799689796,2.5259121755869254,2.0,1.0,119.17689890911656,11.72558590232587,0.1,0,LEGITIMATE,SUPPLY_CHAIN,AP-AGRI-821-BATCH-1705,Cashew Raw Nut,Kakinada,Mandal 1
1.805797336970549,0.06368342503610928,0.9746265410206728,0.0,1.0,37.200675112837494,15.556231950587678,2.129663790392611,0,LEGITIMATE,LAND_RECORD,AP-KAK-LAND-2706,Survey No. 308/4,Kakinada,Mandal 2
10.083015999715306,1.0,7.894719549965072,3.0,8.0,8.895055311231674,268.5438089615633,120.75475954048292,1,SUSPICIOUS,LAND_RECORD,AP-VIZ-LAND-2707,Survey No. 162/1,Vizianagaram,Cheepurupalli
1.7310877983844843,0.30395968296100584,2.445758944980628,0.0,2.0,481.8907915437778,10.3517482276855,1.3900910887491604,0,LEGITIMATE,SUPPLY_CHAIN,AP-AGRI-178-BATCH-1708,Teja Red Chilli,Kakinada,Mandal 2
2.9013484317326697,0.04277150335830368,1.1269237057967318,0.0,3.0,98.56593749410368,11.894985055869206,0.7831190609577221,0,LEGITIMATE,CERTIFICATE,CUTM-CERT-2026-2709,B.Tech Degree Certificate,Srikakulam,Ponduru
6.386108369766183,0.9576993536989317,9.60269559876395,3.0,11.0,1.7868032070992677,281.67997547625663,90.81776369584075,1,SUSPICIOUS,LAND_RECORD,AP-ANA-LAND-2710,Survey No. 376/2,Anakapalli,Mandal 2
1.1956583146824329,0.1017824509575822,2.7142503501848645,1.0,1.0,95.55175316174513,20.357006145932203,0.4743152498377905,0,LEGITIMATE,CERTIFICATE,CUTM-CERT-2026-2711,Skill Competency Credential,Vizianagaram,Vizianagaram Rural
1.7014463795085304,0.06053553462347648,3.760216115139366,0.0,2.0,210.71036998903875,25.490068149683978,1.7460930744030407,0,LEGITIMATE,SUPPLY_CHAIN,AP-AGRI-854-BATCH-1712,Cashew Raw Nut,East Godavari,Mandal 1
0.9356308391619651,0.14594975095544072,4.545642824363735,0.0,1.0,67.09224150234486,10.96347998148094,0.5685976848630271,0,LEGITIMATE,SUPPLY_CHAIN,AP-AGRI-789-BATCH-1713,Cashew Raw Nut,Anakapalli,Mandal 2
1.6453228775495523,0.0728979850212489,1.974372610281944,0.0,1.0,412.18597393868697,6.469412678707944,0.9841591044219132,0,LEGITIMATE,LAND_RECORD,AP-KAK-LAND-2714,Survey No. 419/4,Kakinada,Mandal 1
4.132639662057832,0.9279194762181302,13.282737258421419,3.0,4.0,0.879970304818462,385.03932179606437,68.08893347217327,1,SUSPICIOUS,CERTIFICATE,CUTM-CERT-2026-2715,Land Title Deed (Pattadar),East Godavari,Mandal 2
1.9251186743004292,0.04103593353178782,4.013520975689893,0.0,1.0,10.887191625092038,37.09405285786959,1.0799411504401057,0,LEGITIMATE,SUPPLY_CHAIN,AP-AGRI-665-BATCH-1716,Banganapalle Mango,Srikakulam,Ponduru
1.2666178791828195,0.0442243227130041,1.4204747167182254,0.0,1.0,148.6450995911113,0.6014034112794217,0.14674466268652697,0,LEGITIMATE,LAND_RECORD,AP-ANA-LAND-2717,Survey No. 292/3,Anakapalli,Mandal 1
1.4796103983302222,0.0767900272416399,0.866857387556614,0.0,4.0,290.30311149335824,5.140091313052933,1.1749597345985618,0,LEGITIMATE,LAND_RECORD,AP-KAK-LAND-2718,Survey No. 213/2,Kakinada,Mandal 1
3.224551311911747,0.01,1.8150892030549495,1.0,2.0,352.6019294414606,55.86201846460606,1.3920359728246157,0,LEGITIMATE,LAND_RECORD,AP-SRI-LAND-2719,Survey No. 255/2,Srikakulam,Ponduru
1.0940247706398245,0.09043013148491494,0.8310980373076144,0.0,1.0,66.61836802836842,16.99699369798677,1.1077328943475269,0,LEGITIMATE,LAND_RECORD,AP-EAS-LAND-2720,Survey No. 196/3,East Godavari,Mandal 2
0.871522727677016,0.16684277366313974,1.1716653334322036,1.0,1.0,396.54519132774413,59.69491086734977,1.0328193621335888,0,LEGITIMATE,LAND_RECORD,AP-EAS-LAND-2721,Survey No. 281/1,East Godavari,Mandal 1
0.5561093524717475,0.0964003922497422,1.7242282784096512,0.0,2.0,109.85820365754756,1.281944647111032,0.3853386413016451,0,LEGITIMATE,LAND_RECORD,AP-VIZ-LAND-2722,Survey No. 219/3,Vizianagaram,Vizianagaram Rural
2.002551409869978,0.2657646956824882,1.681752464878098,0.0,3.0,135.74469348521976,10.83260415149139,0.9585571600194421,0,LEGITIMATE,LAND_RECORD,AP-VIS-LAND-2723,Survey No. 76/3,Visakhapatnam,Pendurthi
2.886316084085742,0.08994203053879099,1.6442350421033103,0.0,2.0,60.24380077095988,6.178472893547565,1.1745652158598272,0,LEGITIMATE,SUPPLY_CHAIN,AP-AGRI-740-BATCH-1724,Cashew Raw Nut,Visakhapatnam,Bheemunipatnam
2.3246037298094184,0.16588628965452135,1.9684555591153317,1.0,2.0,195.48595987447368,3.38196457358143,2.0932138290003777,0,LEGITIMATE,SUPPLY_CHAIN,AP-AGRI-582-BATCH-1725,Teja Red Chilli,Anakapalli,Mandal 2
1.2663735793806437,0.23156087341317036,2.3411763754017514,1.0,3.0,471.025086772383,10.360679744002743,2.638256718110096,0,LEGITIMATE,SUPPLY_CHAIN,AP-AGRI-449-BATCH-1726,Mesta Jute,Srikakulam,Ranastalam
1.4611789078991269,0.17145302247642527,3.393865493808275,1.0,2.0,332.75483636509904,27.738069900841197,1.9816765751134202,0,LEGITIMATE,LAND_RECORD,AP-EAS-LAND-2727,Survey No. 420/2,East Godavari,Mandal 2
2.2752394941503264,0.11066020642158922,1.7003777841456642,0.0,3.0,122.91034579713114,31.012624584485447,0.1,0,LEGITIMATE,LAND_RECORD,AP-KAK-LAND-2728,Survey No. 136/1,Kakinada,Mandal 1
1.8433415385759715,0.23527821037945074,2.49601093310061,0.0,3.0,97.60570742491402,7.450401517445432,2.330824932677128,0,LEGITIMATE,SUPPLY_CHAIN,AP-AGRI-836-BATCH-1729,Mesta Jute,East Godavari,Mandal 1
1.0894524659898288,0.19329046705744324,2.6859508468091384,0.0,1.0,39.20726504647077,17.333412924640076,2.1682803459943556,0,LEGITIMATE,SUPPLY_CHAIN,AP-AGRI-407-BATCH-1730,Cashew Raw Nut,Vizianagaram,Gantyada
10.143451312328594,0.6941785170699187,15.0,4.0,4.0,4.47271145510343,352.485637291397,82.03650938677798,1,SUSPICIOUS,LAND_RECORD,AP-VIS-LAND-2731,Survey No. 331/1,Visakhapatnam,Padmanabham
2.246273667628387,0.11052254326768993,3.1603267342630454,0.0,1.0,183.07012947142627,5.596283735739926,2.8142971051861156,0,LEGITIMATE,CERTIFICATE,CUTM-CERT-2026-2732,Skill Competency Credential,Anakapalli,Mandal 2
1.80005907516399,0.21372352244159976,2.3831822164557814,0.0,4.0,42.5707566272799,8.963499910911684,1.879403657045715,0,LEGITIMATE,SUPPLY_CHAIN,AP-AGRI-883-BATCH-1733,Mesta Jute,Kakinada,Mandal 1
1.634204814843221,0.1570294109664582,4.2265938321501215,0.0,1.0,68.60763435138036,26.114707515385092,0.9137229046471738,0,LEGITIMATE,CERTIFICATE,CUTM-CERT-2026-2734,Land Title Deed (Pattadar),Srikakulam,Laveru
1.027381511552595,0.16580450260220028,1.6975734504319182,0.0,1.0,158.43028250716074,3.2357856776978955,0.28519887416712286,0,LEGITIMATE,SUPPLY_CHAIN,AP-AGRI-334-BATCH-1735,Teja Red Chilli,Anakapalli,Mandal 2
1.3527855062296608,0.20030370348882426,1.4578298588857275,0.0,3.0,447.51174136375334,0.5,0.1,0,LEGITIMATE,LAND_RECORD,AP-ANA-LAND-2736,Survey No. 449/4,Anakapalli,Mandal 1
0.9247791227537976,0.0938586442986574,3.3567344132483816,1.0,1.0,104.20865541165998,1.2476448541121492,1.9942338603635072,0,LEGITIMATE,CERTIFICATE,CUTM-CERT-2026-2737,Land Title Deed (Pattadar),Visakhapatnam,Pendurthi
0.5787898091180652,0.10516404249575395,2.9469495287966154,0.0,5.0,49.11725675696182,4.236481639699722,0.17469924777350387,0,LEGITIMATE,CERTIFICATE,CUTM-CERT-2026-2738,B.Tech Degree Certificate,Kakinada,Mandal 1
1.9601390202502567,0.13636722742120141,2.5182174306119953,1.0,4.0,251.84128397375378,20.760812921385973,0.8671338882236687,0,LEGITIMATE,CERTIFICATE,CUTM-CERT-2026-2739,Organic Farming Certification,Visakhapatnam,Bheemunipatnam
1.9419425337766572,0.045845234386919634,0.9726934995776819,0.0,3.0,208.6016247344466,13.28015190841564,2.234664660645957,0,LEGITIMATE,CERTIFICATE,CUTM-CERT-2026-2740,B.Tech Degree Certificate,Visakhapatnam,Pendurthi
1.6924204269465877,0.09444278064597175,2.69351024636649,1.0,1.0,15.592920921168801,3.74556002453562,0.586901903382635,0,LEGITIMATE,CERTIFICATE,CUTM-CERT-2026-2741,Skill Competency Credential,Srikakulam,Ponduru
1.0495068850011986,0.1721566940175492,1.1231340659530116,0.0,5.0,296.02992773937996,1.1820992337148286,1.7200982110098275,0,LEGITIMATE,SUPPLY_CHAIN,AP-AGRI-957-BATCH-1742,Cashew Raw Nut,Kakinada,Mandal 1
2.7506847671070824,0.19127667814142751,1.0046860964338449,0.0,1.0,19.531693329897642,9.813736479870814,3.0746857380696824,0,LEGITIMATE,LAND_RECORD,AP-KAK-LAND-2743,Survey No. 434/2,Kakinada,Mandal 1
2.9277813039497342,0.023572854572357194,1.4133584954976481,0.0,1.0,301.9935943736321,8.65098076573068,0.1,0,LEGITIMATE,SUPPLY_CHAIN,AP-AGRI-178-BATCH-1744,Cashew Raw Nut,Visakhapatnam,Bheemunipatnam
2.1122505410374566,0.10505547651795283,3.2952338755030866,1.0,3.0,430.9726165552317,10.3501922544178,1.853387132318768,0,LEGITIMATE,SUPPLY_CHAIN,AP-AGRI-304-BATCH-1745,Banganapalle Mango,Visakhapatnam,Pendurthi
1.8605538793450234,0.23451084688247065,1.2350421711159705,1.0,1.0,103.70068345446089,60.0,0.1,0,LEGITIMATE,SUPPLY_CHAIN,AP-AGRI-566-BATCH-1746,Teja Red Chilli,East Godavari,Mandal 2
2.824312023853693,0.21884237663691564,2.6975977568580993,0.0,1.0,268.78806782113213,0.6409645530642732,1.263514371730932,0,LEGITIMATE,LAND_RECORD,AP-KAK-LAND-2747,Survey No. 192/4,Kakinada,Mandal 1
1.1702136494585724,0.22267146378138436,5.0,2.0,2.0,139.29023626817718,4.843143439150891,1.4212740814459561,0,LEGITIMATE,SUPPLY_CHAIN,AP-AGRI-259-BATCH-1748,Cashew Raw Nut,Kakinada,Mandal 2
1.1693721032867974,0.09590026421091077,5.0,0.0,2.0,13.148899654405884,5.179892791411549,0.1,0,LEGITIMATE,CERTIFICATE,CUTM-CERT-2026-2749,B.Tech Degree Certificate,Vizianagaram,Denkada
2.780830392523727,0.19368894647139578,1.6604575494406804,0.0,1.0,13.61065514691398,4.472021214547487,1.0234361127748255,0,LEGITIMATE,LAND_RECORD,AP-VIS-LAND-2750,Survey No. 21/3,Visakhapatnam,Padmanabham
1.19391821901473,0.0675426374454128,1.985989397938786,1.0,2.0,47.14449731381566,1.9747546926971964,1.7705676507804653,0,LEGITIMATE,LAND_RECORD,AP-SRI-LAND-2751,Survey No. 337/4,Srikakulam,Laveru
1.0835517551646947,0.01,1.5469977693506025,1.0,1.0,292.69670884576226,42.733536662599036,0.6296246794138778,0,LEGITIMATE,SUPPLY_CHAIN,AP-AGRI-486-BATCH-1752,Banganapalle Mango,East Godavari,Mandal 1
6.8472407077657,0.8692203525221044,6.30177971129082,3.0,8.0,0.1,187.83031529868492,106.83550512401783,1,SUSPICIOUS,LAND_RECORD,AP-VIS-LAND-2753,Survey No. 67/2,Visakhapatnam,Padmanabham
1.0066989501975636,0.15576141135336416,1.9124768683112428,1.0,2.0,544.8433404980119,20.33781307809411,0.1,0,LEGITIMATE,LAND_RECORD,AP-EAS-LAND-2754,Survey No. 111/2,East Godavari,Mandal 1
2.4448055224763543,0.18303131161779204,1.9684076519532918,0.0,1.0,101.9268020701952,8.234893498088413,0.1,0,LEGITIMATE,SUPPLY_CHAIN,AP-AGRI-265-BATCH-1755,Cashew Raw Nut,East Godavari,Mandal 2
2.4599360608576926,0.23586062654313256,2.554402627830398,1.0,2.0,205.44501735739684,4.986492257352606,0.5175954137919268,0,LEGITIMATE,CERTIFICATE,CUTM-CERT-2026-2756,B.Tech Degree Certificate,Vizianagaram,Denkada
2.1342705360867567,0.25292721050297867,2.326739125635775,0.0,1.0,343.31147340482335,11.179162080321136,0.7350611250605251,0,LEGITIMATE,LAND_RECORD,AP-KAK-LAND-2757,Survey No. 332/2,Kakinada,Mandal 1
2.4515867584453703,0.3582901039000328,0.8864610567521152,0.0,1.0,693.1408218845736,9.6023759395952,1.4253704195392953,0,LEGITIMATE,LAND_RECORD,AP-ANA-LAND-2758,Survey No. 363/3,Anakapalli,Mandal 2
9.192483687700863,0.971187916098794,14.122391116307066,5.0,6.0,3.615956508200737,418.55591864583585,72.5476388669,1,SUSPICIOUS,LAND_RECORD,AP-EAS-LAND-2759,Survey No. 318/3,East Godavari,Mandal 1
2.0727841937240017,0.10649737565178212,1.7830315974567117,0.0,4.0,263.29911649419256,28.699639056778405,0.1,0,LEGITIMATE,SUPPLY_CHAIN,AP-AGRI-464-BATCH-1760,Cashew Raw Nut,Visakhapatnam,Anandapuram
7.406712760556428,0.7856583112235741,15.0,7.0,9.0,1.4820054495273525,278.3731655130145,152.38533490719874,1,SUSPICIOUS,LAND_RECORD,AP-ANA-LAND-2761,Survey No. 299/4,Anakapalli,Mandal 2
1.393544018078091,0.144342752662043,1.7665569132178516,0.0,2.0,337.83490497454306,29.811066394247284,1.7979655657937346,0,LEGITIMATE,LAND_RECORD,AP-KAK-LAND-2762,Survey No. 18/2,Kakinada,Mandal 2
2.9402558633367937,0.031155039741514276,2.7117293595108642,0.0,2.0,63.39603127110305,2.4112194624219736,0.29340257145193926,0,LEGITIMATE,SUPPLY_CHAIN,AP-AGRI-992-BATCH-1763,Mesta Jute,Vizianagaram,Bhogapuram
0.5935756148162075,0.06540906042693766,2.0141234486199853,0.0,3.0,173.56169909581624,5.929656301200572,0.1,0,LEGITIMATE,CERTIFICATE,CUTM-CERT-2026-2764,Land Title Deed (Pattadar),Kakinada,Mandal 1
1.2097388107949905,0.15258960805816243,0.9763945027966696,0.0,1.0,879.4825663128385,2.6641473876061297,0.1,0,LEGITIMATE,LAND_RECORD,AP-VIZ-LAND-2765,Survey No. 118/2,Vizianagaram,Denkada
9.961263826978561,0.7007796708240122,3.8297703547127564,3.0,8.0,0.2523027330513195,197.7556257501579,102.92622837240269,1,SUSPICIOUS,SUPPLY_CHAIN,AP-AGRI-934-BATCH-1766,Teja Red Chilli,East Godavari,Mandal 1
1.3296615834242262,0.24905282411918797,0.9391149286150151,1.0,1.0,80.76105531325233,10.474206211056735,0.84708859868995,0,LEGITIMATE,SUPPLY_CHAIN,AP-AGRI-980-BATCH-1767,Mesta Jute,Vizianagaram,Gantyada
2.0022416670180947,0.22954803744994545,5.0,1.0,4.0,695.3114030017848,35.87444083933417,1.103210601928732,0,LEGITIMATE,LAND_RECORD,AP-KAK-LAND-2768,Survey No. 11/3,Kakinada,Mandal 2
8.72544414961573,0.7018870866039025,15.0,8.0,6.0,14.0,233.76313745442133,100.50624840459885,1,SUSPICIOUS,CERTIFICATE,CUTM-CERT-2026-2769,Organic Farming Certification,East Godavari,Mandal 2
6.336620467832274,1.0,15.0,6.0,9.0,1.2656933261465995,353.6519304550669,95.89895841581733,1,SUSPICIOUS,LAND_RECORD,AP-KAK-LAND-2770,Survey No. 64/4,Kakinada,Mandal 2
2.4492069370907266,0.15248377603908433,2.3830640095306386,0.0,3.0,64.2921153993358,0.5,0.8339013162429949,0,LEGITIMATE,LAND_RECORD,AP-EAS-LAND-2771,Survey No. 79/3,East Godavari,Mandal 1
1.364221893134113,0.15690030689800044,1.2826541494824601,0.0,1.0,68.66920802644296,15.139657726397134,1.744881802000195,0,LEGITIMATE,LAND_RECORD,AP-EAS-LAND-2772,Survey No. 366/3,East Godavari,Mandal 2
10.782888810940102,0.5240549152183926,10.708355723959945,3.0,7.0,0.6773219513552388,344.4989836035652,22.392251499508,1,SUSPICIOUS,LAND_RECORD,AP-SRI-LAND-2773,Survey No. 365/3,Srikakulam,Ranastalam
7.021743070795573,0.9568831878635699,15.0,3.0,4.0,0.8916251149816279,246.5432159866085,56.1116882254524,1,SUSPICIOUS,SUPPLY_CHAIN,AP-AGRI-980-BATCH-1774,Teja Red Chilli,Kakinada,Mandal 2
1.7714662317051961,0.1688455896511915,3.405631728072112,0.0,2.0,482.2145769830064,2.2173446013199873,3.0045950553066456,0,LEGITIMATE,SUPPLY_CHAIN,AP-AGRI-602-BATCH-1775,Mesta Jute,Srikakulam,Etcherla
5.312455751114741,0.5730478777855602,15.0,3.0,6.0,3.2407745449810745,235.19990552746572,108.15371469642199,1,SUSPICIOUS,SUPPLY_CHAIN,AP-AGRI-869-BATCH-1776,Cashew Raw Nut,East Godavari,Mandal 1
1.0414108208493578,0.16991308789400236,0.8231772049310182,0.0,3.0,552.5825814920518,2.555782743102411,2.5996390630272175,0,LEGITIMATE,SUPPLY_CHAIN,AP-AGRI-155-BATCH-1777,Teja Red Chilli,Vizianagaram,Gantyada
1.5658806793508864,0.14246443397193334,2.035444079664276,0.0,1.0,392.5014942453232,22.494063299542777,0.7899318955779144,0,LEGITIMATE,LAND_RECORD,AP-ANA-LAND-2778,Survey No. 238/2,Anakapalli,Mandal 2
1.3429586987347015,0.1328580045956428,1.3202112423076726,1.0,1.0,172.04414266626085,3.3587694156351806,0.42264186811499194,0,LEGITIMATE,CERTIFICATE,CUTM-CERT-2026-2779,B.Tech Degree Certificate,Visakhapatnam,Padmanabham
1.6780790863365296,0.1997281050496777,2.117834559331801,0.0,5.0,35.085416292209594,9.277568791160299,0.3238751360697353,0,LEGITIMATE,CERTIFICATE,CUTM-CERT-2026-2780,B.Tech Degree Certificate,Visakhapatnam,Pendurthi
2.1766241079497757,0.17091363301839746,3.987418995379482,1.0,5.0,65.45482894327819,60.0,2.5797986968597875,0,LEGITIMATE,LAND_RECORD,AP-EAS-LAND-2781,Survey No. 224/3,East Godavari,Mandal 1
2.3320931597630974,0.21966582162933113,0.9706411764894989,1.0,1.0,17.80035817557216,8.429113142335213,0.3275625537229213,0,LEGITIMATE,SUPPLY_CHAIN,AP-AGRI-960-BATCH-1782,Banganapalle Mango,Vizianagaram,Cheepurupalli
2.0356081886238044,0.01,0.9335964835823698,0.0,1.0,88.32913905428337,1.6430260663846816,0.9980896578352261,0,LEGITIMATE,CERTIFICATE,CUTM-CERT-2026-2783,Skill Competency Credential,Visakhapatnam,Pendurthi
1.871421908068402,0.15057656483010962,2.3294842382207372,0.0,2.0,147.05529353755296,0.5,3.2031408038817792,0,LEGITIMATE,LAND_RECORD,AP-VIZ-LAND-2784,Survey No. 165/2,Vizianagaram,Denkada
1.890035114743886,0.16324897201861213,2.264159816084192,1.0,1.0,41.87314794261547,21.931688256394395,1.3468873315122758,0,LEGITIMATE,LAND_RECORD,AP-ANA-LAND-2785,Survey No. 373/4,Anakapalli,Mandal 2
1.1105035505928909,0.11750930836232115,1.7379592132266735,0.0,1.0,127.10784683711466,18.68509612578893,0.4687765149225347,0,LEGITIMATE,LAND_RECORD,AP-EAS-LAND-2786,Survey No. 288/3,East Godavari,Mandal 2
1.768894682606952,0.09224043682106306,1.2801887465853008,0.0,1.0,33.36848277606543,16.970537628061628,2.1356801149456235,0,LEGITIMATE,CERTIFICATE,CUTM-CERT-2026-2787,B.Tech Degree Certificate,Srikakulam,Laveru
3.103622292976416,0.059298317966421724,1.4328149984568421,2.0,2.0,10.0,19.27495034411021,1.8592045709933485,0,LEGITIMATE,SUPPLY_CHAIN,AP-AGRI-600-BATCH-1788,Teja Red Chilli,Srikakulam,Ranastalam
11.997568304641547,0.6616089753792992,14.068137193668205,7.0,11.0,0.6342929566339343,301.42587814952316,123.33737986229119,1,SUSPICIOUS,SUPPLY_CHAIN,AP-AGRI-462-BATCH-1789,Mesta Jute,Srikakulam,Laveru
1.5467606657890802,0.18880654136513036,1.3124128271319961,0.0,1.0,166.41347564271652,25.125020074392122,1.8733425088821853,0,LEGITIMATE,CERTIFICATE,CUTM-CERT-2026-2790,Organic Farming Certification,Kakinada,Mandal 1
2.028790429271616,0.18882426264505126,3.243347684739275,0.0,5.0,31.879182580260338,43.38606832967256,1.0541209617949718,0,LEGITIMATE,LAND_RECORD,AP-VIZ-LAND-2791,Survey No. 340/1,Vizianagaram,Gantyada
4.5974681935467245,0.6356506221570959,4.710753949954442,6.0,7.0,8.428543072725006,230.17980043033177,54.932877016146186,1,SUSPICIOUS,CERTIFICATE,CUTM-CERT-2026-2792,Organic Farming Certification,Srikakulam,Ranastalam
0.7604611646107948,0.18029114590704284,2.569446111396493,0.0,3.0,368.75593963362985,6.6406576564676225,1.0456976320879254,0,LEGITIMATE,SUPPLY_CHAIN,AP-AGRI-513-BATCH-1793,Teja Red Chilli,Vizianagaram,Bhogapuram
1.2523085662269882,0.05721285713864277,0.9209882265037083,1.0,3.0,167.33677831793142,8.675416028916265,1.157978105021462,0,LEGITIMATE,SUPPLY_CHAIN,AP-AGRI-882-BATCH-1794,Banganapalle Mango,Anakapalli,Mandal 1
7.899924751951899,0.8983084201082948,15.0,5.0,4.0,6.532353878226995,405.83701685409403,92.27283262113683,1,SUSPICIOUS,LAND_RECORD,AP-KAK-LAND-2795,Survey No. 63/1,Kakinada,Mandal 1
2.1125718232209607,0.23124121731863434,1.9765840755691553,0.0,3.0,319.620995780483,1.7481897792136787,2.488919671061593,0,LEGITIMATE,LAND_RECORD,AP-EAS-LAND-2796,Survey No. 274/4,East Godavari,Mandal 2
0.9711101676712095,0.24425478822537477,1.4215920732936012,1.0,2.0,52.99975349446756,3.166079495295289,0.8536904328235795,0,LEGITIMATE,LAND_RECORD,AP-EAS-LAND-2797,Survey No. 343/3,East Godavari,Mandal 1
1.5661135915094315,0.18483666687659342,2.1826614539543927,1.0,3.0,36.70619778180282,15.150447094059118,0.9880141211740399,0,LEGITIMATE,LAND_RECORD,AP-VIS-LAND-2798,Survey No. 30/3,Visakhapatnam,Padmanabham
0.3183418857206284,0.01,1.2260026960931176,0.0,1.0,282.91207773610495,3.5263537230427167,2.663361838292184,0,LEGITIMATE,LAND_RECORD,AP-VIS-LAND-2799,Survey No. 320/2,Visakhapatnam,Bheemunipatnam
2.730041746794605,0.18482031657368508,3.7805776121666352,1.0,4.0,187.24840585574708,0.5,1.273717990427609,0,LEGITIMATE,LAND_RECORD,AP-SRI-LAND-2800,Survey No. 45/4,Srikakulam,Etcherla
2.4919723039960235,0.20001695444635725,2.73931918020329,1.0,1.0,10.0,6.060427389031914,0.1,0,LEGITIMATE,SUPPLY_CHAIN,AP-AGRI-698-BATCH-1801,Cashew Raw Nut,Anakapalli,Mandal 1
11.951966761083943,0.659835278555674,10.953633972460638,3.0,6.0,0.9838291338668277,318.3133760327118,117.0402243169037,1,SUSPICIOUS,CERTIFICATE,CUTM-CERT-2026-2802,Land Title Deed (Pattadar),Vizianagaram,Cheepurupalli
1.0720111256316533,0.11052789276938571,3.361774450383116,0.0,1.0,440.5171781016877,15.292613216157047,1.5411488322079139,0,LEGITIMATE,LAND_RECORD,AP-VIS-LAND-2803,Survey No. 48/2,Visakhapatnam,Anandapuram
1.934694782437727,0.2228081195951817,1.798313364662948,0.0,1.0,75.54404790984717,22.91782743060434,2.4124236866227466,0,LEGITIMATE,LAND_RECORD,AP-SRI-LAND-2804,Survey No. 305/2,Srikakulam,Etcherla
1.3627776142493748,0.2430796651445179,2.3054935792929885,1.0,1.0,290.6310134446658,10.008974826666059,0.9562230552060588,0,LEGITIMATE,SUPPLY_CHAIN,AP-AGRI-167-BATCH-1805,Banganapalle Mango,Srikakulam,Laveru
1.9384530573592964,0.12926325925479334,1.543412746230449,1.0,2.0,92.76459473702343,12.814547576932027,0.6698527824379501,0,LEGITIMATE,SUPPLY_CHAIN,AP-AGRI-728-BATCH-1806,Banganapalle Mango,Vizianagaram,Denkada
1.2138212433207767,0.15353736023201464,4.120562576082542,0.0,1.0,32.07630040061567,54.74949573797717,1.1570575158103846,0,LEGITIMATE,SUPPLY_CHAIN,AP-AGRI-198-BATCH-1807,Banganapalle Mango,Kakinada,Mandal 2
2.392608790090383,0.052023617787956764,1.6227011795333601,2.0,2.0,138.28962277726265,5.500256334895532,0.9008680537166311,0,LEGITIMATE,CERTIFICATE,CUTM-CERT-2026-2808,Skill Competency Credential,Kakinada,Mandal 1
1.5648425424718966,0.2004990662453718,3.0660576004918165,0.0,2.0,152.21322282520487,26.176941864089788,1.2643804907116538,0,LEGITIMATE,LAND_RECORD,AP-ANA-LAND-2809,Survey No. 202/2,Anakapalli,Mandal 1
3.086170672841264,0.19915520983139795,2.1396282604628083,1.0,1.0,40.279457355533744,3.61152853220117,2.2599420868040148,0,LEGITIMATE,LAND_RECORD,AP-KAK-LAND-2810,Survey No. 136/3,Kakinada,Mandal 2
3.3604915273891813,0.09665993198345155,5.0,0.0,2.0,89.19490887781079,18.631950302148123,2.131634372034828,0,LEGITIMATE,CERTIFICATE,CUTM-CERT-2026-2811,Land Title Deed (Pattadar),Srikakulam,Ranastalam
7.498707254133454,0.8639194801663301,7.391944186102672,5.0,12.0,0.5751823036270661,196.9597116540379,77.17235376339265,1,SUSPICIOUS,SUPPLY_CHAIN,AP-AGRI-475-BATCH-1812,Cashew Raw Nut,Visakhapatnam,Padmanabham
1.7615455936579576,0.19402029944269594,1.956239393384338,0.0,1.0,79.50513841582418,12.888366326369235,1.0092655969144089,0,LEGITIMATE,SUPPLY_CHAIN,AP-AGRI-450-BATCH-1813,Banganapalle Mango,Srikakulam,Ponduru
1.7837364024047437,0.2768803064767893,1.0510501412477078,0.0,2.0,195.28956677394538,19.550864096081078,1.3519896640217142,0,LEGITIMATE,CERTIFICATE,CUTM-CERT-2026-2814,Skill Competency Credential,Srikakulam,Etcherla
2.379591723757941,0.27721750444974236,1.50546961358625,0.0,2.0,284.5023982770244,0.5,1.3761332765697305,0,LEGITIMATE,LAND_RECORD,AP-EAS-LAND-2815,Survey No. 28/2,East Godavari,Mandal 1
6.930493912323337,0.8729349084467716,15.0,7.0,10.0,9.155972975216118,327.69259336336495,52.923124825623454,1,SUSPICIOUS,LAND_RECORD,AP-SRI-LAND-2816,Survey No. 316/3,Srikakulam,Etcherla
4.571406965564979,0.7045315995951115,15.0,4.0,4.0,1.9167057520555626,292.7933703004636,104.87769284913422,1,SUSPICIOUS,LAND_RECORD,AP-KAK-LAND-2817,Survey No. 419/3,Kakinada,Mandal 1
2.4111396200649207,0.10913323527575874,5.0,0.0,1.0,169.8145272248549,47.44267789056211,1.843347066484806,0,LEGITIMATE,CERTIFICATE,CUTM-CERT-2026-2818,Land Title Deed (Pattadar),East Godavari,Mandal 1
0.17575079132969873,0.11464719863362477,2.9304985164877846,0.0,3.0,346.91733249694556,1.6040759094137629,0.8048873602095136,0,LEGITIMATE,CERTIFICATE,CUTM-CERT-2026-2819,B.Tech Degree Certificate,Srikakulam,Etcherla
0.6873027546837218,0.25409266789216245,1.2313614799168249,0.0,2.0,10.0,26.29398931106195,0.1,0,LEGITIMATE,LAND_RECORD,AP-VIS-LAND-2820,Survey No. 209/4,Visakhapatnam,Bheemunipatnam
2.716685479402369,0.18096469835165951,0.8814284424258151,0.0,1.0,10.0,11.749250803651895,2.186886852667906,0,LEGITIMATE,LAND_RECORD,AP-SRI-LAND-2821,Survey No. 321/1,Srikakulam,Etcherla
1.7169531717230821,0.26402631547762445,2.9411125302258507,1.0,4.0,56.090819272720005,2.811608474274954,0.8001789814907394,0,LEGITIMATE,SUPPLY_CHAIN,AP-AGRI-101-BATCH-1822,Mesta Jute,East Godavari,Mandal 1
3.253886370337627,0.06395421710855875,1.8697697938267142,0.0,3.0,53.20592901946922,0.9159856011432421,1.84195868382466,0,LEGITIMATE,LAND_RECORD,AP-KAK-LAND-2823,Survey No. 195/4,Kakinada,Mandal 2
2.547930089192327,0.17931609172572405,1.9863319260671968,2.0,3.0,25.73906625895408,50.230298862531335,0.8182409041818277,0,LEGITIMATE,CERTIFICATE,CUTM-CERT-2026-2824,Skill Competency Credential,Visakhapatnam,Anandapuram
0.8130212078412871,0.1721875343776172,2.1534810065389607,0.0,3.0,67.35494643858935,9.211661170457099,0.782141738624297,0,LEGITIMATE,LAND_RECORD,AP-VIS-LAND-2825,Survey No. 229/3,Visakhapatnam,Anandapuram
3.5622318262737442,0.1033507942157847,2.2776745366256823,0.0,2.0,189.33260869885618,0.5,1.051089195477051,0,LEGITIMATE,CERTIFICATE,CUTM-CERT-2026-2826,Skill Competency Credential,Srikakulam,Etcherla
7.463756274592435,0.7326541389807262,3.38767078107671,5.0,8.0,5.314244876341046,140.02880125326996,85.44537131489402,1,SUSPICIOUS,SUPPLY_CHAIN,AP-AGRI-997-BATCH-1827,Banganapalle Mango,East Godavari,Mandal 1
2.633289494305621,0.01,2.4046301844196765,1.0,2.0,324.63303154724633,0.5,2.140480270584681,0,LEGITIMATE,LAND_RECORD,AP-VIZ-LAND-2828,Survey No. 120/2,Vizianagaram,Vizianagaram Rural
10.006744999689007,0.8568247291108579,12.597144407374179,7.0,9.0,1.6787830936052974,275.52809443021715,72.62204884621903,1,SUSPICIOUS,SUPPLY_CHAIN,AP-AGRI-674-BATCH-1829,Teja Red Chilli,Kakinada,Mandal 2
8.713831404736055,1.0,10.30854451221994,5.0,8.0,6.3547769942431795,240.65570872734864,117.85089059236645,1,SUSPICIOUS,SUPPLY_CHAIN,AP-AGRI-970-BATCH-1830,Teja Red Chilli,Vizianagaram,Gantyada
2.0738852619532646,0.08904067809384077,1.3476216591636212,0.0,1.0,130.82698566458163,1.6454928700732718,0.1,0,LEGITIMATE,LAND_RECORD,AP-VIZ-LAND-2831,Survey No. 174/1,Vizianagaram,Gantyada
0.8375729341410129,0.10311586880195531,2.230339511452228,1.0,1.0,10.0,1.1005022682778483,0.7464068443963192,0,LEGITIMATE,LAND_RECORD,AP-ANA-LAND-2832,Survey No. 157/1,Anakapalli,Mandal 2
8.688007662376048,0.9165063738775039,3.363757567599893,8.0,9.0,1.471451159706735,226.95582960732494,63.636351158656,1,SUSPICIOUS,CERTIFICATE,CUTM-CERT-2026-2833,Land Title Deed (Pattadar),Srikakulam,Ponduru
1.953082017710309,0.08802785149903494,1.8880415310004641,0.0,1.0,54.616563874807426,16.362318178278603,1.5752245292449396,0,LEGITIMATE,SUPPLY_CHAIN,AP-AGRI-194-BATCH-1834,Banganapalle Mango,East Godavari,Mandal 2
11.890109078712419,0.6182680391772173,15.0,3.0,4.0,2.2552086237786555,320.90090439687435,82.25616533154034,1,SUSPICIOUS,SUPPLY_CHAIN,AP-AGRI-289-BATCH-1835,Mesta Jute,Visakhapatnam,Padmanabham
2.046424130262047,0.21022977337191043,1.926195973146434,0.0,3.0,207.80563021684705,9.893944008857154,0.1,0,LEGITIMATE,LAND_RECORD,AP-EAS-LAND-2836,Survey No. 44/2,East Godavari,Mandal 1
4.0,0.669320818999552,8.668940120782606,3.0,4.0,6.28106324395353,396.01411329824737,96.13140955779338,1,SUSPICIOUS,SUPPLY_CHAIN,AP-AGRI-358-BATCH-1837,Mesta Jute,Kakinada,Mandal 2
6.42061449979472,0.9522116750081037,4.893503136935889,3.0,6.0,6.0586891633553455,204.72893553626164,84.81746822172613,1,SUSPICIOUS,SUPPLY_CHAIN,AP-AGRI-259-BATCH-1838,Teja Red Chilli,Anakapalli,Mandal 2
2.1177759055160874,0.1529444399277564,1.3123596392593064,0.0,4.0,182.55601237734172,5.397301990666799,1.1419811265698074,0,LEGITIMATE,LAND_RECORD,AP-KAK-LAND-2839,Survey No. 305/3,Kakinada,Mandal 1
6.562198190965547,0.6755638322359878,8.266703454578751,4.0,12.0,9.47749150244719,184.98092520171997,126.51435246566828,1,SUSPICIOUS,LAND_RECORD,AP-VIZ-LAND-2840,Survey No. 114/1,Vizianagaram,Bhogapuram
2.164817079012479,0.12762585350936856,3.638087397214723,0.0,2.0,569.0889611314817,46.83982291482294,2.0586982561045035,0,LEGITIMATE,LAND_RECORD,AP-SRI-LAND-2841,Survey No. 243/1,Srikakulam,Laveru
0.1,0.22721363941829326,1.1489595595692907,0.0,1.0,62.4088279817342,6.170496656320584,1.0474734710646432,0,LEGITIMATE,SUPPLY_CHAIN,AP-AGRI-447-BATCH-1842,Cashew Raw Nut,Kakinada,Mandal 1
1.5150452345547725,0.06379334019170299,1.3321587849613035,2.0,1.0,44.53052362919547,3.159303860937121,2.976821437180096,0,LEGITIMATE,LAND_RECORD,AP-EAS-LAND-2843,Survey No. 95/2,East Godavari,Mandal 2
2.7203655100541333,0.12074265714830326,1.4027259322946428,0.0,1.0,252.98812330642374,10.594161584055584,1.2065096112862548,0,LEGITIMATE,CERTIFICATE,CUTM-CERT-2026-2844,Organic Farming Certification,East Godavari,Mandal 1
2.7124955474656613,0.17226663516564034,1.4069985166887529,1.0,2.0,133.7393272842907,11.26479231725683,2.765944001534394,0,LEGITIMATE,LAND_RECORD,AP-ANA-LAND-2845,Survey No. 301/4,Anakapalli,Mandal 2
2.0363021841592537,0.10563420754876424,3.6114985470103544,1.0,3.0,24.35480932285133,13.92897364597742,1.800297792224659,0,LEGITIMATE,CERTIFICATE,CUTM-CERT-2026-2846,Land Title Deed (Pattadar),Kakinada,Mandal 1
3.2652178162514165,0.2857269346376681,0.84679680693587,2.0,5.0,90.49569346935405,8.379912623216391,2.4977595992048345,0,LEGITIMATE,LAND_RECORD,AP-KAK-LAND-2847,Survey No. 14/4,Kakinada,Mandal 2
1.6374114690530355,0.08465654565837952,2.9570872961188206,0.0,3.0,131.6968126154617,14.661571726897071,1.1788913109466985,0,LEGITIMATE,SUPPLY_CHAIN,AP-AGRI-609-BATCH-1848,Banganapalle Mango,Visakhapatnam,Padmanabham
9.65706511536481,1.0,3.3972615035606397,7.0,10.0,0.800248225778711,194.17428064220724,115.6754187626707,1,SUSPICIOUS,SUPPLY_CHAIN,AP-AGRI-956-BATCH-1849,Teja Red Chilli,East Godavari,Mandal 1
1.9658640280821649,0.1078794642787108,0.9927855231421607,0.0,1.0,21.525282712206455,47.950289980389925,2.4879923151488454,0,LEGITIMATE,SUPPLY_CHAIN,AP-AGRI-869-BATCH-1850,Teja Red Chilli,Anakapalli,Mandal 2
1.7623522144271757,0.1880102453878407,3.537527216989112,0.0,3.0,40.102405223943535,25.135185204715153,1.1799866217451869,0,LEGITIMATE,CERTIFICATE,CUTM-CERT-2026-2851,Organic Farming Certification,Kakinada,Mandal 2
1.1125864061187896,0.17871651525211768,2.575146391874568,0.0,1.0,25.056411317721306,34.75340473963503,1.309540068017606,0,LEGITIMATE,LAND_RECORD,AP-EAS-LAND-2852,Survey No. 197/2,East Godavari,Mandal 1
1.160985409296821,0.11579485083263,1.5853814813020584,1.0,3.0,183.7096055984467,17.88304780080158,1.8193883532150363,0,LEGITIMATE,LAND_RECORD,AP-EAS-LAND-2853,Survey No. 203/4,East Godavari,Mandal 1
1.4283164468109997,0.1265277527148821,2.2045175795108096,0.0,4.0,10.0,26.54501461816472,0.5422215670178032,0,LEGITIMATE,LAND_RECORD,AP-ANA-LAND-2854,Survey No. 412/4,Anakapalli,Mandal 2
8.782921645733504,0.8535487345670727,14.341587659130655,8.0,8.0,0.1,199.75360312906997,82.80126127327867,1,SUSPICIOUS,SUPPLY_CHAIN,AP-AGRI-143-BATCH-1855,Cashew Raw Nut,Kakinada,Mandal 2
8.569012242096772,0.6749979719624555,3.2294114412766057,4.0,10.0,5.709430635388286,186.66910930680083,148.26113085119374,1,SUSPICIOUS,CERTIFICATE,CUTM-CERT-2026-2856,B.Tech Degree Certificate,Vizianagaram,Denkada
1.242162307492317,0.1264344996270711,2.7550077068638545,0.0,1.0,527.3745014923128,4.711704557764348,0.1,0,LEGITIMATE,LAND_RECORD,AP-ANA-LAND-2857,Survey No. 285/1,Anakapalli,Mandal 2
1.512350938416384,0.11345520154090688,2.3145726391758563,1.0,2.0,354.9775603339435,6.98589641014606,2.1972019339587976,0,LEGITIMATE,SUPPLY_CHAIN,AP-AGRI-962-BATCH-1858,Teja Red Chilli,Srikakulam,Ponduru
2.0620705161943844,0.03115686723821809,3.193562527967314,1.0,2.0,10.0,0.5,2.314605123305598,0,LEGITIMATE,LAND_RECORD,AP-KAK-LAND-2859,Survey No. 340/1,Kakinada,Mandal 1
2.449807894097939,0.08609554040856143,4.55192209760487,0.0,2.0,10.0,13.515432337033735,1.9861785560876188,0,LEGITIMATE,CERTIFICATE,CUTM-CERT-2026-2860,Skill Competency Credential,Visakhapatnam,Anandapuram
1.9952049992530672,0.33183934607835114,1.1786567234017755,0.0,5.0,94.66367647728005,1.698182516718036,2.0264755352156474,0,LEGITIMATE,LAND_RECORD,AP-EAS-LAND-2861,Survey No. 402/4,East Godavari,Mandal 2
1.7283223053722325,0.10703224083471094,2.940848892434449,0.0,2.0,75.27429397485102,0.8807441688552793,0.14026420833738484,0,LEGITIMATE,CERTIFICATE,CUTM-CERT-2026-2862,Organic Farming Certification,Vizianagaram,Cheepurupalli
1.4202095259217227,0.2249901573535718,3.2108214136251534,0.0,2.0,10.0,26.34397197294812,0.9719169578509952,0,LEGITIMATE,SUPPLY_CHAIN,AP-AGRI-757-BATCH-1863,Cashew Raw Nut,Kakinada,Mandal 1
0.8353935062064938,0.3055678233808183,5.0,1.0,1.0,39.61279961848632,6.11612735851131,1.383205920835818,0,LEGITIMATE,CERTIFICATE,CUTM-CERT-2026-2864,Organic Farming Certification,Vizianagaram,Gantyada
4.048365057213299,1.0,5.596939139298126,4.0,7.0,1.605920839527329,178.58873997241375,82.4128652589912,1,SUSPICIOUS,SUPPLY_CHAIN,AP-AGRI-646-BATCH-1865,Teja Red Chilli,Visakhapatnam,Anandapuram
0.7824805040478584,0.01,1.7803632606254747,0.0,1.0,307.25074153497167,11.020602357832402,0.3524599183625813,0,LEGITIMATE,LAND_RECORD,AP-VIS-LAND-2866,Survey No. 384/4,Visakhapatnam,Bheemunipatnam
1.6103503088895343,0.20347341482288075,1.1527705540132727,0.0,1.0,107.03259313441939,40.21695939145441,0.18013544469122555,0,LEGITIMATE,CERTIFICATE,CUTM-CERT-2026-2867,Land Title Deed (Pattadar),East Godavari,Mandal 1
9.105028535798048,0.5,5.03141993800072,6.0,6.0,1.7636544332518136,434.5511668786989,61.0547762273724,1,SUSPICIOUS,LAND_RECORD,AP-VIZ-LAND-2868,Survey No. 274/3,Vizianagaram,Denkada
2.839443150713696,0.08097599843413839,4.015908632286657,0.0,1.0,10.0,4.223581075370684,2.3968582318122595,0,LEGITIMATE,LAND_RECORD,AP-KAK-LAND-2869,Survey No. 353/1,Kakinada,Mandal 2
1.8021759851299457,0.17391345220673207,2.609554750979329,1.0,2.0,304.4961275614042,36.751250048827465,1.6763122357798128,0,LEGITIMATE,LAND_RECORD,AP-KAK-LAND-2870,Survey No. 253/3,Kakinada,Mandal 2
2.7233092384189774,0.1944729625039554,2.531590751371384,0.0,4.0,249.33450480710144,13.060034962332708,0.1,0,LEGITIMATE,CERTIFICATE,CUTM-CERT-2026-2871,Organic Farming Certification,Vizianagaram,Gantyada
1.93289037498621,0.1601493581036674,1.5933374090651269,2.0,2.0,368.0122691380535,2.439568389635376,1.3579107570491766,0,LEGITIMATE,SUPPLY_CHAIN,AP-AGRI-300-BATCH-1872,Teja Red Chilli,Vizianagaram,Cheepurupalli
7.366691839215525,0.8267734571729701,4.0847671023104954,3.0,5.0,2.284130405690993,409.6615585724793,80.76194539109522,1,SUSPICIOUS,LAND_RECORD,AP-VIS-LAND-2873,Survey No. 276/4,Visakhapatnam,Bheemunipatnam
3.397143014093243,0.05407062990838157,1.2584837665023092,0.0,1.0,100.00992662987014,18.787514590269744,1.9265457785373281,0,LEGITIMATE,CERTIFICATE,CUTM-CERT-2026-2874,Skill Competency Credential,Vizianagaram,Gantyada
1.545717546701836,0.20062946588458302,1.541819582349175,0.0,2.0,97.78756083553218,17.366112369197023,1.34761579255525,0,LEGITIMATE,LAND_RECORD,AP-EAS-LAND-2875,Survey No. 37/4,East Godavari,Mandal 1
2.8750291943971944,0.1713388934381313,5.0,0.0,4.0,145.92373094965538,1.9091297661768682,0.7388923668786074,0,LEGITIMATE,LAND_RECORD,AP-VIZ-LAND-2876,Survey No. 89/2,Vizianagaram,Bhogapuram
5.7130235707446895,0.7841024970086665,10.245698181185702,3.0,4.0,0.6391527421485944,375.6816558504315,140.31413843573154,1,SUSPICIOUS,LAND_RECORD,AP-KAK-LAND-2877,Survey No. 296/3,Kakinada,Mandal 1
1.5905147072803205,0.11774698584559609,4.605535826477511,2.0,4.0,297.4096239410035,18.633491225082,0.1,0,LEGITIMATE,LAND_RECORD,AP-KAK-LAND-2878,Survey No. 165/1,Kakinada,Mandal 1
2.6584050689542646,0.20404853065315826,1.1201635150327902,0.0,2.0,10.923487392059588,19.540161867149937,1.0692601206678407,0,LEGITIMATE,SUPPLY_CHAIN,AP-AGRI-501-BATCH-1879,Cashew Raw Nut,East Godavari,Mandal 2
5.837683298143721,0.7130839970766302,8.917826738968783,3.0,4.0,11.232045615957036,275.56247396997287,35.82775002512922,1,SUSPICIOUS,LAND_RECORD,AP-VIZ-LAND-2880,Survey No. 347/1,Vizianagaram,Cheepurupalli
8.11245824272123,0.6726054554291754,9.02416844304845,6.0,9.0,8.903038719918287,265.1848645637158,86.65950478073513,1,SUSPICIOUS,LAND_RECORD,AP-ANA-LAND-2881,Survey No. 271/3,Anakapalli,Mandal 1
1.3662338461099706,0.1509373134175492,1.0291751910972564,0.0,1.0,52.92890119836247,17.96209425454288,1.3865175970683612,0,LEGITIMATE,LAND_RECORD,AP-SRI-LAND-2882,Survey No. 322/1,Srikakulam,Ranastalam
8.209273787481774,0.5471738871933198,3.158786459382828,4.0,4.0,1.5693577548446072,279.0837340766615,76.20017845279779,1,SUSPICIOUS,CERTIFICATE,CUTM-CERT-2026-2883,Skill Competency Credential,Vizianagaram,Bhogapuram
2.8178351270202207,0.02064324798680431,2.16693251033769,0.0,2.0,122.60687368082856,7.7004066375857185,1.5762973714615924,0,LEGITIMATE,SUPPLY_CHAIN,AP-AGRI-192-BATCH-1884,Cashew Raw Nut,Visakhapatnam,Anandapuram
2.7593786920298924,0.10312654316387321,1.529056734293271,1.0,1.0,87.0473629394145,0.5,1.7580972179460732,0,LEGITIMATE,LAND_RECORD,AP-KAK-LAND-2885,Survey No. 296/1,Kakinada,Mandal 1
1.5458623074044497,0.01,3.623266284454012,0.0,1.0,267.267881612329,10.47935642699957,0.7544335118613024,0,LEGITIMATE,SUPPLY_CHAIN,AP-AGRI-972-BATCH-1886,Mesta Jute,Srikakulam,Ranastalam
1.9535677509546994,0.2637685079938845,5.0,0.0,1.0,186.6748942924988,8.168136890696074,0.1,0,LEGITIMATE,LAND_RECORD,AP-ANA-LAND-2887,Survey No. 418/3,Anakapalli,Mandal 1
0.36487952927828426,0.1995284014771882,2.3049702258952123,0.0,4.0,109.12629004651393,35.985512939535276,0.8468220933977737,0,LEGITIMATE,CERTIFICATE,CUTM-CERT-2026-2888,Land Title Deed (Pattadar),Vizianagaram,Gantyada
9.584311463916023,0.7446045669521224,4.404319951320522,3.0,9.0,4.229140931079601,320.1774361976775,96.27770076547893,1,SUSPICIOUS,LAND_RECORD,AP-SRI-LAND-2889,Survey No. 255/3,Srikakulam,Ponduru
9.919748817820388,0.874840206526182,4.166258088443741,8.0,8.0,0.22771444566659083,260.50569634340025,67.21767036360976,1,SUSPICIOUS,LAND_RECORD,AP-SRI-LAND-2890,Survey No. 318/3,Srikakulam,Ponduru
1.400339436934744,0.242715966590152,2.0360694765069427,0.0,1.0,202.78456267579907,31.700528263958148,1.7897260466857698,0,LEGITIMATE,LAND_RECORD,AP-ANA-LAND-2891,Survey No. 343/1,Anakapalli,Mandal 2
1.0990959970704193,0.2512127956390662,1.6375950298759558,0.0,1.0,214.80484020836184,13.584016959101296,0.44207347020885934,0,LEGITIMATE,LAND_RECORD,AP-ANA-LAND-2892,Survey No. 171/2,Anakapalli,Mandal 1
12.362635095026008,0.8761266601240569,15.0,3.0,7.0,6.115670191697892,334.33408582490875,67.6996108409726,1,SUSPICIOUS,LAND_RECORD,AP-VIS-LAND-2893,Survey No. 202/2,Visakhapatnam,Padmanabham
0.4064316034132016,0.13278806673830967,1.6189082059181965,1.0,1.0,52.25573060455428,15.439795860873156,0.8847053521606609,0,LEGITIMATE,SUPPLY_CHAIN,AP-AGRI-208-BATCH-1894,Teja Red Chilli,East Godavari,Mandal 1
6.859231618011704,0.6124057050132613,15.0,8.0,8.0,4.216020300988512,171.29225487618197,62.87464061761585,1,SUSPICIOUS,LAND_RECORD,AP-VIS-LAND-2895,Survey No. 302/2,Visakhapatnam,Pendurthi
2.325608292111882,0.14441609713902898,3.509992857569866,0.0,1.0,282.41150530755635,10.430585854729022,0.5609790251495828,0,LEGITIMATE,LAND_RECORD,AP-ANA-LAND-2896,Survey No. 413/2,Anakapalli,Mandal 2
1.8380475097732676,0.20035232048817603,4.827664349777401,1.0,3.0,65.34483089538223,5.790342693503803,2.5169269990211545,0,LEGITIMATE,SUPPLY_CHAIN,AP-AGRI-889-BATCH-1897,Cashew Raw Nut,Vizianagaram,Vizianagaram Rural
1.581777568424287,0.021345135103076673,2.3103254326999836,1.0,1.0,509.5361957200685,9.242877524048222,1.6774774608956633,0,LEGITIMATE,SUPPLY_CHAIN,AP-AGRI-797-BATCH-1898,Cashew Raw Nut,Kakinada,Mandal 2
1.5850417471657963,0.055403954223485,0.8175797158161976,0.0,4.0,85.85428906879662,44.93192806724621,0.7039540879039543,0,LEGITIMATE,CERTIFICATE,CUTM-CERT-2026-2899,Skill Competency Credential,Srikakulam,Etcherla
1.3420974919525426,0.2783383283748011,1.167222192553122,0.0,1.0,21.51065903662587,8.595083177207457,1.4576025788308256,0,LEGITIMATE,LAND_RECORD,AP-KAK-LAND-2900,Survey No. 74/4,Kakinada,Mandal 1
1.1244182664373397,0.2024494448937106,3.186307759802004,0.0,3.0,10.95246464395127,7.0884076082652765,1.7707702087801667,0,LEGITIMATE,CERTIFICATE,CUTM-CERT-2026-2901,B.Tech Degree Certificate,Anakapalli,Mandal 1
1.3347617999558083,0.13486034427452867,2.4442390221221473,0.0,1.0,141.2040749005042,6.940813362185471,1.5800605899749514,0,LEGITIMATE,SUPPLY_CHAIN,AP-AGRI-348-BATCH-1902,Teja Red Chilli,Visakhapatnam,Bheemunipatnam
1.7074399404281795,0.2717360362189567,2.2354055222922584,0.0,1.0,10.0,5.369298292199591,3.18581620358593,0,LEGITIMATE,SUPPLY_CHAIN,AP-AGRI-358-BATCH-1903,Teja Red Chilli,East Godavari,Mandal 1
1.464627780361614,0.10087321797245054,2.203663207791411,0.0,2.0,48.618017653189725,11.86366297276239,0.5797938721940027,0,LEGITIMATE,LAND_RECORD,AP-SRI-LAND-2904,Survey No. 338/2,Srikakulam,Etcherla
3.085358087811014,0.104662957975188,5.0,2.0,1.0,218.05345957304672,21.771200410941063,1.4250674966255266,0,LEGITIMATE,LAND_RECORD,AP-EAS-LAND-2905,Survey No. 358/4,East Godavari,Mandal 2
2.018016984012408,0.10307874792640284,4.436723550148173,0.0,2.0,116.2120256486622,39.61245434028554,2.0576197412808863,0,LEGITIMATE,LAND_RECORD,AP-ANA-LAND-2906,Survey No. 10/1,Anakapalli,Mandal 2
2.805411229594304,0.14939461626950795,3.0238235443704,1.0,2.0,141.3641357341128,5.589612883757586,1.5722327483592795,0,LEGITIMATE,SUPPLY_CHAIN,AP-AGRI-327-BATCH-1907,Cashew Raw Nut,Vizianagaram,Cheepurupalli
0.9905566378142671,0.1510684473234938,1.9585024938621716,0.0,1.0,134.10275108131097,24.282169706596207,2.9357770862682075,0,LEGITIMATE,SUPPLY_CHAIN,AP-AGRI-425-BATCH-1908,Teja Red Chilli,Srikakulam,Ponduru
0.3989179788929249,0.19643167718868826,0.8812632341154277,1.0,1.0,162.59969135224262,0.6710451430539512,2.0771953726068966,0,LEGITIMATE,LAND_RECORD,AP-ANA-LAND-2909,Survey No. 191/2,Anakapalli,Mandal 1
0.8715250975823053,0.19078565662208943,1.5177854769868253,0.0,1.0,10.0,13.918819233186701,0.3563112390689853,0,LEGITIMATE,LAND_RECORD,AP-KAK-LAND-2910,Survey No. 32/4,Kakinada,Mandal 1
1.1497075830085945,0.09642548575422374,0.8405888819332845,0.0,2.0,193.8343354953726,5.824210928451561,1.4984520670497852,0,LEGITIMATE,CERTIFICATE,CUTM-CERT-2026-2911,Organic Farming Certification,East Godavari,Mandal 1
1.445378112820158,0.1551954470040594,2.7445038289575283,0.0,1.0,443.14863550784384,12.118322107408655,1.8359415901800111,0,LEGITIMATE,LAND_RECORD,AP-VIZ-LAND-2912,Survey No. 15/2,Vizianagaram,Gantyada
1.4153131652089421,0.09031068136458191,0.923158408238192,0.0,3.0,95.49477734491897,33.335034463570736,0.9822057634333996,0,LEGITIMATE,SUPPLY_CHAIN,AP-AGRI-855-BATCH-1913,Teja Red Chilli,Anakapalli,Mandal 2
2.185834210091186,0.21978789439694146,2.1975714564788786,0.0,2.0,10.0,24.766982672037308,0.6559649374600877,0,LEGITIMATE,CERTIFICATE,CUTM-CERT-2026-2914,Organic Farming Certification,Anakapalli,Mandal 1
9.202443017076071,0.7933314575038632,13.241851416771892,7.0,5.0,3.576691672251579,139.72351956856596,126.582232866489,1,SUSPICIOUS,LAND_RECORD,AP-VIZ-LAND-2915,Survey No. 444/1,Vizianagaram,Cheepurupalli
2.005053676448104,0.2088586688224131,1.8950251451845623,0.0,2.0,203.8197813899579,10.994235407663353,2.1560806029455692,0,LEGITIMATE,SUPPLY_CHAIN,AP-AGRI-723-BATCH-1916,Teja Red Chilli,Anakapalli,Mandal 2
3.0100883510839145,0.01,3.4096727925740145,1.0,3.0,104.15479113681866,16.494558478560357,1.2586232581291616,0,LEGITIMATE,SUPPLY_CHAIN,AP-AGRI-836-BATCH-1917,Banganapalle Mango,Visakhapatnam,Padmanabham
2.967521327783664,0.14702005979582983,2.71706323131652,0.0,1.0,308.2412340059714,55.28784983110929,1.1776423889609438,0,LEGITIMATE,LAND_RECORD,AP-ANA-LAND-2918,Survey No. 216/4,Anakapalli,Mandal 2
1.7010231484993386,0.026059425892460505,1.0853258786073494,0.0,1.0,115.04630775263834,20.6062143092062,0.1,0,LEGITIMATE,LAND_RECORD,AP-KAK-LAND-2919,Survey No. 173/2,Kakinada,Mandal 1
1.486005054380152,0.04704740475709003,2.6529038645520076,0.0,3.0,516.5325368661646,11.292067111340016,0.1,0,LEGITIMATE,CERTIFICATE,CUTM-CERT-2026-2920,Land Title Deed (Pattadar),Srikakulam,Laveru
5.958561245012685,0.8454397337147515,11.049284100924995,3.0,8.0,1.6367656928798155,271.66362541048903,83.19605856491577,1,SUSPICIOUS,LAND_RECORD,AP-SRI-LAND-2921,Survey No. 300/4,Srikakulam,Laveru
2.183689865749537,0.145078745631629,2.8583149203199087,0.0,5.0,110.016893662597,13.805218172404672,0.9112039425877787,0,LEGITIMATE,LAND_RECORD,AP-KAK-LAND-2922,Survey No. 87/2,Kakinada,Mandal 2
1.9262547601184787,0.10869619225107931,1.3703839668815283,0.0,1.0,492.350162540335,13.511640718161043,0.7485780304718849,0,LEGITIMATE,LAND_RECORD,AP-VIS-LAND-2923,Survey No. 426/3,Visakhapatnam,Anandapuram
0.12401778656967011,0.07779947948453667,2.3026266238776127,0.0,3.0,65.30357244871591,1.3178828123492357,1.9171908989391073,0,LEGITIMATE,SUPPLY_CHAIN,AP-AGRI-740-BATCH-1924,Cashew Raw Nut,East Godavari,Mandal 1
1.3141030071980342,0.07663608428313913,3.7052603645094027,0.0,1.0,50.61482832415081,1.5753473977620707,0.9841624491160997,0,LEGITIMATE,LAND_RECORD,AP-KAK-LAND-2925,Survey No. 238/2,Kakinada,Mandal 1
1.1287821794197008,0.10772590951075794,3.5687233766816893,0.0,2.0,83.42849665056639,7.8577780360218545,1.6979160253628294,0,LEGITIMATE,LAND_RECORD,AP-KAK-LAND-2926,Survey No. 300/2,Kakinada,Mandal 1
9.589381108960195,0.6220729631248879,14.816860199551535,5.0,10.0,4.731011379354777,205.55775009823333,99.95049605463183,1,SUSPICIOUS,LAND_RECORD,AP-KAK-LAND-2927,Survey No. 90/3,Kakinada,Mandal 1
1.5839288611175113,0.16384057117217807,3.045749305823529,1.0,2.0,67.49837269555029,4.033982150586789,1.5294714191247365,0,LEGITIMATE,LAND_RECORD,AP-SRI-LAND-2928,Survey No. 420/4,Srikakulam,Ranastalam
1.3905881055468996,0.01,3.9708672681031167,0.0,2.0,69.07576018948863,25.760727133636532,1.0222355798632907,0,LEGITIMATE,SUPPLY_CHAIN,AP-AGRI-699-BATCH-1929,Teja Red Chilli,Vizianagaram,Bhogapuram
2.0501235958974386,0.09414228322139419,1.990438843851656,1.0,2.0,162.79509420102988,60.0,2.2873423064415315,0,LEGITIMATE,CERTIFICATE,CUTM-CERT-2026-2930,Land Title Deed (Pattadar),Visakhapatnam,Pendurthi
9.501359540392372,0.6611548780604826,2.500647642584959,4.0,8.0,4.635844457830455,326.5798438429671,57.64230093228873,1,SUSPICIOUS,LAND_RECORD,AP-EAS-LAND-2931,Survey No. 393/1,East Godavari,Mandal 2
1.656193709492659,0.01,5.0,1.0,2.0,46.8505761328366,17.86317563765246,1.1891526617166173,0,LEGITIMATE,SUPPLY_CHAIN,AP-AGRI-372-BATCH-1932,Banganapalle Mango,Visakhapatnam,Padmanabham
2.7992396985791532,0.02024598985358325,2.4919212642535418,1.0,3.0,288.56091249268053,18.629248592168274,1.4827994307566277,0,LEGITIMATE,SUPPLY_CHAIN,AP-AGRI-583-BATCH-1933,Cashew Raw Nut,Kakinada,Mandal 2
2.041251658365237,0.15111185674660088,1.9698268406490718,0.0,2.0,317.69038136176965,5.521150609755616,0.8997386997137984,0,LEGITIMATE,SUPPLY_CHAIN,AP-AGRI-709-BATCH-1934,Teja Red Chilli,Anakapalli,Mandal 1
1.6710769774393448,0.15073385985457033,3.742024611084459,0.0,2.0,40.6107648428839,3.399822748164502,0.1,0,LEGITIMATE,SUPPLY_CHAIN,AP-AGRI-251-BATCH-1935,Teja Red Chilli,Vizianagaram,Gantyada
2.0197357480202873,0.10827690841708933,1.2124775598835702,0.0,1.0,119.35635262267056,9.867990064288755,0.6198869129246845,0,LEGITIMATE,LAND_RECORD,AP-ANA-LAND-2936,Survey No. 285/3,Anakapalli,Mandal 2
8.752583306310635,0.8773783944472441,8.815120062782844,4.0,6.0,3.221341473873398,223.89522645769097,90.03034106424926,1,SUSPICIOUS,SUPPLY_CHAIN,AP-AGRI-723-BATCH-1937,Teja Red Chilli,Kakinada,Mandal 1
2.4816733502021164,0.189039309664367,1.5134905701228136,1.0,4.0,295.985350641017,5.617820828154334,0.14642328281588912,0,LEGITIMATE,SUPPLY_CHAIN,AP-AGRI-162-BATCH-1938,Banganapalle Mango,Visakhapatnam,Padmanabham
2.4411512115957192,0.22111865443237183,1.3160937255414837,0.0,2.0,10.0,10.485896997477083,1.5252552952816112,0,LEGITIMATE,SUPPLY_CHAIN,AP-AGRI-433-BATCH-1939,Mesta Jute,Srikakulam,Ponduru
0.94287167779565,0.16597080143292114,2.463550166473595,0.0,2.0,88.62726894801445,5.788975750568055,0.9759885010234949,0,LEGITIMATE,LAND_RECORD,AP-KAK-LAND-2940,Survey No. 305/1,Kakinada,Mandal 2
1.2353807669848393,0.18968965664710286,2.4241420696804847,0.0,3.0,99.67551939812196,7.173683891168375,2.6856835352505954,0,LEGITIMATE,LAND_RECORD,AP-EAS-LAND-2941,Survey No. 231/3,East Godavari,Mandal 1
1.3600606889042473,0.06855059107850514,2.13419332006837,0.0,3.0,65.20923728864832,8.142095576857518,1.6073836306529772,0,LEGITIMATE,LAND_RECORD,AP-VIS-LAND-2942,Survey No. 231/1,Visakhapatnam,Padmanabham
1.0629710425072356,0.23981426036509906,1.9816645131464512,1.0,3.0,89.08455325408784,12.433300517941742,3.1985689617906408,0,LEGITIMATE,LAND_RECORD,AP-VIS-LAND-2943,Survey No. 36/2,Visakhapatnam,Pendurthi
2.026808766932986,0.24082197853225507,1.227173836758385,0.0,1.0,194.493524089545,1.7062551682125369,2.7616526960376877,0,LEGITIMATE,LAND_RECORD,AP-SRI-LAND-2944,Survey No. 191/4,Srikakulam,Ranastalam
1.5774654159600763,0.09523551806561595,1.555926639990943,0.0,3.0,295.9101424264831,3.045193847278798,1.3245274414567527,0,LEGITIMATE,LAND_RECORD,AP-VIZ-LAND-2945,Survey No. 327/4,Vizianagaram,Cheepurupalli
2.5201466438218567,0.01,2.947127313579665,0.0,3.0,171.22512972467024,22.368070911878142,1.255511707690827,0,LEGITIMATE,LAND_RECORD,AP-ANA-LAND-2946,Survey No. 42/3,Anakapalli,Mandal 2
1.6918293625518386,0.3038356955253262,1.364488400179681,1.0,1.0,27.407238499740483,2.671860577516255,1.5009804410488377,0,LEGITIMATE,LAND_RECORD,AP-KAK-LAND-2947,Survey No. 46/3,Kakinada,Mandal 2
2.403400035288494,0.16364065488157195,4.9688109962269476,0.0,3.0,172.26751933474176,34.15202061537276,1.0417090370082667,0,LEGITIMATE,CERTIFICATE,CUTM-CERT-2026-2948,Land Title Deed (Pattadar),Anakapalli,Mandal 1
1.1683038336452412,0.12181879720401845,1.6063470937391855,0.0,3.0,10.0,17.425661530580605,0.29387698738772405,0,LEGITIMATE,SUPPLY_CHAIN,AP-AGRI-713-BATCH-1949,Cashew Raw Nut,Srikakulam,Ranastalam
2.0719319405960785,0.10028304259377806,1.9418069870178576,0.0,2.0,344.73971246455244,10.342618783127499,1.9996440582468273,0,LEGITIMATE,LAND_RECORD,AP-ANA-LAND-2950,Survey No. 433/1,Anakapalli,Mandal 1
2.518085790019667,0.10615416534041416,0.8021742500519339,1.0,4.0,268.6222778444939,6.3821909395547705,2.090906488930706,0,LEGITIMATE,SUPPLY_CHAIN,AP-AGRI-380-BATCH-1951,Mesta Jute,Srikakulam,Ranastalam
1.9947006085182388,0.13059047620797806,1.3146999549370113,1.0,1.0,18.465513547060326,37.895301863530506,0.1,0,LEGITIMATE,LAND_RECORD,AP-EAS-LAND-2952,Survey No. 235/2,East Godavari,Mandal 1
2.5314109687180992,0.13943190297494998,2.178959865807067,1.0,3.0,83.06971413390622,40.21654710902648,1.149735406302951,0,LEGITIMATE,LAND_RECORD,AP-VIZ-LAND-2953,Survey No. 129/2,Vizianagaram,Gantyada
1.615848602880553,0.22845386354619407,2.5729848971641203,1.0,2.0,46.93994863105831,10.432831154165582,0.7989226607992306,0,LEGITIMATE,SUPPLY_CHAIN,AP-AGRI-438-BATCH-1954,Teja Red Chilli,Srikakulam,Laveru
2.250328756282331,0.025918447012155607,1.7971871700531257,0.0,4.0,116.67868928282336,60.0,0.6872596723898893,0,LEGITIMATE,LAND_RECORD,AP-SRI-LAND-2955,Survey No. 449/3,Srikakulam,Ponduru
2.41557858240398,0.10352318491748133,0.7426043546028699,0.0,4.0,44.83651410059813,1.2553688649465564,1.9174691838847062,0,LEGITIMATE,SUPPLY_CHAIN,AP-AGRI-834-BATCH-1956,Cashew Raw Nut,Vizianagaram,Cheepurupalli
0.6690391624755254,0.2395517729598704,1.4739512948343538,0.0,3.0,149.46324300904973,25.149618163885375,0.9999299234843914,0,LEGITIMATE,LAND_RECORD,AP-SRI-LAND-2957,Survey No. 280/4,Srikakulam,Laveru
1.0773220863116069,0.16606802378207441,2.0258724539739834,1.0,3.0,394.92038014629577,7.513897866456599,2.550643860258777,0,LEGITIMATE,LAND_RECORD,AP-ANA-LAND-2958,Survey No. 435/4,Anakapalli,Mandal 2
1.3715322406581345,0.15261561802026166,4.9666307434611845,2.0,4.0,61.67809329609132,7.145491076197452,0.8183449083408714,0,LEGITIMATE,LAND_RECORD,AP-VIS-LAND-2959,Survey No. 373/2,Visakhapatnam,Pendurthi
2.4301291948139743,0.18820885838054163,1.9743998276603705,0.0,4.0,47.67392693461848,14.493206965506541,1.099840446307521,0,LEGITIMATE,LAND_RECORD,AP-VIZ-LAND-2960,Survey No. 247/2,Vizianagaram,Cheepurupalli
1.81529650186641,0.22461110743928958,2.159666639287976,1.0,1.0,81.46454427819192,24.861167735379748,0.1,0,LEGITIMATE,SUPPLY_CHAIN,AP-AGRI-842-BATCH-1961,Banganapalle Mango,Anakapalli,Mandal 1
1.476353745134803,0.21737015673101062,0.8624374973241425,0.0,4.0,29.452634652784486,4.182947515800952,1.5258321438721432,0,LEGITIMATE,LAND_RECORD,AP-VIS-LAND-2962,Survey No. 302/1,Visakhapatnam,Padmanabham
2.077923310010844,0.21589767416350336,2.2680943765717947,0.0,1.0,38.067078752634636,6.172287468397024,0.1,0,LEGITIMATE,LAND_RECORD,AP-ANA-LAND-2963,Survey No. 429/2,Anakapalli,Mandal 1
2.8047101096518077,0.06913048657149459,2.7037851415892225,0.0,5.0,348.0295929404383,35.735119076341284,1.5510859569649056,0,LEGITIMATE,LAND_RECORD,AP-SRI-LAND-2964,Survey No. 78/1,Srikakulam,Laveru
2.8032501546243207,0.16875448931856782,4.496537997621965,0.0,1.0,43.690704368487765,6.10691830583283,1.2391828900026582,0,LEGITIMATE,SUPPLY_CHAIN,AP-AGRI-303-BATCH-1965,Cashew Raw Nut,East Godavari,Mandal 2
1.224424987896776,0.14741303050438276,2.7817229505841303,1.0,2.0,359.63525638482645,21.563016859270874,0.3634740357618612,0,LEGITIMATE,SUPPLY_CHAIN,AP-AGRI-459-BATCH-1966,Cashew Raw Nut,East Godavari,Mandal 2
9.54047169668393,0.8420266040265573,14.59027840449396,7.0,9.0,6.639836772235297,292.70999948226165,54.01528906632416,1,SUSPICIOUS,CERTIFICATE,CUTM-CERT-2026-2967,Organic Farming Certification,East Godavari,Mandal 1
2.213634425955348,0.1898338347415503,3.490342371834232,1.0,2.0,131.6982526667597,2.801659855146708,1.8874016912608516,0,LEGITIMATE,SUPPLY_CHAIN,AP-AGRI-898-BATCH-1968,Banganapalle Mango,East Godavari,Mandal 1
5.76360191235358,0.7455356070584347,7.343840952145603,3.0,7.0,1.648137096141573,238.07282659082284,43.5045158602621,1,SUSPICIOUS,CERTIFICATE,CUTM-CERT-2026-2969,B.Tech Degree Certificate,Srikakulam,Ranastalam
2.054418036487351,0.01,3.2792495268443944,0.0,3.0,102.6039605844943,56.857393970437556,0.4112181916086495,0,LEGITIMATE,LAND_RECORD,AP-ANA-LAND-2970,Survey No. 176/4,Anakapalli,Mandal 2
2.0300634015977366,0.12342651761287957,2.1298174999801853,0.0,3.0,11.741239866794045,2.393138232201978,1.7860075000867677,0,LEGITIMATE,SUPPLY_CHAIN,AP-AGRI-671-BATCH-1971,Teja Red Chilli,Visakhapatnam,Pendurthi
1.9282641060553343,0.06491522164522259,1.3339922250125922,2.0,3.0,25.800096750910125,0.5,1.9044413867172243,0,LEGITIMATE,LAND_RECORD,AP-VIZ-LAND-2972,Survey No. 10/3,Vizianagaram,Cheepurupalli
4.0,0.8581064595005081,15.0,3.0,11.0,3.9888731292608557,264.87840263317867,140.11454458966134,1,SUSPICIOUS,LAND_RECORD,AP-KAK-LAND-2973,Survey No. 25/1,Kakinada,Mandal 1
1.249403957427082,0.12560214250295199,4.665646999499827,0.0,3.0,10.0,35.440669510596834,3.306876464431488,0,LEGITIMATE,SUPPLY_CHAIN,AP-AGRI-969-BATCH-1974,Banganapalle Mango,Vizianagaram,Vizianagaram Rural
1.6292727228758637,0.016851488533583925,1.5650535352159192,1.0,3.0,207.36110478436993,17.56555210608825,1.1916609627374166,0,LEGITIMATE,CERTIFICATE,CUTM-CERT-2026-2975,Land Title Deed (Pattadar),Kakinada,Mandal 1
1.8079982388924616,0.12262776874143622,1.7865175879025739,1.0,1.0,33.95729398707938,0.9604476571839453,2.011863596474411,0,LEGITIMATE,SUPPLY_CHAIN,AP-AGRI-804-BATCH-1976,Banganapalle Mango,Srikakulam,Laveru
8.023921165922447,0.8100691194526611,9.655352321148051,5.0,11.0,1.3800209132060945,301.7248984085784,101.87651320424999,1,SUSPICIOUS,LAND_RECORD,AP-VIZ-LAND-2977,Survey No. 363/3,Vizianagaram,Gantyada
1.5996258865110158,0.07006840869351902,0.6908213286797243,0.0,4.0,23.440877304384557,6.376521643170556,2.9387890695147,0,LEGITIMATE,SUPPLY_CHAIN,AP-AGRI-236-BATCH-1978,Banganapalle Mango,East Godavari,Mandal 2
2.110668896568173,0.18631965051575672,1.147756188471617,0.0,2.0,10.0,17.26436968287529,1.0546796306006132,0,LEGITIMATE,LAND_RECORD,AP-VIZ-LAND-2979,Survey No. 220/1,Vizianagaram,Vizianagaram Rural
2.6034688625134943,0.14278460692980893,2.8147224779774875,1.0,2.0,54.77563741209846,9.807140496896686,2.0552316733031564,0,LEGITIMATE,SUPPLY_CHAIN,AP-AGRI-762-BATCH-1980,Teja Red Chilli,East Godavari,Mandal 1
2.1396127787820163,0.11301282355829703,2.6884943427283248,2.0,1.0,122.49025914272086,3.9198226693619658,2.7305118977084835,0,LEGITIMATE,LAND_RECORD,AP-VIZ-LAND-2981,Survey No. 306/4,Vizianagaram,Bhogapuram
2.420475771697567,0.1429674810104628,3.8996705511068326,0.0,2.0,353.7494718077828,10.79105802500311,1.5621553862994821,0,LEGITIMATE,LAND_RECORD,AP-KAK-LAND-2982,Survey No. 129/4,Kakinada,Mandal 1
3.2991533206093226,0.14273032562992297,0.9974752031725833,0.0,3.0,413.0349200129295,19.41328653518171,1.4651409430933617,0,LEGITIMATE,LAND_RECORD,AP-ANA-LAND-2983,Survey No. 227/4,Anakapalli,Mandal 1
3.4708662597017454,0.14552436543637853,1.3175661102505056,0.0,3.0,14.422117114155713,13.723652640984469,1.0468075753166326,0,LEGITIMATE,CERTIFICATE,CUTM-CERT-2026-2984,Organic Farming Certification,Visakhapatnam,Anandapuram
2.046839042742021,0.14393828188321403,1.0889902391923885,0.0,1.0,13.143977297970997,5.827167521775854,2.652923529096758,0,LEGITIMATE,LAND_RECORD,AP-KAK-LAND-2985,Survey No. 136/4,Kakinada,Mandal 1
1.7415858517413845,0.06000565159182762,1.5417623214118192,0.0,1.0,101.30310295599625,13.40450529640797,1.8196800922652998,0,LEGITIMATE,LAND_RECORD,AP-VIS-LAND-2986,Survey No. 228/1,Visakhapatnam,Padmanabham
0.6188658962293792,0.01,4.574083263116488,0.0,1.0,715.905499470234,0.8505963683995443,2.8166733704316487,0,LEGITIMATE,LAND_RECORD,AP-SRI-LAND-2987,Survey No. 362/1,Srikakulam,Laveru
1.7176724012024154,0.1202865811134345,5.0,0.0,2.0,395.6546130324105,3.791960940865004,0.4550528392815576,0,LEGITIMATE,LAND_RECORD,AP-EAS-LAND-2988,Survey No. 295/2,East Godavari,Mandal 1
0.7799909261010336,0.09749032851615128,5.0,1.0,2.0,262.5534226822685,16.802141502670338,2.1549787991816816,0,LEGITIMATE,LAND_RECORD,AP-VIS-LAND-2989,Survey No. 318/4,Visakhapatnam,Pendurthi
4.0,0.6986994822407575,2.589995929095609,3.0,10.0,0.7678308955328795,309.44444792237323,114.32284187082472,1,SUSPICIOUS,SUPPLY_CHAIN,AP-AGRI-143-BATCH-1990,Mesta Jute,Vizianagaram,Gantyada
2.71841768355394,0.24666102603844003,2.1691352174682614,0.0,2.0,87.59210500693715,4.141634744236687,0.8604664458422582,0,LEGITIMATE,LAND_RECORD,AP-SRI-LAND-2991,Survey No. 111/3,Srikakulam,Ponduru
1.3927950555584274,0.03758685114584316,2.1410161786910997,0.0,2.0,210.13876547034943,11.189253431495246,0.3690376362046528,0,LEGITIMATE,LAND_RECORD,AP-EAS-LAND-2992,Survey No. 205/2,East Godavari,Mandal 1
2.875875957742351,0.23224428523193463,0.6185552928584924,1.0,1.0,300.66845895502956,39.13167424290979,1.4773206934711056,0,LEGITIMATE,LAND_RECORD,AP-VIZ-LAND-2993,Survey No. 121/2,Vizianagaram,Bhogapuram
1.8713481211608602,0.01,1.336251564193347,0.0,1.0,76.86421818717916,13.069100754831911,1.0371810957942846,0,LEGITIMATE,LAND_RECORD,AP-VIS-LAND-2994,Survey No. 185/3,Visakhapatnam,Padmanabham
3.202456587280939,0.16775862221410168,2.0187889686787295,0.0,2.0,184.42704610284184,28.44161053600359,2.1105784480421015,0,LEGITIMATE,SUPPLY_CHAIN,AP-AGRI-574-BATCH-1995,Mesta Jute,Srikakulam,Laveru
1.627966949990969,0.2064775797359053,2.2951660023945863,0.0,1.0,98.48568904125283,38.38285710143411,1.408480242444129,0,LEGITIMATE,LAND_RECORD,AP-KAK-LAND-2996,Survey No. 241/3,Kakinada,Mandal 2
13.219402213042425,0.8582945805620128,7.983243264537734,4.0,4.0,6.824147171885132,317.8892104688749,106.4912075845836,1,SUSPICIOUS,SUPPLY_CHAIN,AP-AGRI-740-BATCH-1997,Banganapalle Mango,Kakinada,Mandal 2
0.702448708498651,0.27927859393296384,2.206225311816802,0.0,4.0,59.87034148350309,15.337906467032624,0.6626829863265021,0,LEGITIMATE,LAND_RECORD,AP-VIS-LAND-2998,Survey No. 263/2,Visakhapatnam,Anandapuram
2.3340485376358555,0.3048304946823288,1.8983522690473145,0.0,1.0,276.0987818198914,6.484732859988233,1.7068296600516657,0,LEGITIMATE,LAND_RECORD,AP-KAK-LAND-2999,Survey No. 249/3,Kakinada,Mandal 1
